-- MySQL dump 10.13  Distrib 5.7.17, for Win64 (x86_64)
--
-- Host: localhost    Database: netcufar_database
-- ------------------------------------------------------
-- Server version	5.7.20-log

/*!40101 SET @OLD_CHARACTER_SET_CLIENT=@@CHARACTER_SET_CLIENT */;
/*!40101 SET @OLD_CHARACTER_SET_RESULTS=@@CHARACTER_SET_RESULTS */;
/*!40101 SET @OLD_COLLATION_CONNECTION=@@COLLATION_CONNECTION */;
/*!40101 SET NAMES utf8 */;
/*!40103 SET @OLD_TIME_ZONE=@@TIME_ZONE */;
/*!40103 SET TIME_ZONE='+00:00' */;
/*!40014 SET @OLD_UNIQUE_CHECKS=@@UNIQUE_CHECKS, UNIQUE_CHECKS=0 */;
/*!40014 SET @OLD_FOREIGN_KEY_CHECKS=@@FOREIGN_KEY_CHECKS, FOREIGN_KEY_CHECKS=0 */;
/*!40101 SET @OLD_SQL_MODE=@@SQL_MODE, SQL_MODE='NO_AUTO_VALUE_ON_ZERO' */;
/*!40111 SET @OLD_SQL_NOTES=@@SQL_NOTES, SQL_NOTES=0 */;

--
-- Table structure for table `attributes`
--

DROP TABLE IF EXISTS `attributes`;
/*!40101 SET @saved_cs_client     = @@character_set_client */;
/*!40101 SET character_set_client = utf8 */;
CREATE TABLE `attributes` (
  `attr_id` varchar(36) NOT NULL,
  `Value` varchar(45) NOT NULL,
  `Object_type_id` varchar(36) NOT NULL,
  PRIMARY KEY (`attr_id`,`Object_type_id`),
  KEY `fk_Attributes_Object_type1_idx` (`Object_type_id`),
  CONSTRAINT `fk_Attributes_Object_type1` FOREIGN KEY (`Object_type_id`) REFERENCES `object_type` (`Object_type_id`) ON DELETE NO ACTION ON UPDATE NO ACTION
) ENGINE=InnoDB DEFAULT CHARSET=utf8;
/*!40101 SET character_set_client = @saved_cs_client */;

--
-- Dumping data for table `attributes`
--

LOCK TABLES `attributes` WRITE;
/*!40000 ALTER TABLE `attributes` DISABLE KEYS */;
INSERT INTO `attributes` VALUES ('02b0d542-d467-11e7-bdec-94de807a9669','PRODUCT_LAST_EDIT_DATE_TIME','6cf4ece3-cbca-11e7-97a3-94de807a9669'),('03de98c9-d466-11e7-bdec-94de807a9669','RATING','6bba16df-cbce-11e7-97a3-94de807a9669'),('04f96ae8-d467-11e7-bdec-94de807a9669','PHOTO','6cf4ece3-cbca-11e7-97a3-94de807a9669'),('2c29c2e5-d466-11e7-bdec-94de807a9669','COMMENT_DATE_TIME','6bc34fa0-cbce-11e7-97a3-94de807a9669'),('4c360ca4-d466-11e7-bdec-94de807a9669','STATUS','6cf4ece3-cbca-11e7-97a3-94de807a9669'),('526b1cd0-d466-11e7-bdec-94de807a9669','TITLE','6cf4ece3-cbca-11e7-97a3-94de807a9669'),('7193182c-d466-11e7-bdec-94de807a9669','DESCRIPTION','6cf4ece3-cbca-11e7-97a3-94de807a9669'),('77453fa6-cc68-11e7-b012-94de807a9669','SUPERCATEGORY','dfc2525c-cc62-11e7-b012-94de807a9669'),('861212ce-cc68-11e7-b012-94de807a9669','NAME','dfc2525c-cc62-11e7-b012-94de807a9669'),('981076e8-d465-11e7-bdec-94de807a9669','ACC_DATE_TIME','6bba16df-cbce-11e7-97a3-94de807a9669'),('cff83967-d465-11e7-bdec-94de807a9669','PHOTO','6bba16df-cbce-11e7-97a3-94de807a9669'),('e0bcd771-cc68-11e7-b012-94de807a9669','ATTRIBUTES_ID','dfc2525c-cc62-11e7-b012-94de807a9669'),('e7fed6d6-d465-11e7-bdec-94de807a9669','STATUS','6bba16df-cbce-11e7-97a3-94de807a9669'),('fcae6055-cbcf-11e7-97a3-94de807a9669','CONDITION','6cf4ece3-cbca-11e7-97a3-94de807a9669'),('fcb5c185-cbcf-11e7-97a3-94de807a9669','SEASONS','6cf4ece3-cbca-11e7-97a3-94de807a9669'),('fcbcd3df-cbcf-11e7-97a3-94de807a9669','KIND_OF_CLOTHES','6cf4ece3-cbca-11e7-97a3-94de807a9669'),('fcce6802-cbcf-11e7-97a3-94de807a9669','SIZE_','6cf4ece3-cbca-11e7-97a3-94de807a9669'),('fcd7dc6a-cbcf-11e7-97a3-94de807a9669','KIND_OF_SHOES','6cf4ece3-cbca-11e7-97a3-94de807a9669'),('fcdbbf28-cbcf-11e7-97a3-94de807a9669','TYPE_','6cf4ece3-cbca-11e7-97a3-94de807a9669'),('fce25636-cbcf-11e7-97a3-94de807a9669','FOR_WHOM','6cf4ece3-cbca-11e7-97a3-94de807a9669'),('fce58ea3-cbcf-11e7-97a3-94de807a9669','GUARANTEE_PERIOD','6cf4ece3-cbca-11e7-97a3-94de807a9669'),('fce89f0e-cbcf-11e7-97a3-94de807a9669','HEIGHT','6cf4ece3-cbca-11e7-97a3-94de807a9669'),('fcebe48e-cbcf-11e7-97a3-94de807a9669','MANUFACTURER_IMPORTER','6cf4ece3-cbca-11e7-97a3-94de807a9669'),('fceef8d5-cbcf-11e7-97a3-94de807a9669','KIND','6cf4ece3-cbca-11e7-97a3-94de807a9669'),('fcf27cb8-cbcf-11e7-97a3-94de807a9669','NUMBER_OF_ROOMS','6cf4ece3-cbca-11e7-97a3-94de807a9669'),('fcfd9280-cbcf-11e7-97a3-94de807a9669','TOTAL_AREA','6cf4ece3-cbca-11e7-97a3-94de807a9669'),('fd033b20-cbcf-11e7-97a3-94de807a9669','FLOOR','6cf4ece3-cbca-11e7-97a3-94de807a9669'),('fd076387-cbcf-11e7-97a3-94de807a9669','YEAR_OF_CONSTRUCTION','6cf4ece3-cbca-11e7-97a3-94de807a9669'),('fd0bcd2f-cbcf-11e7-97a3-94de807a9669','PRESENCE_OF_BALCONY','6cf4ece3-cbca-11e7-97a3-94de807a9669'),('fd0ed1d6-cbcf-11e7-97a3-94de807a9669','AVAILABILITY_OF_FURNITURE','6cf4ece3-cbca-11e7-97a3-94de807a9669'),('fd1231c2-cbcf-11e7-97a3-94de807a9669','TYPE_OF_LEASE','6cf4ece3-cbca-11e7-97a3-94de807a9669'),('fd155db0-cbcf-11e7-97a3-94de807a9669','ADDRESS','6cf4ece3-cbca-11e7-97a3-94de807a9669'),('fd19c17c-cbcf-11e7-97a3-94de807a9669','WALL_MATERIAL','6cf4ece3-cbca-11e7-97a3-94de807a9669'),('fd1cd34e-cbcf-11e7-97a3-94de807a9669','PRESENCE_OF_SECURITY','6cf4ece3-cbca-11e7-97a3-94de807a9669'),('fd1fffff-cbcf-11e7-97a3-94de807a9669','AREA','6cf4ece3-cbca-11e7-97a3-94de807a9669'),('fd235de6-cbcf-11e7-97a3-94de807a9669','PRODUCT_LOCATION','6cf4ece3-cbca-11e7-97a3-94de807a9669'),('fd27a0f1-cbcf-11e7-97a3-94de807a9669','MANUFACTURER','6cf4ece3-cbca-11e7-97a3-94de807a9669'),('fd2ac67b-cbcf-11e7-97a3-94de807a9669','RESOLUTION','6cf4ece3-cbca-11e7-97a3-94de807a9669'),('fd2e13d9-cbcf-11e7-97a3-94de807a9669','CPU','6cf4ece3-cbca-11e7-97a3-94de807a9669'),('fd31202e-cbcf-11e7-97a3-94de807a9669','SCREEN_RESOLUTION','6cf4ece3-cbca-11e7-97a3-94de807a9669'),('fd343389-cbcf-11e7-97a3-94de807a9669','RAM','6cf4ece3-cbca-11e7-97a3-94de807a9669'),('fd377038-cbcf-11e7-97a3-94de807a9669','BRAND','6cf4ece3-cbca-11e7-97a3-94de807a9669'),('fd3ddaa2-cbcf-11e7-97a3-94de807a9669','SCREEN_DIAGONAL','6cf4ece3-cbca-11e7-97a3-94de807a9669'),('fd411f3e-cbcf-11e7-97a3-94de807a9669','HDMI','6cf4ece3-cbca-11e7-97a3-94de807a9669'),('fd4914ee-cbcf-11e7-97a3-94de807a9669','USB','6cf4ece3-cbca-11e7-97a3-94de807a9669'),('fd4dc016-cbcf-11e7-97a3-94de807a9669','MODEL','6cf4ece3-cbca-11e7-97a3-94de807a9669'),('fd50b9f6-cbcf-11e7-97a3-94de807a9669','YEAR','6cf4ece3-cbca-11e7-97a3-94de807a9669'),('fd5400b1-cbcf-11e7-97a3-94de807a9669','MILEAGE','6cf4ece3-cbca-11e7-97a3-94de807a9669'),('fd5721bd-cbcf-11e7-97a3-94de807a9669','BODY_TYPE','6cf4ece3-cbca-11e7-97a3-94de807a9669'),('fd5a585b-cbcf-11e7-97a3-94de807a9669','ENGINE_TYPE','6cf4ece3-cbca-11e7-97a3-94de807a9669'),('fd5d644f-cbcf-11e7-97a3-94de807a9669','COLOUR','6cf4ece3-cbca-11e7-97a3-94de807a9669'),('fd610ef4-cbcf-11e7-97a3-94de807a9669','DIAMETER','6cf4ece3-cbca-11e7-97a3-94de807a9669'),('fd6518de-cbcf-11e7-97a3-94de807a9669','LENGTH','6cf4ece3-cbca-11e7-97a3-94de807a9669'),('fd6861aa-cbcf-11e7-97a3-94de807a9669','WIDTH','6cf4ece3-cbca-11e7-97a3-94de807a9669'),('fd6c28e2-cbcf-11e7-97a3-94de807a9669','WEIGHT','6cf4ece3-cbca-11e7-97a3-94de807a9669'),('fd6ff160-cbcf-11e7-97a3-94de807a9669','AMOUNT','6cf4ece3-cbca-11e7-97a3-94de807a9669'),('fd74ca4d-cbcf-11e7-97a3-94de807a9669','GUARANTEE','6cf4ece3-cbca-11e7-97a3-94de807a9669'),('fd78f273-cbcf-11e7-97a3-94de807a9669','ANIMAL_GENDER','6cf4ece3-cbca-11e7-97a3-94de807a9669'),('fd7cc7e8-cbcf-11e7-97a3-94de807a9669','AGE','6cf4ece3-cbca-11e7-97a3-94de807a9669'),('fd80811d-cbcf-11e7-97a3-94de807a9669','COST','6cf4ece3-cbca-11e7-97a3-94de807a9669'),('fd846366-cbcf-11e7-97a3-94de807a9669','OWNER','6cf4ece3-cbca-11e7-97a3-94de807a9669'),('fd87f935-cbcf-11e7-97a3-94de807a9669','CATEGORY','6cf4ece3-cbca-11e7-97a3-94de807a9669'),('fd8c09c4-cbcf-11e7-97a3-94de807a9669','SUPERCATEGORY','6cf4ece3-cbca-11e7-97a3-94de807a9669'),('fd8fc8a5-cbcf-11e7-97a3-94de807a9669','SECURITY_ID','6bba16df-cbce-11e7-97a3-94de807a9669'),('fd93b41b-cbcf-11e7-97a3-94de807a9669','FULL_NAME','6bba16df-cbce-11e7-97a3-94de807a9669'),('fd97346f-cbcf-11e7-97a3-94de807a9669','USER_GENDER','6bba16df-cbce-11e7-97a3-94de807a9669'),('fd9c98fa-cbcf-11e7-97a3-94de807a9669','TELEPHONE','6bba16df-cbce-11e7-97a3-94de807a9669'),('fda0bbe9-cbcf-11e7-97a3-94de807a9669','BIRTHDAY','6bba16df-cbce-11e7-97a3-94de807a9669'),('fda621dc-cbcf-11e7-97a3-94de807a9669','MAIL','6bba16df-cbce-11e7-97a3-94de807a9669'),('fdad14d4-cbcf-11e7-97a3-94de807a9669','USER_LOCATION','6bba16df-cbce-11e7-97a3-94de807a9669'),('fdb0ebf0-cbcf-11e7-97a3-94de807a9669','TEXT_','6bc34fa0-cbce-11e7-97a3-94de807a9669'),('fdb4da4b-cbcf-11e7-97a3-94de807a9669','USER_MAKER','6bc34fa0-cbce-11e7-97a3-94de807a9669'),('fdb85110-cbcf-11e7-97a3-94de807a9669','USER_REC','6bc34fa0-cbce-11e7-97a3-94de807a9669'),('fdbc8ce6-cbcf-11e7-97a3-94de807a9669','PRODUCT_REC','6bc34fa0-cbce-11e7-97a3-94de807a9669'),('fdc02d2a-cbcf-11e7-97a3-94de807a9669','USER','6bcd906f-cbce-11e7-97a3-94de807a9669'),('fdc55704-cbcf-11e7-97a3-94de807a9669','PRODUCT','6bcd906f-cbce-11e7-97a3-94de807a9669'),('ffdf2dfd-d466-11e7-bdec-94de807a9669','PRODUCT_CREATE_DATE_TIME','6cf4ece3-cbca-11e7-97a3-94de807a9669');
/*!40000 ALTER TABLE `attributes` ENABLE KEYS */;
UNLOCK TABLES;

--
-- Table structure for table `object`
--

DROP TABLE IF EXISTS `object`;
/*!40101 SET @saved_cs_client     = @@character_set_client */;
/*!40101 SET character_set_client = utf8 */;
CREATE TABLE `object` (
  `Object_id` varchar(36) NOT NULL,
  `Object_type_id` varchar(36) NOT NULL,
  PRIMARY KEY (`Object_id`,`Object_type_id`),
  KEY `fk_Object_Object_type1_idx` (`Object_type_id`),
  CONSTRAINT `fk_Object_Object_type1` FOREIGN KEY (`Object_type_id`) REFERENCES `object_type` (`Object_type_id`) ON DELETE NO ACTION ON UPDATE NO ACTION
) ENGINE=InnoDB DEFAULT CHARSET=utf8;
/*!40101 SET character_set_client = @saved_cs_client */;

--
-- Dumping data for table `object`
--

LOCK TABLES `object` WRITE;
/*!40000 ALTER TABLE `object` DISABLE KEYS */;
INSERT INTO `object` VALUES ('25e2edcb-6952-4ab0-a97e-6bea2835433a','6bba16df-cbce-11e7-97a3-94de807a9669'),('35803403-d7a4-4ca8-9f2b-f351bc959163','6bba16df-cbce-11e7-97a3-94de807a9669'),('38afdd94-d245-4dc3-9f19-1f5fedb50411','6bba16df-cbce-11e7-97a3-94de807a9669'),('5a2ba82c-d9e5-11e7-98e7-94de807a9669','6bba16df-cbce-11e7-97a3-94de807a9669'),('5e64a57e-9746-4063-9636-9f2aeebe18fe','6bba16df-cbce-11e7-97a3-94de807a9669'),('62933f0a-d9e5-11e7-98e7-94de807a9669','6bba16df-cbce-11e7-97a3-94de807a9669'),('76533419-d9e2-11e7-98e7-94de807a9669','6bba16df-cbce-11e7-97a3-94de807a9669'),('a7dbd8d9-7c1e-4e5f-bf6b-0d108b222f97','6bba16df-cbce-11e7-97a3-94de807a9669'),('ef47ec9a-d9e3-11e7-98e7-94de807a9669','6bba16df-cbce-11e7-97a3-94de807a9669'),('b5673d91-5f75-45ab-9b14-272a7d9358dd','6bcd906f-cbce-11e7-97a3-94de807a9669'),('0610521e-fb6b-4b50-96e5-3b71635f0cd9','6cf4ece3-cbca-11e7-97a3-94de807a9669'),('09aef16a-fe54-4a0f-a005-e7a6f338baad','6cf4ece3-cbca-11e7-97a3-94de807a9669'),('179a7019-2e3a-48ce-848d-1531d4751c3c','6cf4ece3-cbca-11e7-97a3-94de807a9669'),('3cfaec51-29c8-43b4-9f6a-8a1c24c5a199','6cf4ece3-cbca-11e7-97a3-94de807a9669'),('48b2c3c0-789a-4bc2-91ed-f43bcc9bfa23','6cf4ece3-cbca-11e7-97a3-94de807a9669'),('53fb07b5-ded8-41c4-b1de-5a51465c552b','6cf4ece3-cbca-11e7-97a3-94de807a9669'),('5cef813c-1940-47e9-aa43-bfc25d7ca3f7','6cf4ece3-cbca-11e7-97a3-94de807a9669'),('628940f2-b94b-4c68-8eca-b15e85f9f20b','6cf4ece3-cbca-11e7-97a3-94de807a9669'),('76c90b07-c702-4fcf-b8cc-d003c24949d2','6cf4ece3-cbca-11e7-97a3-94de807a9669'),('7afa7e63-fa8a-442c-a92a-3f7b5bac31ec','6cf4ece3-cbca-11e7-97a3-94de807a9669'),('7ebd1d2e-4025-4e7b-b0c8-aafa63f5beb2','6cf4ece3-cbca-11e7-97a3-94de807a9669'),('831b7ffa-2df7-4943-9b62-bbb6c7a4966f','6cf4ece3-cbca-11e7-97a3-94de807a9669'),('869e0b51-7384-40fa-93cc-ce8e1fbbc503','6cf4ece3-cbca-11e7-97a3-94de807a9669'),('8c760e10-a592-4d90-a217-81ae2fcabf5b','6cf4ece3-cbca-11e7-97a3-94de807a9669'),('8e3c844e-049d-4a28-abb3-92367705db57','6cf4ece3-cbca-11e7-97a3-94de807a9669'),('93970883-33cd-4583-a1e5-cf3b2b015c1a','6cf4ece3-cbca-11e7-97a3-94de807a9669'),('9c32c04b-52f5-4353-9192-afa91b79c6c5','6cf4ece3-cbca-11e7-97a3-94de807a9669'),('add9a3d9-4da3-4381-b789-6ce52e5d1f34','6cf4ece3-cbca-11e7-97a3-94de807a9669'),('b3966f98-cf8f-4a80-ad82-b442b7766edc','6cf4ece3-cbca-11e7-97a3-94de807a9669'),('b5bd9078-e67f-4792-95d6-7a7c5a688ac2','6cf4ece3-cbca-11e7-97a3-94de807a9669'),('c0a72fed-ec33-4e83-b751-5b773b786698','6cf4ece3-cbca-11e7-97a3-94de807a9669'),('ccc892dc-8e23-4c1a-aa71-5666d9c31f5d','6cf4ece3-cbca-11e7-97a3-94de807a9669'),('d13e4c5b-2220-4617-aa59-aa665c3c8ddc','6cf4ece3-cbca-11e7-97a3-94de807a9669'),('d1e0d959-13c7-4e71-b959-65f6032ee94e','6cf4ece3-cbca-11e7-97a3-94de807a9669'),('d3689e94-630a-444a-9a7e-fcd009ea2f36','6cf4ece3-cbca-11e7-97a3-94de807a9669'),('dd9c5344-1b87-4b6c-bd6f-830aca3addd0','6cf4ece3-cbca-11e7-97a3-94de807a9669'),('df28c477-ccb1-408d-aaa6-09332eccf159','6cf4ece3-cbca-11e7-97a3-94de807a9669'),('ea491785-4161-4612-8b58-f15b57cc1965','6cf4ece3-cbca-11e7-97a3-94de807a9669'),('ec85a4f1-f2c6-4d38-bb54-6a9fa6cec8c1','6cf4ece3-cbca-11e7-97a3-94de807a9669'),('f134d405-c3ca-4d20-82f7-24af6f242358','6cf4ece3-cbca-11e7-97a3-94de807a9669'),('f9d5db25-1d99-4b08-b8bb-37cd70cee816','6cf4ece3-cbca-11e7-97a3-94de807a9669'),('06786403-44cc-46dc-a4ab-99fd03c4d254','dfc2525c-cc62-11e7-b012-94de807a9669'),('0a9368fe-7202-418f-a321-3322304a5df8','dfc2525c-cc62-11e7-b012-94de807a9669'),('11b9ab59-07ee-401a-baaa-fe8386fe5f42','dfc2525c-cc62-11e7-b012-94de807a9669'),('1e9bfb7c-507a-4c16-af87-e21a9ba46f95','dfc2525c-cc62-11e7-b012-94de807a9669'),('22a32eaa-b0ba-4aa7-bd4a-b35c5ec40874','dfc2525c-cc62-11e7-b012-94de807a9669'),('27a5b7a9-9e36-447f-8938-daa8487b7b14','dfc2525c-cc62-11e7-b012-94de807a9669'),('27b04212-eeb6-4596-869d-934c1f7f73ba','dfc2525c-cc62-11e7-b012-94de807a9669'),('2aeb8102-3233-437f-bca6-1683785b87c4','dfc2525c-cc62-11e7-b012-94de807a9669'),('38bf1e48-10d1-43d2-a9c4-cdf417aaef37','dfc2525c-cc62-11e7-b012-94de807a9669'),('446e1af1-ff38-41c3-b35b-0c13d87bcccb','dfc2525c-cc62-11e7-b012-94de807a9669'),('588557d6-7670-4899-a4ed-60dd550a349c','dfc2525c-cc62-11e7-b012-94de807a9669'),('5ff5c43f-7551-4271-b699-d2aa9df82418','dfc2525c-cc62-11e7-b012-94de807a9669'),('65b4499d-350b-454a-8a9c-ff4f0b4c3886','dfc2525c-cc62-11e7-b012-94de807a9669'),('6869a4a0-3838-430e-a547-ad808fba72d2','dfc2525c-cc62-11e7-b012-94de807a9669'),('7c0e663a-65a1-40d0-b2cc-9143212e5dfe','dfc2525c-cc62-11e7-b012-94de807a9669'),('865b4916-ea93-4638-abec-2a339c8e3e36','dfc2525c-cc62-11e7-b012-94de807a9669'),('9283ad0d-37a5-4d4e-98c3-02f31e5c7b55','dfc2525c-cc62-11e7-b012-94de807a9669'),('965dc5c4-ea31-4baf-9f9a-947abb279c99','dfc2525c-cc62-11e7-b012-94de807a9669'),('9c27add6-f77a-454f-b98f-779ed0b06082','dfc2525c-cc62-11e7-b012-94de807a9669'),('9ff6d92d-a237-4763-b99c-7757ccb02f3d','dfc2525c-cc62-11e7-b012-94de807a9669'),('a508e29b-a2fc-4e49-8f1c-29ca37a522af','dfc2525c-cc62-11e7-b012-94de807a9669'),('a8a7eba9-0cef-4499-864d-56c3bb92724c','dfc2525c-cc62-11e7-b012-94de807a9669'),('b16fb76e-2168-4601-88f5-3d1085228095','dfc2525c-cc62-11e7-b012-94de807a9669'),('bb65c20c-7241-4aef-b211-9698769c17d5','dfc2525c-cc62-11e7-b012-94de807a9669'),('bfcfdd18-7450-4518-898e-d80783427e1d','dfc2525c-cc62-11e7-b012-94de807a9669'),('d052c832-eff4-41e2-a703-957a680b5948','dfc2525c-cc62-11e7-b012-94de807a9669'),('d6ff7106-8774-4913-9912-7a051cbec313','dfc2525c-cc62-11e7-b012-94de807a9669'),('e1e75bac-e2d8-48cc-99ee-1ac80a00ab52','dfc2525c-cc62-11e7-b012-94de807a9669'),('e6488e18-520c-49d3-8f81-284419aba61b','dfc2525c-cc62-11e7-b012-94de807a9669'),('e6d19511-c01f-4c2f-8bda-b4e7a545c984','dfc2525c-cc62-11e7-b012-94de807a9669'),('ed8267ac-a12c-4c88-8c5f-c9fe41218de4','dfc2525c-cc62-11e7-b012-94de807a9669'),('eefa1565-88d6-4b93-9827-41306c3bfa57','dfc2525c-cc62-11e7-b012-94de807a9669'),('f12c42ef-9a37-4479-b829-78c18e25ef77','dfc2525c-cc62-11e7-b012-94de807a9669'),('ff98b836-133c-4000-ad24-5376155822ae','dfc2525c-cc62-11e7-b012-94de807a9669');
/*!40000 ALTER TABLE `object` ENABLE KEYS */;
UNLOCK TABLES;

--
-- Table structure for table `object_type`
--

DROP TABLE IF EXISTS `object_type`;
/*!40101 SET @saved_cs_client     = @@character_set_client */;
/*!40101 SET character_set_client = utf8 */;
CREATE TABLE `object_type` (
  `Object_type_id` varchar(36) NOT NULL,
  `Value` varchar(45) NOT NULL,
  PRIMARY KEY (`Object_type_id`)
) ENGINE=InnoDB DEFAULT CHARSET=utf8;
/*!40101 SET character_set_client = @saved_cs_client */;

--
-- Dumping data for table `object_type`
--

LOCK TABLES `object_type` WRITE;
/*!40000 ALTER TABLE `object_type` DISABLE KEYS */;
INSERT INTO `object_type` VALUES ('6bba16df-cbce-11e7-97a3-94de807a9669','USER'),('6bc34fa0-cbce-11e7-97a3-94de807a9669','COMMENT'),('6bcd906f-cbce-11e7-97a3-94de807a9669','LIKE'),('6cf4ece3-cbca-11e7-97a3-94de807a9669','PRODUCT'),('dfc2525c-cc62-11e7-b012-94de807a9669','CATEGORY');
/*!40000 ALTER TABLE `object_type` ENABLE KEYS */;
UNLOCK TABLES;

--
-- Table structure for table `roles`
--

DROP TABLE IF EXISTS `roles`;
/*!40101 SET @saved_cs_client     = @@character_set_client */;
/*!40101 SET character_set_client = utf8 */;
CREATE TABLE `roles` (
  `id` int(11) NOT NULL AUTO_INCREMENT,
  `name` varchar(100) NOT NULL,
  PRIMARY KEY (`id`)
) ENGINE=InnoDB AUTO_INCREMENT=3 DEFAULT CHARSET=utf8;
/*!40101 SET character_set_client = @saved_cs_client */;

--
-- Dumping data for table `roles`
--

LOCK TABLES `roles` WRITE;
/*!40000 ALTER TABLE `roles` DISABLE KEYS */;
INSERT INTO `roles` VALUES (1,'ROLE_USER'),(2,'ROLE_ADMIN');
/*!40000 ALTER TABLE `roles` ENABLE KEYS */;
UNLOCK TABLES;

--
-- Table structure for table `user_roles`
--

DROP TABLE IF EXISTS `user_roles`;
/*!40101 SET @saved_cs_client     = @@character_set_client */;
/*!40101 SET character_set_client = utf8 */;
CREATE TABLE `user_roles` (
  `user_id` int(11) NOT NULL,
  `role_id` int(11) NOT NULL,
  UNIQUE KEY `user_id` (`user_id`,`role_id`),
  KEY `role_id` (`role_id`),
  CONSTRAINT `user_roles_ibfk_1` FOREIGN KEY (`user_id`) REFERENCES `users` (`id`),
  CONSTRAINT `user_roles_ibfk_2` FOREIGN KEY (`role_id`) REFERENCES `roles` (`id`)
) ENGINE=InnoDB DEFAULT CHARSET=utf8;
/*!40101 SET character_set_client = @saved_cs_client */;

--
-- Dumping data for table `user_roles`
--

LOCK TABLES `user_roles` WRITE;
/*!40000 ALTER TABLE `user_roles` DISABLE KEYS */;
INSERT INTO `user_roles` VALUES (7,1),(8,1),(9,1),(10,1),(11,1),(1,2),(2,2),(4,2),(5,2);
/*!40000 ALTER TABLE `user_roles` ENABLE KEYS */;
UNLOCK TABLES;

--
-- Table structure for table `users`
--

DROP TABLE IF EXISTS `users`;
/*!40101 SET @saved_cs_client     = @@character_set_client */;
/*!40101 SET character_set_client = utf8 */;
CREATE TABLE `users` (
  `id` int(11) NOT NULL AUTO_INCREMENT,
  `username` varchar(255) NOT NULL,
  `password` varchar(255) NOT NULL,
  PRIMARY KEY (`id`)
) ENGINE=InnoDB AUTO_INCREMENT=12 DEFAULT CHARSET=utf8;
/*!40101 SET character_set_client = @saved_cs_client */;

--
-- Dumping data for table `users`
--

LOCK TABLES `users` WRITE;
/*!40000 ALTER TABLE `users` DISABLE KEYS */;
INSERT INTO `users` VALUES (1,'IvanTkachev','$2a$11$uSXS6rLJ91WjgOHhEGDx..VGs7MkKZV68Lv5r1uwFu7HgtRn3dcXG'),(2,'nikak123','$2a$11$qWmKH9T0HbMGQu64hNnN/u.qkri75.mFLRqhgG9zOoEXKi6WA0kfe'),(4,'DarmentAdmin','$2a$11$dnJ4HUnu8jnk0vhpueNABOibZxBxwe2V70v9DkbxMRzhFWZON/7Fy'),(5,'Administrator','$2a$11$CjLi9FGdtKsMMOy61LLp4uiRl.13O72Psrj4Qc/8eX2W/zAmDgi2m'),(7,'DarmentUser','$2a$11$g42udDedEoSEQM41oryEeujlV3rNW2/ymKRv1Q3eYDawksqCoFnFO'),(8,'Tanushka','$2a$11$xd4r4cCOstvIb.6N8CX/3ebCy1fk5d2bUF4W7hosNCitQL.EZfjxK'),(9,'UserBlocked','$2a$11$2nAfF0eJg26g2qZOZL9qx.jkKiZJNgnUvI/RtFnW2AGxPmHFP0Mc.'),(10,'UserUnblocked','$2a$11$NnamIpoMcV5U4AWxiTYXD.dHiJIH1f4RWEVC1y3O073o642M8.bMC'),(11,'UserBlocked2','$2a$11$Qvp/cWGSvlO1K3fgxelfhekQCmOzOwfcC/gf7ngx7Z.1Y9IXOG1Ou');
/*!40000 ALTER TABLE `users` ENABLE KEYS */;
UNLOCK TABLES;

--
-- Table structure for table `values_table`
--

DROP TABLE IF EXISTS `values_table`;
/*!40101 SET @saved_cs_client     = @@character_set_client */;
/*!40101 SET character_set_client = utf8 */;
CREATE TABLE `values_table` (
  `value_id` varchar(36) NOT NULL,
  `Object_id` varchar(36) NOT NULL,
  `Attributes_attr_id` varchar(36) NOT NULL,
  `Value` varchar(220) NOT NULL,
  PRIMARY KEY (`value_id`,`Object_id`,`Attributes_attr_id`),
  KEY `fk_Values_Table_Object_idx` (`Object_id`),
  KEY `fk_Values_Table_Attributes1_idx` (`Attributes_attr_id`),
  CONSTRAINT `fk_Values_Table_Attributes1` FOREIGN KEY (`Attributes_attr_id`) REFERENCES `attributes` (`attr_id`) ON DELETE NO ACTION ON UPDATE NO ACTION,
  CONSTRAINT `fk_Values_Table_Object` FOREIGN KEY (`Object_id`) REFERENCES `object` (`Object_id`) ON DELETE NO ACTION ON UPDATE NO ACTION
) ENGINE=InnoDB DEFAULT CHARSET=utf8;
/*!40101 SET character_set_client = @saved_cs_client */;

--
-- Dumping data for table `values_table`
--

LOCK TABLES `values_table` WRITE;
/*!40000 ALTER TABLE `values_table` DISABLE KEYS */;
INSERT INTO `values_table` VALUES ('02c587ad-3e0d-4f23-aff0-8732c8f33a25','9c32c04b-52f5-4353-9192-afa91b79c6c5','fcb5c185-cbcf-11e7-97a3-94de807a9669','Летний'),('0307ae5e-0ebf-40eb-9d9e-2934bf601481','d1e0d959-13c7-4e71-b959-65f6032ee94e','04f96ae8-d467-11e7-bdec-94de807a9669','-1'),('042e9ba2-2e82-49f0-9749-4dc5cf49209f','53fb07b5-ded8-41c4-b1de-5a51465c552b','fd8c09c4-cbcf-11e7-97a3-94de807a9669','Technics'),('042eb9a1-0bc4-44b3-a22b-c111a6ea778b','c0a72fed-ec33-4e83-b751-5b773b786698','fd1cd34e-cbcf-11e7-97a3-94de807a9669','Да'),('05580b41-cc89-11e7-b012-94de807a9669','446e1af1-ff38-41c3-b35b-0c13d87bcccb','861212ce-cc68-11e7-b012-94de807a9669','APARTMENTS'),('05585a80-cc89-11e7-b012-94de807a9669','446e1af1-ff38-41c3-b35b-0c13d87bcccb','77453fa6-cc68-11e7-b012-94de807a9669','Realty'),('05588fdb-cc89-11e7-b012-94de807a9669','446e1af1-ff38-41c3-b35b-0c13d87bcccb','e0bcd771-cc68-11e7-b012-94de807a9669','fcf27cb8-cbcf-11e7-97a3-94de807a9669'),('0558c529-cc89-11e7-b012-94de807a9669','446e1af1-ff38-41c3-b35b-0c13d87bcccb','e0bcd771-cc68-11e7-b012-94de807a9669','fcfd9280-cbcf-11e7-97a3-94de807a9669'),('05590118-cc89-11e7-b012-94de807a9669','446e1af1-ff38-41c3-b35b-0c13d87bcccb','e0bcd771-cc68-11e7-b012-94de807a9669','fd033b20-cbcf-11e7-97a3-94de807a9669'),('05593750-cc89-11e7-b012-94de807a9669','446e1af1-ff38-41c3-b35b-0c13d87bcccb','e0bcd771-cc68-11e7-b012-94de807a9669','fcae6055-cbcf-11e7-97a3-94de807a9669'),('05596c89-cc89-11e7-b012-94de807a9669','446e1af1-ff38-41c3-b35b-0c13d87bcccb','e0bcd771-cc68-11e7-b012-94de807a9669','fd076387-cbcf-11e7-97a3-94de807a9669'),('05f274c0-d892-4bc4-a9c6-1340489c6e4d','d3689e94-630a-444a-9a7e-fcd009ea2f36','fd846366-cbcf-11e7-97a3-94de807a9669','UserBlocked'),('0626ae03-7875-44f1-9d5c-142c81bfd52a','8c760e10-a592-4d90-a217-81ae2fcabf5b','fd3ddaa2-cbcf-11e7-97a3-94de807a9669','4.2'),('0823000a-9d09-482a-935e-73f8f00af0c0','d13e4c5b-2220-4617-aa59-aa665c3c8ddc','7193182c-d466-11e7-bdec-94de807a9669','Дрессированная собака.'),('08dc1d51-fcce-4de7-bffa-7da55f0c6671','ea491785-4161-4612-8b58-f15b57cc1965','4c360ca4-d466-11e7-bdec-94de807a9669','CANCELED'),('08f1a195-4696-45d0-a16f-f0d9309bfac9','f134d405-c3ca-4d20-82f7-24af6f242358','fd8c09c4-cbcf-11e7-97a3-94de807a9669','Realty'),('0a283e44-d9e6-11e7-98e7-94de807a9669','5a2ba82c-d9e5-11e7-98e7-94de807a9669','03de98c9-d466-11e7-bdec-94de807a9669','200'),('0a2b08a6-d9e6-11e7-98e7-94de807a9669','5a2ba82c-d9e5-11e7-98e7-94de807a9669','981076e8-d465-11e7-bdec-94de807a9669','10.10.2017'),('0a2b0a10-d9e6-11e7-98e7-94de807a9669','5a2ba82c-d9e5-11e7-98e7-94de807a9669','e7fed6d6-d465-11e7-bdec-94de807a9669','ADMINISTRATOR'),('0a2b0b2e-d9e6-11e7-98e7-94de807a9669','5a2ba82c-d9e5-11e7-98e7-94de807a9669','fd8fc8a5-cbcf-11e7-97a3-94de807a9669','5'),('0a2b0c2b-d9e6-11e7-98e7-94de807a9669','5a2ba82c-d9e5-11e7-98e7-94de807a9669','fd93b41b-cbcf-11e7-97a3-94de807a9669','Админ Админ'),('0a2b0d22-d9e6-11e7-98e7-94de807a9669','5a2ba82c-d9e5-11e7-98e7-94de807a9669','fd97346f-cbcf-11e7-97a3-94de807a9669','Ж'),('0a2b0e1a-d9e6-11e7-98e7-94de807a9669','5a2ba82c-d9e5-11e7-98e7-94de807a9669','fd9c98fa-cbcf-11e7-97a3-94de807a9669','+375296661122'),('0a2b0ef9-d9e6-11e7-98e7-94de807a9669','5a2ba82c-d9e5-11e7-98e7-94de807a9669','fda0bbe9-cbcf-11e7-97a3-94de807a9669','24.10.1990'),('0a2b0fe4-d9e6-11e7-98e7-94de807a9669','5a2ba82c-d9e5-11e7-98e7-94de807a9669','fda621dc-cbcf-11e7-97a3-94de807a9669','admin@gmail.com'),('0a2b10c1-d9e6-11e7-98e7-94de807a9669','5a2ba82c-d9e5-11e7-98e7-94de807a9669','fdad14d4-cbcf-11e7-97a3-94de807a9669','Администрит'),('0a959362-db57-4fbd-9fee-e34baf5c7162','9c32c04b-52f5-4353-9192-afa91b79c6c5','02b0d542-d467-11e7-bdec-94de807a9669','26.12.2017'),('0ad1edf2-1374-4b58-9bad-660fd5272ee8','831b7ffa-2df7-4943-9b62-bbb6c7a4966f','04f96ae8-d467-11e7-bdec-94de807a9669','1z0hn5oTs-Gz2p_C0kr4of7wJ_5aEX9W-'),('0bc9f348-f28a-4650-93d8-ceaec58e0260','ccc892dc-8e23-4c1a-aa71-5666d9c31f5d','fcdbbf28-cbcf-11e7-97a3-94de807a9669','Портативная аудиосистема'),('0c72c4bf-1057-490a-af90-156e103f6f14','8e3c844e-049d-4a28-abb3-92367705db57','7193182c-d466-11e7-bdec-94de807a9669','Мой ребенок любит его есть.'),('0c7901c5-733f-40e4-96af-4c8f6a924f17','09aef16a-fe54-4a0f-a005-e7a6f338baad','7193182c-d466-11e7-bdec-94de807a9669','Лучший автомобиль в мире!!!'),('0c85ff29-cc8c-11e7-b012-94de807a9669','11b9ab59-07ee-401a-baaa-fe8386fe5f42','861212ce-cc68-11e7-b012-94de807a9669','PETS'),('0c863e4d-cc8c-11e7-b012-94de807a9669','11b9ab59-07ee-401a-baaa-fe8386fe5f42','77453fa6-cc68-11e7-b012-94de807a9669','Animals'),('0c8730ac-cc8c-11e7-b012-94de807a9669','11b9ab59-07ee-401a-baaa-fe8386fe5f42','e0bcd771-cc68-11e7-b012-94de807a9669','fceef8d5-cbcf-11e7-97a3-94de807a9669'),('0c877033-cc8c-11e7-b012-94de807a9669','11b9ab59-07ee-401a-baaa-fe8386fe5f42','e0bcd771-cc68-11e7-b012-94de807a9669','fd78f273-cbcf-11e7-97a3-94de807a9669'),('0c87aba1-cc8c-11e7-b012-94de807a9669','11b9ab59-07ee-401a-baaa-fe8386fe5f42','e0bcd771-cc68-11e7-b012-94de807a9669','fd7cc7e8-cbcf-11e7-97a3-94de807a9669'),('0d0361a6-1d0f-4fa8-ac68-f99534c35d7b','628940f2-b94b-4c68-8eca-b15e85f9f20b','02b0d542-d467-11e7-bdec-94de807a9669','26.12.2017'),('0e03ac38-b2c5-4a3a-a6eb-58e8f7da3420','b3966f98-cf8f-4a80-ad82-b442b7766edc','fd87f935-cbcf-11e7-97a3-94de807a9669','PHONES'),('0e08ebca-2133-48f8-a848-481b69fbe332','ea491785-4161-4612-8b58-f15b57cc1965','04f96ae8-d467-11e7-bdec-94de807a9669','1cb-ghtFsPhLTVZiRCOLHJfgIeibutSWV'),('0e5c42cf-b8e3-4f22-9521-38fe733d4e58','53fb07b5-ded8-41c4-b1de-5a51465c552b','7193182c-d466-11e7-bdec-94de807a9669','Вышел новый АЙФОН,'),('0e76fbdc-bfef-4635-969a-a42bd259b542','3cfaec51-29c8-43b4-9f6a-8a1c24c5a199','4c360ca4-d466-11e7-bdec-94de807a9669','APPROVED'),('0e9101c0-50f1-493c-b50b-d2cf8462ee2d','9c32c04b-52f5-4353-9192-afa91b79c6c5','fd846366-cbcf-11e7-97a3-94de807a9669','DarmentUser'),('0f00ca04-90d0-4aba-9866-f135d64b67a3','53fb07b5-ded8-41c4-b1de-5a51465c552b','4c360ca4-d466-11e7-bdec-94de807a9669','MODERATION'),('0f16b67d-eef9-47ab-b5bb-dcbe74da8f12','d1e0d959-13c7-4e71-b959-65f6032ee94e','fd1231c2-cbcf-11e7-97a3-94de807a9669','Обычная'),('0f7518b9-cc87-11e7-b012-94de807a9669','bfcfdd18-7450-4518-898e-d80783427e1d','861212ce-cc68-11e7-b012-94de807a9669','ACCESSORIES_AND_CLOCKS'),('0f75785f-cc87-11e7-b012-94de807a9669','bfcfdd18-7450-4518-898e-d80783427e1d','77453fa6-cc68-11e7-b012-94de807a9669','Fashion'),('0f75aa55-cc87-11e7-b012-94de807a9669','bfcfdd18-7450-4518-898e-d80783427e1d','e0bcd771-cc68-11e7-b012-94de807a9669','fcae6055-cbcf-11e7-97a3-94de807a9669'),('0f76044a-cc87-11e7-b012-94de807a9669','bfcfdd18-7450-4518-898e-d80783427e1d','e0bcd771-cc68-11e7-b012-94de807a9669','fcdbbf28-cbcf-11e7-97a3-94de807a9669'),('0f7632ff-cc87-11e7-b012-94de807a9669','bfcfdd18-7450-4518-898e-d80783427e1d','e0bcd771-cc68-11e7-b012-94de807a9669','fce25636-cbcf-11e7-97a3-94de807a9669'),('0fac9cae-92cf-4459-a2b9-e5a85f88f259','f9d5db25-1d99-4b08-b8bb-37cd70cee816','4c360ca4-d466-11e7-bdec-94de807a9669','CANCELED'),('0fe0d87c-0b6c-45b3-9fcc-3c732415e4ee','869e0b51-7384-40fa-93cc-ce8e1fbbc503','526b1cd0-d466-11e7-bdec-94de807a9669','Старый мотоцикл'),('10097a1b-6fa5-4bda-a577-80cc5d721cee','ec85a4f1-f2c6-4d38-bb54-6a9fa6cec8c1','7193182c-d466-11e7-bdec-94de807a9669','Самый вкусный помидор на планете.'),('1024b93a-e2e3-4482-b0ac-109533c6cc65','d3689e94-630a-444a-9a7e-fcd009ea2f36','fd8c09c4-cbcf-11e7-97a3-94de807a9669','Auto'),('10532ec4-d587-4e93-a5fc-a7255b3e777b','7ebd1d2e-4025-4e7b-b0c8-aafa63f5beb2','fd846366-cbcf-11e7-97a3-94de807a9669','DarmentUser'),('10cfab1c-df15-4336-9e4b-8174bac34ab9','dd9c5344-1b87-4b6c-bd6f-830aca3addd0','ffdf2dfd-d466-11e7-bdec-94de807a9669','26.12.2017'),('11a08c40-1f2f-4ee9-9f0f-5fc128e71c26','09aef16a-fe54-4a0f-a005-e7a6f338baad','fd80811d-cbcf-11e7-97a3-94de807a9669','15000 $'),('12aeb4af-c895-4ff6-ab2f-faf62bd8a929','df28c477-ccb1-408d-aaa6-09332eccf159','fcae6055-cbcf-11e7-97a3-94de807a9669','Хорошие'),('12cc49b6-4b3c-4d52-95ff-29175de4c2b9','831b7ffa-2df7-4943-9b62-bbb6c7a4966f','7193182c-d466-11e7-bdec-94de807a9669','Жирная, мясистая свинья.'),('12d86fbc-29d8-4c72-8601-73aad1fddbfa','ea491785-4161-4612-8b58-f15b57cc1965','7193182c-d466-11e7-bdec-94de807a9669','Красивая, небольшой порез не по шву, легко зашить.'),('13a1c838-dd2d-48bb-a4f2-de1e2d3bbfe6','35803403-d7a4-4ca8-9f2b-f351bc959163','fda621dc-cbcf-11e7-97a3-94de807a9669','scorpion_jeka@mail.ru'),('13ef9a13-cecb-4219-986e-2999b3480f23','5e64a57e-9746-4063-9636-9f2aeebe18fe','fda621dc-cbcf-11e7-97a3-94de807a9669','twoblocked@mail.ru'),('14080f5c-c056-48d7-802e-c9f5e1053636','d3689e94-630a-444a-9a7e-fcd009ea2f36','fd5721bd-cbcf-11e7-97a3-94de807a9669','Универсал'),('14d36409-64ed-4708-b804-bc8de21a01ec','93970883-33cd-4583-a1e5-cf3b2b015c1a','526b1cd0-d466-11e7-bdec-94de807a9669','Квартира'),('1656a0e4-d043-4e06-84d8-90153da0bb13','8c760e10-a592-4d90-a217-81ae2fcabf5b','04f96ae8-d467-11e7-bdec-94de807a9669','1BnLubkF5J7ZPgrhS6s4VL-LUAlUHHRTA'),('166f335f-751a-4720-8dcc-46a4312041d3','628940f2-b94b-4c68-8eca-b15e85f9f20b','fcce6802-cbcf-11e7-97a3-94de807a9669','45'),('168472aa-ec9c-46f0-8053-407769ca57f2','b3966f98-cf8f-4a80-ad82-b442b7766edc','7193182c-d466-11e7-bdec-94de807a9669','Купили новый.'),('16d156f3-b2e8-4d01-9425-2de296277a25','c0a72fed-ec33-4e83-b751-5b773b786698','fd80811d-cbcf-11e7-97a3-94de807a9669','1000 €'),('16eed169-bc47-45d1-af52-5eee13a885ef','8c760e10-a592-4d90-a217-81ae2fcabf5b','fd8c09c4-cbcf-11e7-97a3-94de807a9669','Technics'),('171c758a-cc8a-11e7-b012-94de807a9669','2aeb8102-3233-437f-bca6-1683785b87c4','861212ce-cc68-11e7-b012-94de807a9669','PHONES'),('171cda8b-cc8a-11e7-b012-94de807a9669','2aeb8102-3233-437f-bca6-1683785b87c4','77453fa6-cc68-11e7-b012-94de807a9669','Technics'),('171e99f6-cc8a-11e7-b012-94de807a9669','2aeb8102-3233-437f-bca6-1683785b87c4','e0bcd771-cc68-11e7-b012-94de807a9669','fcae6055-cbcf-11e7-97a3-94de807a9669'),('171f33fd-cc8a-11e7-b012-94de807a9669','2aeb8102-3233-437f-bca6-1683785b87c4','e0bcd771-cc68-11e7-b012-94de807a9669','fcdbbf28-cbcf-11e7-97a3-94de807a9669'),('171f7da6-cc8a-11e7-b012-94de807a9669','2aeb8102-3233-437f-bca6-1683785b87c4','e0bcd771-cc68-11e7-b012-94de807a9669','fd377038-cbcf-11e7-97a3-94de807a9669'),('171fe3a8-cc8a-11e7-b012-94de807a9669','2aeb8102-3233-437f-bca6-1683785b87c4','e0bcd771-cc68-11e7-b012-94de807a9669','fd3ddaa2-cbcf-11e7-97a3-94de807a9669'),('17481b1f-8891-407f-82d2-5ac446101b5a','179a7019-2e3a-48ce-848d-1531d4751c3c','04f96ae8-d467-11e7-bdec-94de807a9669','1j0E37iV0LUgwpulpUKUek5s4_oi2UCKh'),('17e9da4a-71c9-4472-9350-6c95c79bac38','dd9c5344-1b87-4b6c-bd6f-830aca3addd0','fd8c09c4-cbcf-11e7-97a3-94de807a9669','Technics'),('182b906f-1cd7-4184-a24e-8889ee6cabb3','d13e4c5b-2220-4617-aa59-aa665c3c8ddc','02b0d542-d467-11e7-bdec-94de807a9669','26.12.2017'),('183c8569-b2fd-4268-9b96-6ae173532053','add9a3d9-4da3-4381-b789-6ce52e5d1f34','fcf27cb8-cbcf-11e7-97a3-94de807a9669','2'),('188019b9-27c3-4684-9ad3-a8cf1dd3f8c5','add9a3d9-4da3-4381-b789-6ce52e5d1f34','fcae6055-cbcf-11e7-97a3-94de807a9669','Стабильое'),('18ed98cf-796f-468c-a490-f5667239fba8','8e3c844e-049d-4a28-abb3-92367705db57','02b0d542-d467-11e7-bdec-94de807a9669','26.12.2017'),('1905d1b9-d2e2-4ebe-815b-341b3f8e0446','b5bd9078-e67f-4792-95d6-7a7c5a688ac2','7193182c-d466-11e7-bdec-94de807a9669','Чистая, удобная, белая блузка.'),('1a70edfb-89df-46a7-8909-3087f7546806','b5bd9078-e67f-4792-95d6-7a7c5a688ac2','04f96ae8-d467-11e7-bdec-94de807a9669','1AVHlYAEz-AmjF3mWu2I6uHB4tT1Efivw'),('1ca13470-a938-4789-8516-b86d8332074b','5e64a57e-9746-4063-9636-9f2aeebe18fe','fd93b41b-cbcf-11e7-97a3-94de807a9669','Заблокированная Ксения Васильевна'),('1e2ed644-5580-46e7-82fc-4a3bf95dff68','179a7019-2e3a-48ce-848d-1531d4751c3c','fcd7dc6a-cbcf-11e7-97a3-94de807a9669','Туфли'),('1f6570fd-ba3c-4382-bebd-90b5323e4519','d13e4c5b-2220-4617-aa59-aa665c3c8ddc','fceef8d5-cbcf-11e7-97a3-94de807a9669','Овчарка'),('1fc06f62-cf76-4e5d-9b25-fcd2dffc1481','9c32c04b-52f5-4353-9192-afa91b79c6c5','526b1cd0-d466-11e7-bdec-94de807a9669','Кроссовки'),('20163aea-54e2-4a7e-9c78-dff7659dd194','5cef813c-1940-47e9-aa43-bfc25d7ca3f7','fd80811d-cbcf-11e7-97a3-94de807a9669','75000 $'),('2098e3a6-dcb5-4e52-9f59-b0f3add95948','09aef16a-fe54-4a0f-a005-e7a6f338baad','fd5400b1-cbcf-11e7-97a3-94de807a9669','100000 км'),('20ad1c0c-a3b2-4add-a3b8-0c39aa2e5f1d','f9d5db25-1d99-4b08-b8bb-37cd70cee816','fd846366-cbcf-11e7-97a3-94de807a9669','UserBlocked2'),('210dc02c-8cf6-4ca9-a186-fb2258f2c7be','35803403-d7a4-4ca8-9f2b-f351bc959163','fd8fc8a5-cbcf-11e7-97a3-94de807a9669','7'),('210f8558-4fbc-4bb8-94b9-729e6e92193b','f134d405-c3ca-4d20-82f7-24af6f242358','fd0ed1d6-cbcf-11e7-97a3-94de807a9669','Почти'),('214588a9-e779-46e3-a58f-bd901053ba4d','add9a3d9-4da3-4381-b789-6ce52e5d1f34','fd8c09c4-cbcf-11e7-97a3-94de807a9669','Realty'),('21959351-b070-4aa1-a556-f6111d723dac','38afdd94-d245-4dc3-9f19-1f5fedb50411','fd93b41b-cbcf-11e7-97a3-94de807a9669','Разблокированный Александр Иванович'),('226b770c-f074-42b0-b64c-a43537e45f45','dd9c5344-1b87-4b6c-bd6f-830aca3addd0','fd80811d-cbcf-11e7-97a3-94de807a9669','25000 €'),('228a8848-6ae8-471b-a98e-d2bb6475c2e9','5cef813c-1940-47e9-aa43-bfc25d7ca3f7','526b1cd0-d466-11e7-bdec-94de807a9669','Новая квартира'),('239da69a-f156-47e5-8c21-95b66b7c0f0e','f9d5db25-1d99-4b08-b8bb-37cd70cee816','fd8c09c4-cbcf-11e7-97a3-94de807a9669','Fashion'),('24722c45-9298-4789-8061-69cc632b92f1','93970883-33cd-4583-a1e5-cf3b2b015c1a','fd033b20-cbcf-11e7-97a3-94de807a9669','7'),('2491bd12-72e2-4e20-ab4e-d742def2dc91','25e2edcb-6952-4ab0-a97e-6bea2835433a','cff83967-d465-11e7-bdec-94de807a9669','-1'),('25a45c25-2b2f-49dd-b550-93e9ec72709f','25e2edcb-6952-4ab0-a97e-6bea2835433a','fd8fc8a5-cbcf-11e7-97a3-94de807a9669','8'),('25a88651-aaf1-4bf2-a9a7-bd386b038cd1','ea491785-4161-4612-8b58-f15b57cc1965','fd80811d-cbcf-11e7-97a3-94de807a9669','30 BYN'),('266cc1f5-7d7c-4e0e-aa95-04b295acd187','7afa7e63-fa8a-442c-a92a-3f7b5bac31ec','fd80811d-cbcf-11e7-97a3-94de807a9669','150 BYN'),('26a25a5b-4057-4856-b3aa-c0077b760571','5cef813c-1940-47e9-aa43-bfc25d7ca3f7','fd8c09c4-cbcf-11e7-97a3-94de807a9669','Realty'),('26d406a1-0099-4595-90bc-e1249afa7def','b5bd9078-e67f-4792-95d6-7a7c5a688ac2','fcb5c185-cbcf-11e7-97a3-94de807a9669','Всесезон'),('26d60c24-f4e0-4fe6-bfd2-41acf89e99dd','c0a72fed-ec33-4e83-b751-5b773b786698','fd8c09c4-cbcf-11e7-97a3-94de807a9669','Realty'),('26fba1c7-f153-418f-9463-631a05eaf39c','0610521e-fb6b-4b50-96e5-3b71635f0cd9','fcdbbf28-cbcf-11e7-97a3-94de807a9669','Шина'),('2727171f-171a-4928-8a9f-cb426cb3e1ca','53fb07b5-ded8-41c4-b1de-5a51465c552b','ffdf2dfd-d466-11e7-bdec-94de807a9669','26.12.2017'),('273123dd-6a57-4ef0-9290-a038fffe2e23','09aef16a-fe54-4a0f-a005-e7a6f338baad','ffdf2dfd-d466-11e7-bdec-94de807a9669','26.12.2017'),('280198d8-0b18-4a37-bbd1-d41124d63020','9c32c04b-52f5-4353-9192-afa91b79c6c5','fcd7dc6a-cbcf-11e7-97a3-94de807a9669','Кроссовки'),('2808e1e0-5e26-4db2-8b1b-4e9c89fa6c86','25e2edcb-6952-4ab0-a97e-6bea2835433a','fda621dc-cbcf-11e7-97a3-94de807a9669','tanya@gmaol.com'),('282cce27-5ab7-4e7d-97cb-d88aa4a9a012','b3966f98-cf8f-4a80-ad82-b442b7766edc','04f96ae8-d467-11e7-bdec-94de807a9669','1PqgN4Blp5Vwmu0RBglGQRUuuvIcDhWW5'),('288136ce-62e8-43a8-ab2a-97c6c49eb025','93970883-33cd-4583-a1e5-cf3b2b015c1a','fcae6055-cbcf-11e7-97a3-94de807a9669','После ремонта'),('292b20ce-00bf-47c8-84f2-623ecda6e2f8','b5bd9078-e67f-4792-95d6-7a7c5a688ac2','526b1cd0-d466-11e7-bdec-94de807a9669','Блузка'),('294fa0d0-7d95-463d-b5ff-f504668adba8','7afa7e63-fa8a-442c-a92a-3f7b5bac31ec','526b1cd0-d466-11e7-bdec-94de807a9669','BenqSiemens EL71'),('2a1ca30f-6e76-4972-950c-195b01a98cdc','c0a72fed-ec33-4e83-b751-5b773b786698','7193182c-d466-11e7-bdec-94de807a9669','Продаю гараж.'),('2b2dd9d3-aadc-4696-a483-cbc02392a47c','3cfaec51-29c8-43b4-9f6a-8a1c24c5a199','fd846366-cbcf-11e7-97a3-94de807a9669','Tanushka'),('2bcf7f0f-4b03-4329-b188-bf409acf5978','ea491785-4161-4612-8b58-f15b57cc1965','fcbcd3df-cbcf-11e7-97a3-94de807a9669','Юбка'),('2c3593e4-e6c7-4476-a4ed-0c7b32a3f1aa','f9d5db25-1d99-4b08-b8bb-37cd70cee816','ffdf2dfd-d466-11e7-bdec-94de807a9669','26.12.2017'),('2c409ba7-cc89-11e7-b012-94de807a9669','588557d6-7670-4899-a4ed-60dd550a349c','861212ce-cc68-11e7-b012-94de807a9669','ROOMS'),('2c42888f-cc89-11e7-b012-94de807a9669','588557d6-7670-4899-a4ed-60dd550a349c','77453fa6-cc68-11e7-b012-94de807a9669','Realty'),('2c42e612-cc89-11e7-b012-94de807a9669','588557d6-7670-4899-a4ed-60dd550a349c','e0bcd771-cc68-11e7-b012-94de807a9669','fcae6055-cbcf-11e7-97a3-94de807a9669'),('2c437457-cc89-11e7-b012-94de807a9669','588557d6-7670-4899-a4ed-60dd550a349c','e0bcd771-cc68-11e7-b012-94de807a9669','fd0bcd2f-cbcf-11e7-97a3-94de807a9669'),('2c4f8d29-cc89-11e7-b012-94de807a9669','588557d6-7670-4899-a4ed-60dd550a349c','e0bcd771-cc68-11e7-b012-94de807a9669','fd0ed1d6-cbcf-11e7-97a3-94de807a9669'),('2c4fc664-cc89-11e7-b012-94de807a9669','588557d6-7670-4899-a4ed-60dd550a349c','e0bcd771-cc68-11e7-b012-94de807a9669','fd1231c2-cbcf-11e7-97a3-94de807a9669'),('2e315bea-0a20-4b1d-89f1-6ea477513407','d1e0d959-13c7-4e71-b959-65f6032ee94e','fd8c09c4-cbcf-11e7-97a3-94de807a9669','Realty'),('2eb9f0a2-59c0-4f39-b3cb-b16b514ac5ba','df28c477-ccb1-408d-aaa6-09332eccf159','4c360ca4-d466-11e7-bdec-94de807a9669','MODERATION'),('2ecfd5c6-ecb1-44b8-a8c6-8285a531fdd5','add9a3d9-4da3-4381-b789-6ce52e5d1f34','fd033b20-cbcf-11e7-97a3-94de807a9669','10'),('2f038451-e3cc-43e6-b257-de57b7c65681','b5bd9078-e67f-4792-95d6-7a7c5a688ac2','4c360ca4-d466-11e7-bdec-94de807a9669','APPROVED'),('2ff100f7-b7ae-469c-b163-eb034f62f8fc','b3966f98-cf8f-4a80-ad82-b442b7766edc','fcdbbf28-cbcf-11e7-97a3-94de807a9669','Домашний'),('2ffa78dc-c843-43c6-b9da-cebfa9073788','dd9c5344-1b87-4b6c-bd6f-830aca3addd0','4c360ca4-d466-11e7-bdec-94de807a9669','APPROVED'),('3119f366-c958-46f0-a4cc-baaad97dfdbc','7ebd1d2e-4025-4e7b-b0c8-aafa63f5beb2','04f96ae8-d467-11e7-bdec-94de807a9669','1KeO0X1pRayp1jOm7TcQo_xJx1jbPysjg'),('31626fef-008c-4973-96e7-1e1d6ecca8fa','831b7ffa-2df7-4943-9b62-bbb6c7a4966f','fd8c09c4-cbcf-11e7-97a3-94de807a9669','Animals'),('316bf9df-69f1-4956-85ba-5914bec110be','d3689e94-630a-444a-9a7e-fcd009ea2f36','fd5d644f-cbcf-11e7-97a3-94de807a9669','Синий'),('32a7933a-9975-48ee-800e-6d7ed938ea65','628940f2-b94b-4c68-8eca-b15e85f9f20b','fcae6055-cbcf-11e7-97a3-94de807a9669','Новое'),('331489c2-944a-4076-b903-344e60a25523','d3689e94-630a-444a-9a7e-fcd009ea2f36','02b0d542-d467-11e7-bdec-94de807a9669','26.12.2017'),('34808f52-63d5-4e8c-81da-d947bd945cf8','add9a3d9-4da3-4381-b789-6ce52e5d1f34','04f96ae8-d467-11e7-bdec-94de807a9669','-1'),('349041e2-272a-4da9-927d-1ac2724d2932','5cef813c-1940-47e9-aa43-bfc25d7ca3f7','fd033b20-cbcf-11e7-97a3-94de807a9669','2'),('34c34a09-b2e1-45d7-bc10-3acf791ef781','53fb07b5-ded8-41c4-b1de-5a51465c552b','fd3ddaa2-cbcf-11e7-97a3-94de807a9669','4.2'),('34cb6fa5-5410-4148-a449-f943d114d1f8','add9a3d9-4da3-4381-b789-6ce52e5d1f34','fd87f935-cbcf-11e7-97a3-94de807a9669','APARTMENTS'),('35211b12-d383-4d26-87c6-562913f82ef6','d3689e94-630a-444a-9a7e-fcd009ea2f36','fd50b9f6-cbcf-11e7-97a3-94de807a9669','2000'),('3556550f-b241-4b9e-ae4e-1791c34958ab','d3689e94-630a-444a-9a7e-fcd009ea2f36','fd377038-cbcf-11e7-97a3-94de807a9669','Opel'),('3558ee00-4315-43ca-a55d-f9a8bfe5a324','93970883-33cd-4583-a1e5-cf3b2b015c1a','fcfd9280-cbcf-11e7-97a3-94de807a9669','44 кв.м.'),('3b8b72e4-cc8a-11e7-b012-94de807a9669','9c27add6-f77a-454f-b98f-779ed0b06082','861212ce-cc68-11e7-b012-94de807a9669','GAMES_AND_CONSOLES'),('3b997d40-cc8a-11e7-b012-94de807a9669','9c27add6-f77a-454f-b98f-779ed0b06082','77453fa6-cc68-11e7-b012-94de807a9669','Technics'),('3b9f418a-cc8a-11e7-b012-94de807a9669','9c27add6-f77a-454f-b98f-779ed0b06082','e0bcd771-cc68-11e7-b012-94de807a9669','fcae6055-cbcf-11e7-97a3-94de807a9669'),('3ba9afa0-d6de-45b0-a53c-af06f29d5696','3cfaec51-29c8-43b4-9f6a-8a1c24c5a199','7193182c-d466-11e7-bdec-94de807a9669','Полочная, 3-полосная, общая мощность 70 Вт, чувствительность 90 дБ'),('3bb05633-cc8a-11e7-b012-94de807a9669','9c27add6-f77a-454f-b98f-779ed0b06082','e0bcd771-cc68-11e7-b012-94de807a9669','fcdbbf28-cbcf-11e7-97a3-94de807a9669'),('3bb0a1b5-cc8a-11e7-b012-94de807a9669','9c27add6-f77a-454f-b98f-779ed0b06082','e0bcd771-cc68-11e7-b012-94de807a9669','fd27a0f1-cbcf-11e7-97a3-94de807a9669'),('3bb0d31c-cc8a-11e7-b012-94de807a9669','9c27add6-f77a-454f-b98f-779ed0b06082','e0bcd771-cc68-11e7-b012-94de807a9669','fd411f3e-cbcf-11e7-97a3-94de807a9669'),('3bb10184-cc8a-11e7-b012-94de807a9669','9c27add6-f77a-454f-b98f-779ed0b06082','e0bcd771-cc68-11e7-b012-94de807a9669','fd4914ee-cbcf-11e7-97a3-94de807a9669'),('3c65f567-02c2-434d-91f6-80b7bb9357fb','8e3c844e-049d-4a28-abb3-92367705db57','fcae6055-cbcf-11e7-97a3-94de807a9669','Взрослый'),('3cd6ada7-cc8c-11e7-b012-94de807a9669','6869a4a0-3838-430e-a547-ad808fba72d2','861212ce-cc68-11e7-b012-94de807a9669','AGRICULTURAL_ANIMALS'),('3cd6f95f-cc8c-11e7-b012-94de807a9669','6869a4a0-3838-430e-a547-ad808fba72d2','77453fa6-cc68-11e7-b012-94de807a9669','Animals'),('3ce7569c-f459-4561-8873-ccc762a5d1e5','ccc892dc-8e23-4c1a-aa71-5666d9c31f5d','02b0d542-d467-11e7-bdec-94de807a9669','26.12.2017'),('3d11cbca-cc8c-11e7-b012-94de807a9669','6869a4a0-3838-430e-a547-ad808fba72d2','e0bcd771-cc68-11e7-b012-94de807a9669','fceef8d5-cbcf-11e7-97a3-94de807a9669'),('3d5f6772-c132-4f65-9ad0-4f61b6141c2e','b5673d91-5f75-45ab-9b14-272a7d9358dd','fdc55704-cbcf-11e7-97a3-94de807a9669','74bab1e7-61df-4cfb-a783-c9d0d18bdb93'),('3fac3815-9083-4b4c-84df-3d9c3f0bd0b2','35803403-d7a4-4ca8-9f2b-f351bc959163','cff83967-d465-11e7-bdec-94de807a9669','-1'),('40350e24-1633-4b2b-9ab0-4f74ebd83cd2','38afdd94-d245-4dc3-9f19-1f5fedb50411','e7fed6d6-d465-11e7-bdec-94de807a9669','UNBLOCKED'),('40385bc1-13a1-47e5-89e2-452f5908b63b','628940f2-b94b-4c68-8eca-b15e85f9f20b','fd846366-cbcf-11e7-97a3-94de807a9669','Tanushka'),('4104709a-f3eb-4808-a77c-d51144a1db5c','869e0b51-7384-40fa-93cc-ce8e1fbbc503','fd377038-cbcf-11e7-97a3-94de807a9669','Honda'),('41210a02-4fd1-4dcd-81b7-9a7b45639fcc','7ebd1d2e-4025-4e7b-b0c8-aafa63f5beb2','fcae6055-cbcf-11e7-97a3-94de807a9669','Старый'),('41a9b253-98d4-4f83-bfae-8cbac9abbce0','7ebd1d2e-4025-4e7b-b0c8-aafa63f5beb2','4c360ca4-d466-11e7-bdec-94de807a9669','APPROVED'),('4225618c-df64-4beb-9377-44babbfecd4f','9c32c04b-52f5-4353-9192-afa91b79c6c5','ffdf2dfd-d466-11e7-bdec-94de807a9669','26.12.2017'),('42ca13d6-008e-41f1-8d7b-8e4cdb09948e','b3966f98-cf8f-4a80-ad82-b442b7766edc','fcae6055-cbcf-11e7-97a3-94de807a9669','Новый'),('430a59a8-9afa-4fd7-9419-6a95f0a50294','09aef16a-fe54-4a0f-a005-e7a6f338baad','fd87f935-cbcf-11e7-97a3-94de807a9669','CARS'),('44210350-6d6a-4f36-b6f9-ccde46b1f597','add9a3d9-4da3-4381-b789-6ce52e5d1f34','fcfd9280-cbcf-11e7-97a3-94de807a9669','30 кв.м.'),('44a3bfcb-eadf-4da3-9276-b554eda2b9c8','ea491785-4161-4612-8b58-f15b57cc1965','fd87f935-cbcf-11e7-97a3-94de807a9669','WOMEN_CLOTHING'),('44e521af-f0d9-4a23-befb-35fe7ac8627a','5cef813c-1940-47e9-aa43-bfc25d7ca3f7','fd87f935-cbcf-11e7-97a3-94de807a9669','APARTMENTS'),('44eaab4c-665a-4273-bd51-b08d8996feda','48b2c3c0-789a-4bc2-91ed-f43bcc9bfa23','ffdf2dfd-d466-11e7-bdec-94de807a9669','26.12.2017'),('45ec1497-9678-4aa4-b667-0038b2cf328c','c0a72fed-ec33-4e83-b751-5b773b786698','fd846366-cbcf-11e7-97a3-94de807a9669','UserBlocked'),('469cbf23-4c03-4eff-b53f-56cf836f487d','831b7ffa-2df7-4943-9b62-bbb6c7a4966f','ffdf2dfd-d466-11e7-bdec-94de807a9669','26.12.2017'),('46ad3aae-cf65-4203-9c6f-ad99efb433e5','8e3c844e-049d-4a28-abb3-92367705db57','fd8c09c4-cbcf-11e7-97a3-94de807a9669','House'),('47e02eab-4acc-46bb-b446-148bc8eb81aa','d3689e94-630a-444a-9a7e-fcd009ea2f36','fd80811d-cbcf-11e7-97a3-94de807a9669','1500 $'),('47e06940-3053-4c36-8827-0c36dce0df1b','b5bd9078-e67f-4792-95d6-7a7c5a688ac2','fcae6055-cbcf-11e7-97a3-94de807a9669','Чистая'),('4891b723-0a4c-4791-a252-fd62a12858da','3cfaec51-29c8-43b4-9f6a-8a1c24c5a199','02b0d542-d467-11e7-bdec-94de807a9669','26.12.2017'),('4970412f-9b7f-4bf8-91aa-107dab4a3be3','d13e4c5b-2220-4617-aa59-aa665c3c8ddc','fd78f273-cbcf-11e7-97a3-94de807a9669','Мужик'),('4998fbea-1594-4bc3-afd4-81fc4c5ba041','f9d5db25-1d99-4b08-b8bb-37cd70cee816','7193182c-d466-11e7-bdec-94de807a9669','Красивая норковая шуба'),('4a267a30-c8d3-4872-88e7-715184f88a83','8c760e10-a592-4d90-a217-81ae2fcabf5b','fcae6055-cbcf-11e7-97a3-94de807a9669','Не новый'),('4ad81a75-ae8d-4166-9a07-e7c3bb20b35c','d1e0d959-13c7-4e71-b959-65f6032ee94e','fd0ed1d6-cbcf-11e7-97a3-94de807a9669','Да'),('4bde1d7e-5a43-4cdb-a0f9-bac31e168054','93970883-33cd-4583-a1e5-cf3b2b015c1a','02b0d542-d467-11e7-bdec-94de807a9669','26.12.2017'),('4c976066-8393-4591-a5ef-fc580fdf252b','d3689e94-630a-444a-9a7e-fcd009ea2f36','fd87f935-cbcf-11e7-97a3-94de807a9669','CARS'),('4d0bb4be-9ddd-465c-8ae8-e91a81a929c4','df28c477-ccb1-408d-aaa6-09332eccf159','fcb5c185-cbcf-11e7-97a3-94de807a9669','Зима'),('4dea335e-1343-41ff-a71b-c13a7153181e','9c32c04b-52f5-4353-9192-afa91b79c6c5','7193182c-d466-11e7-bdec-94de807a9669','Не носил, подарили другие, продаю со скидкой.'),('4e00908f-bde1-4828-9bed-c935d5a9c3e1','831b7ffa-2df7-4943-9b62-bbb6c7a4966f','fceef8d5-cbcf-11e7-97a3-94de807a9669','Деревенская'),('4e4f6e2d-db23-4021-a96b-26b77151315b','5e64a57e-9746-4063-9636-9f2aeebe18fe','fd97346f-cbcf-11e7-97a3-94de807a9669','Ж'),('4ec4ac8a-3a74-490c-9553-3424b3568b11','add9a3d9-4da3-4381-b789-6ce52e5d1f34','4c360ca4-d466-11e7-bdec-94de807a9669','MODERATION'),('4ed0cc93-eaf1-4ed4-a281-7913172eaf29','7ebd1d2e-4025-4e7b-b0c8-aafa63f5beb2','fd80811d-cbcf-11e7-97a3-94de807a9669','150 $'),('4f08878e-cc88-11e7-b012-94de807a9669','865b4916-ea93-4638-abec-2a339c8e3e36','861212ce-cc68-11e7-b012-94de807a9669','FURNITURE_AND_INTERIOR'),('4f0902f3-cc88-11e7-b012-94de807a9669','865b4916-ea93-4638-abec-2a339c8e3e36','77453fa6-cc68-11e7-b012-94de807a9669','House'),('4f093ef3-cc88-11e7-b012-94de807a9669','865b4916-ea93-4638-abec-2a339c8e3e36','e0bcd771-cc68-11e7-b012-94de807a9669','fcae6055-cbcf-11e7-97a3-94de807a9669'),('4f0976ac-cc88-11e7-b012-94de807a9669','865b4916-ea93-4638-abec-2a339c8e3e36','e0bcd771-cc68-11e7-b012-94de807a9669','fcdbbf28-cbcf-11e7-97a3-94de807a9669'),('4f09e317-cc88-11e7-b012-94de807a9669','865b4916-ea93-4638-abec-2a339c8e3e36','e0bcd771-cc68-11e7-b012-94de807a9669','fce58ea3-cbcf-11e7-97a3-94de807a9669'),('4f0a27bc-cc88-11e7-b012-94de807a9669','865b4916-ea93-4638-abec-2a339c8e3e36','e0bcd771-cc68-11e7-b012-94de807a9669','fcebe48e-cbcf-11e7-97a3-94de807a9669'),('4f597823-5601-4b0c-88da-a7ea487ad401','0610521e-fb6b-4b50-96e5-3b71635f0cd9','02b0d542-d467-11e7-bdec-94de807a9669','26.12.2017'),('4f9f282d-b232-4996-9a88-c851fcb67055','ccc892dc-8e23-4c1a-aa71-5666d9c31f5d','04f96ae8-d467-11e7-bdec-94de807a9669','1HMqQXDs6DfuSBdHZtEYAR_YN997esalL'),('4fdb3f11-d98e-4ac4-8905-e384a112a00c','dd9c5344-1b87-4b6c-bd6f-830aca3addd0','fd87f935-cbcf-11e7-97a3-94de807a9669','PHONES'),('505e8ebc-805a-4369-8c9c-ead66a885b61','7ebd1d2e-4025-4e7b-b0c8-aafa63f5beb2','fcdbbf28-cbcf-11e7-97a3-94de807a9669','Приставка'),('50fcee86-7aaf-4fcd-8f34-8fbb70859fed','b5bd9078-e67f-4792-95d6-7a7c5a688ac2','fd846366-cbcf-11e7-97a3-94de807a9669','UserBlocked2'),('5142914c-5bad-4a38-8cf2-1ae22a14a992','ccc892dc-8e23-4c1a-aa71-5666d9c31f5d','526b1cd0-d466-11e7-bdec-94de807a9669','Аудиосистема'),('51e2e015-f2c6-45b0-8ce9-1a8e90953a54','38afdd94-d245-4dc3-9f19-1f5fedb50411','fd8fc8a5-cbcf-11e7-97a3-94de807a9669','10'),('51f460e4-3a29-4457-baec-c3f90c52b2e7','25e2edcb-6952-4ab0-a97e-6bea2835433a','03de98c9-d466-11e7-bdec-94de807a9669','0'),('5292e019-cc8c-11e7-b012-94de807a9669','e6488e18-520c-49d3-8f81-284419aba61b','861212ce-cc68-11e7-b012-94de807a9669','GOODS_FOR_ANIMAL'),('52944938-cc8c-11e7-b012-94de807a9669','e6488e18-520c-49d3-8f81-284419aba61b','77453fa6-cc68-11e7-b012-94de807a9669','Animals'),('5294a11d-cc8c-11e7-b012-94de807a9669','e6488e18-520c-49d3-8f81-284419aba61b','e0bcd771-cc68-11e7-b012-94de807a9669','fcdbbf28-cbcf-11e7-97a3-94de807a9669'),('5295149e-cc8c-11e7-b012-94de807a9669','e6488e18-520c-49d3-8f81-284419aba61b','e0bcd771-cc68-11e7-b012-94de807a9669','fcae6055-cbcf-11e7-97a3-94de807a9669'),('52f4d937-d2a1-4aa6-8911-45ff7f29e1b2','9c32c04b-52f5-4353-9192-afa91b79c6c5','04f96ae8-d467-11e7-bdec-94de807a9669','12dtHvnVhdysmxtv62zAStG07gdz23kg8'),('540d53ce-6f8b-4fe6-a107-49258674ffac','48b2c3c0-789a-4bc2-91ed-f43bcc9bfa23','fd846366-cbcf-11e7-97a3-94de807a9669','UserBlocked'),('5424d3c7-d1c4-4d80-9036-05c1ca6b6346','a7dbd8d9-7c1e-4e5f-bf6b-0d108b222f97','fd9c98fa-cbcf-11e7-97a3-94de807a9669','+375296661932'),('54d1acda-d768-4448-9c6b-acc9856fbf83','3cfaec51-29c8-43b4-9f6a-8a1c24c5a199','fd80811d-cbcf-11e7-97a3-94de807a9669','350 BYN'),('55140b32-21c1-4724-aae6-1d0d8cc1afb2','d13e4c5b-2220-4617-aa59-aa665c3c8ddc','4c360ca4-d466-11e7-bdec-94de807a9669','APPROVED'),('55489afe-1b46-43b6-9707-af7e14522f65','7ebd1d2e-4025-4e7b-b0c8-aafa63f5beb2','fd411f3e-cbcf-11e7-97a3-94de807a9669','Есть'),('55f34570-2320-4d18-9346-2c22149cd639','a7dbd8d9-7c1e-4e5f-bf6b-0d108b222f97','e7fed6d6-d465-11e7-bdec-94de807a9669','BLOCKED'),('562541a0-bbf8-45ab-87b3-b40438f85095','d1e0d959-13c7-4e71-b959-65f6032ee94e','fd80811d-cbcf-11e7-97a3-94de807a9669','1 BYN'),('562bacf9-6586-4048-be09-62856e14b059','ec85a4f1-f2c6-4d38-bb54-6a9fa6cec8c1','ffdf2dfd-d466-11e7-bdec-94de807a9669','26.12.2017'),('565743a5-ee1b-4ed1-8f86-4bd119f97c57','ccc892dc-8e23-4c1a-aa71-5666d9c31f5d','fd80811d-cbcf-11e7-97a3-94de807a9669','73 BYN'),('566d9b53-3e23-4e1b-8c73-931fd95760d1','9c32c04b-52f5-4353-9192-afa91b79c6c5','fd80811d-cbcf-11e7-97a3-94de807a9669','100 BYN'),('56d724d0-f3c1-4889-93dd-bbd993a975fb','add9a3d9-4da3-4381-b789-6ce52e5d1f34','526b1cd0-d466-11e7-bdec-94de807a9669','Двушка'),('5847812e-e55e-4a84-aade-84240779506e','76c90b07-c702-4fcf-b8cc-d003c24949d2','04f96ae8-d467-11e7-bdec-94de807a9669','1b_sJD85SegmiYxPpTlk-GECl9BwMIts5'),('58563a6d-6313-4d1c-8b30-f48311a1c5a0','ccc892dc-8e23-4c1a-aa71-5666d9c31f5d','7193182c-d466-11e7-bdec-94de807a9669','Cтерео, 4 Вт, USB+карты microSD, цифровой тюнер радио, BT, питание: от сети/батарейки'),('587cd8b1-d432-4fea-96f5-687d5171cc51','d3689e94-630a-444a-9a7e-fcd009ea2f36','fd5a585b-cbcf-11e7-97a3-94de807a9669','Дизель'),('5891fb19-31b0-4807-b4db-a42b4a367a96','76c90b07-c702-4fcf-b8cc-d003c24949d2','fd377038-cbcf-11e7-97a3-94de807a9669','Yamaha'),('58b27cb3-761b-46fa-b68c-dbe658db1bc5','ea491785-4161-4612-8b58-f15b57cc1965','fcb5c185-cbcf-11e7-97a3-94de807a9669','Лето'),('59817404-6466-4514-b875-83ade8e72ad4','b3966f98-cf8f-4a80-ad82-b442b7766edc','fd8c09c4-cbcf-11e7-97a3-94de807a9669','Technics'),('5ab5f87f-9246-4bd7-a663-93c4a7468c92','7afa7e63-fa8a-442c-a92a-3f7b5bac31ec','fd87f935-cbcf-11e7-97a3-94de807a9669','PHONES'),('5abc067e-74db-4762-9362-e5b0ad3a339f','d3689e94-630a-444a-9a7e-fcd009ea2f36','ffdf2dfd-d466-11e7-bdec-94de807a9669','26.12.2017'),('5b7489cb-b661-49ef-883f-cc28f920e4c8','a7dbd8d9-7c1e-4e5f-bf6b-0d108b222f97','981076e8-d465-11e7-bdec-94de807a9669','2017.12.26'),('5b8a8e21-1e83-4623-8ef1-b11d0cf91b05','ec85a4f1-f2c6-4d38-bb54-6a9fa6cec8c1','fd8c09c4-cbcf-11e7-97a3-94de807a9669','Garden'),('5bfd11e1-f7ad-49d4-843a-101fac9b639e','add9a3d9-4da3-4381-b789-6ce52e5d1f34','ffdf2dfd-d466-11e7-bdec-94de807a9669','26.12.2017'),('5c3b12c5-044a-4479-aa31-a1ec46e8e62f','48b2c3c0-789a-4bc2-91ed-f43bcc9bfa23','02b0d542-d467-11e7-bdec-94de807a9669','26.12.2017'),('5c86f906-7c78-4661-a4bf-3c0382bb55ff','c0a72fed-ec33-4e83-b751-5b773b786698','526b1cd0-d466-11e7-bdec-94de807a9669','Гараж'),('5d6342e5-eb06-4261-892a-f5b2fed195ad','5cef813c-1940-47e9-aa43-bfc25d7ca3f7','ffdf2dfd-d466-11e7-bdec-94de807a9669','26.12.2017'),('5d8fc9a6-b57d-4666-95e2-7e1775caa8ff','38afdd94-d245-4dc3-9f19-1f5fedb50411','fdad14d4-cbcf-11e7-97a3-94de807a9669','Минск'),('5db1d3d7-cc89-11e7-b012-94de807a9669','d6ff7106-8774-4913-9912-7a051cbec313','861212ce-cc68-11e7-b012-94de807a9669','HOUSES_VILLAS_COTTAGES'),('5db25fe7-cc89-11e7-b012-94de807a9669','d6ff7106-8774-4913-9912-7a051cbec313','77453fa6-cc68-11e7-b012-94de807a9669','Realty'),('5db29f61-cc89-11e7-b012-94de807a9669','d6ff7106-8774-4913-9912-7a051cbec313','e0bcd771-cc68-11e7-b012-94de807a9669','fcf27cb8-cbcf-11e7-97a3-94de807a9669'),('5db31d4c-cc89-11e7-b012-94de807a9669','d6ff7106-8774-4913-9912-7a051cbec313','e0bcd771-cc68-11e7-b012-94de807a9669','fcfd9280-cbcf-11e7-97a3-94de807a9669'),('5dbf799e-cc89-11e7-b012-94de807a9669','d6ff7106-8774-4913-9912-7a051cbec313','e0bcd771-cc68-11e7-b012-94de807a9669','fcae6055-cbcf-11e7-97a3-94de807a9669'),('5dbfb9b6-cc89-11e7-b012-94de807a9669','d6ff7106-8774-4913-9912-7a051cbec313','e0bcd771-cc68-11e7-b012-94de807a9669','fd155db0-cbcf-11e7-97a3-94de807a9669'),('5dc06b0f-cc89-11e7-b012-94de807a9669','d6ff7106-8774-4913-9912-7a051cbec313','e0bcd771-cc68-11e7-b012-94de807a9669','fd076387-cbcf-11e7-97a3-94de807a9669'),('5dcf77ab-cc89-11e7-b012-94de807a9669','d6ff7106-8774-4913-9912-7a051cbec313','e0bcd771-cc68-11e7-b012-94de807a9669','fd19c17c-cbcf-11e7-97a3-94de807a9669'),('5ec005d5-5a83-44f3-924e-12115da255f6','35803403-d7a4-4ca8-9f2b-f351bc959163','fd9c98fa-cbcf-11e7-97a3-94de807a9669','+375291945235'),('5f71285f-267e-48c2-a338-a52888c27090','8c760e10-a592-4d90-a217-81ae2fcabf5b','fd80811d-cbcf-11e7-97a3-94de807a9669','200 BYN'),('5fba44a2-bea9-4abb-b9fc-1225033e5d6b','9c32c04b-52f5-4353-9192-afa91b79c6c5','fd8c09c4-cbcf-11e7-97a3-94de807a9669','Fashion'),('5ff6fcea-a337-4bc6-ac50-ae2729fdbbb9','53fb07b5-ded8-41c4-b1de-5a51465c552b','fd80811d-cbcf-11e7-97a3-94de807a9669','500 $'),('60730543-3297-4357-b650-81bf2f3c5567','b5bd9078-e67f-4792-95d6-7a7c5a688ac2','02b0d542-d467-11e7-bdec-94de807a9669','26.12.2017'),('60c5e980-1bdb-4dd8-9c2b-162afe5bc6bd','7afa7e63-fa8a-442c-a92a-3f7b5bac31ec','04f96ae8-d467-11e7-bdec-94de807a9669','1NFZ41g3Fv8S2qFPulKQiobuYAL2OC4D5'),('614a6e55-cc88-11e7-b012-94de807a9669','e1e75bac-e2d8-48cc-99ee-1ac80a00ab52','861212ce-cc68-11e7-b012-94de807a9669','HOUSEHOLD_GOODS'),('614ab941-cc88-11e7-b012-94de807a9669','e1e75bac-e2d8-48cc-99ee-1ac80a00ab52','77453fa6-cc68-11e7-b012-94de807a9669','House'),('614b1ac7-cc88-11e7-b012-94de807a9669','e1e75bac-e2d8-48cc-99ee-1ac80a00ab52','e0bcd771-cc68-11e7-b012-94de807a9669','fcae6055-cbcf-11e7-97a3-94de807a9669'),('614c74dd-ad8a-4108-8dba-b34137918d01','d1e0d959-13c7-4e71-b959-65f6032ee94e','4c360ca4-d466-11e7-bdec-94de807a9669','MODERATION'),('62297cb1-9dcb-4091-93a6-153da68979ae','ccc892dc-8e23-4c1a-aa71-5666d9c31f5d','fcae6055-cbcf-11e7-97a3-94de807a9669','хорошее'),('62ed867b-52fd-4a55-9808-6cf8faa31f28','a7dbd8d9-7c1e-4e5f-bf6b-0d108b222f97','fd8fc8a5-cbcf-11e7-97a3-94de807a9669','9'),('632dcf37-d00b-4484-9712-4c6f1bb925d4','09aef16a-fe54-4a0f-a005-e7a6f338baad','fd5d644f-cbcf-11e7-97a3-94de807a9669','Красненький'),('633e4403-1bf3-4dc5-9798-2ce73d7d9109','93970883-33cd-4583-a1e5-cf3b2b015c1a','fd076387-cbcf-11e7-97a3-94de807a9669','2017'),('640686b3-c4bf-41a3-ab19-994fdc145c6a','7afa7e63-fa8a-442c-a92a-3f7b5bac31ec','ffdf2dfd-d466-11e7-bdec-94de807a9669','26.12.2017'),('6495bfd9-a04a-4866-950e-0663277feac7','f9d5db25-1d99-4b08-b8bb-37cd70cee816','fcae6055-cbcf-11e7-97a3-94de807a9669','Теплая'),('65ac1eb3-6fbc-40e6-8b64-cab5347ef618','c0a72fed-ec33-4e83-b751-5b773b786698','ffdf2dfd-d466-11e7-bdec-94de807a9669','26.12.2017'),('65f7c036-42ac-483a-b4ff-1f5b3fa178d2','53fb07b5-ded8-41c4-b1de-5a51465c552b','02b0d542-d467-11e7-bdec-94de807a9669','26.12.2017'),('660c5363-5cd3-4760-b0a4-73d066ec92ff','a7dbd8d9-7c1e-4e5f-bf6b-0d108b222f97','cff83967-d465-11e7-bdec-94de807a9669','10JlNecbBpXAOn8ZVQHfTN8j3kqTQTaBi'),('664f2607-856b-4d1b-8d9b-122b496754c9','b5bd9078-e67f-4792-95d6-7a7c5a688ac2','ffdf2dfd-d466-11e7-bdec-94de807a9669','26.12.2017'),('666100cf-6c36-433f-8a29-5ae2a9d43d55','f134d405-c3ca-4d20-82f7-24af6f242358','fd0bcd2f-cbcf-11e7-97a3-94de807a9669','Нет'),('66af282f-8b9d-46ef-a06a-90b668429656','5e64a57e-9746-4063-9636-9f2aeebe18fe','fda0bbe9-cbcf-11e7-97a3-94de807a9669','1999-03-09'),('6714be3f-0ea7-4e42-ad19-f53ebfd3d59c','38afdd94-d245-4dc3-9f19-1f5fedb50411','981076e8-d465-11e7-bdec-94de807a9669','2017.12.26'),('67b83c18-4de5-48b9-aa9c-3ccbdfb5aa62','53fb07b5-ded8-41c4-b1de-5a51465c552b','fd377038-cbcf-11e7-97a3-94de807a9669','IPhone'),('688d39fe-7e45-4283-9308-bd0d5c3ecc93','628940f2-b94b-4c68-8eca-b15e85f9f20b','fd87f935-cbcf-11e7-97a3-94de807a9669','WOMEN_CLOTHING'),('68ae25ee-b6f7-4cee-93d7-9be24ad55be1','b5bd9078-e67f-4792-95d6-7a7c5a688ac2','fd80811d-cbcf-11e7-97a3-94de807a9669','100 BYN'),('690e50cc-a297-46f4-bdfc-594ecb074aeb','ea491785-4161-4612-8b58-f15b57cc1965','fd846366-cbcf-11e7-97a3-94de807a9669','Tanushka'),('697e1268-e766-4a0f-8a7f-9ba12cb768fd','d3689e94-630a-444a-9a7e-fcd009ea2f36','7193182c-d466-11e7-bdec-94de807a9669','Хочу новую машину.'),('6a3ee111-c4f1-43bb-9b3a-e82d21efaeab','f134d405-c3ca-4d20-82f7-24af6f242358','04f96ae8-d467-11e7-bdec-94de807a9669','-1'),('6b48026f-4b9a-4da8-afca-6b8d7a3f0ff6','93970883-33cd-4583-a1e5-cf3b2b015c1a','fcf27cb8-cbcf-11e7-97a3-94de807a9669','2'),('6b4df529-44e4-4e6e-932e-4538a26e4239','d13e4c5b-2220-4617-aa59-aa665c3c8ddc','fd87f935-cbcf-11e7-97a3-94de807a9669','PETS'),('6b612169-b75a-47cf-81ac-95088f70bd0d','5cef813c-1940-47e9-aa43-bfc25d7ca3f7','04f96ae8-d467-11e7-bdec-94de807a9669','1HVCv1dsplRJpN1cK2J87w6XXu6c9nNDc'),('6bd72a9d-589a-46e4-bb1b-c811a84c7451','dd9c5344-1b87-4b6c-bd6f-830aca3addd0','fd846366-cbcf-11e7-97a3-94de807a9669','UserUnblocked'),('6bfd6951-cc88-11e7-b012-94de807a9669','65b4499d-350b-454a-8a9c-ff4f0b4c3886','861212ce-cc68-11e7-b012-94de807a9669','DISHES_AND_COOKING_UTENSILS'),('6bfdb5df-cc88-11e7-b012-94de807a9669','65b4499d-350b-454a-8a9c-ff4f0b4c3886','77453fa6-cc68-11e7-b012-94de807a9669','House'),('6bfdef5c-cc88-11e7-b012-94de807a9669','65b4499d-350b-454a-8a9c-ff4f0b4c3886','e0bcd771-cc68-11e7-b012-94de807a9669','fcae6055-cbcf-11e7-97a3-94de807a9669'),('6c71b3a8-5df4-4530-8f97-84fc64266217','09aef16a-fe54-4a0f-a005-e7a6f338baad','fd5721bd-cbcf-11e7-97a3-94de807a9669','Седан'),('6ce9b11b-af19-4103-9ad6-5c8f84646480','48b2c3c0-789a-4bc2-91ed-f43bcc9bfa23','4c360ca4-d466-11e7-bdec-94de807a9669','APPROVED'),('6d6ebe01-acfa-4f20-8cdf-3693d87be736','5e64a57e-9746-4063-9636-9f2aeebe18fe','cff83967-d465-11e7-bdec-94de807a9669','1MpjP8jCXv5XrWY-ppr6HoIBo4Qo_dwme'),('6df43df6-4dda-4034-8bd0-90665dba636a','0610521e-fb6b-4b50-96e5-3b71635f0cd9','ffdf2dfd-d466-11e7-bdec-94de807a9669','26.12.2017'),('6e306e41-2326-4e92-b7e9-7de121bffcc5','179a7019-2e3a-48ce-848d-1531d4751c3c','7193182c-d466-11e7-bdec-94de807a9669','Венгерские, носила только на выпускном.'),('6e371b1d-2533-44ae-bfce-9031327a0463','dd9c5344-1b87-4b6c-bd6f-830aca3addd0','fd3ddaa2-cbcf-11e7-97a3-94de807a9669','1.7'),('6ea29427-e598-4881-a104-426b39845a61','35803403-d7a4-4ca8-9f2b-f351bc959163','03de98c9-d466-11e7-bdec-94de807a9669','0'),('7145bc4b-d9e4-11e7-98e7-94de807a9669','76533419-d9e2-11e7-98e7-94de807a9669','03de98c9-d466-11e7-bdec-94de807a9669','54'),('7145c2db-d9e4-11e7-98e7-94de807a9669','76533419-d9e2-11e7-98e7-94de807a9669','981076e8-d465-11e7-bdec-94de807a9669','22.01.2017'),('7145c4a0-d9e4-11e7-98e7-94de807a9669','76533419-d9e2-11e7-98e7-94de807a9669','e7fed6d6-d465-11e7-bdec-94de807a9669','ADMINISTRATOR'),('7145c658-d9e4-11e7-98e7-94de807a9669','76533419-d9e2-11e7-98e7-94de807a9669','fd8fc8a5-cbcf-11e7-97a3-94de807a9669','1'),('7145c7f4-d9e4-11e7-98e7-94de807a9669','76533419-d9e2-11e7-98e7-94de807a9669','fd93b41b-cbcf-11e7-97a3-94de807a9669','Ткачев Иван Николаевич'),('71480e4c-d9e4-11e7-98e7-94de807a9669','76533419-d9e2-11e7-98e7-94de807a9669','fd97346f-cbcf-11e7-97a3-94de807a9669','М'),('7148221a-d9e4-11e7-98e7-94de807a9669','76533419-d9e2-11e7-98e7-94de807a9669','fd9c98fa-cbcf-11e7-97a3-94de807a9669','+375291112233'),('71482327-d9e4-11e7-98e7-94de807a9669','76533419-d9e2-11e7-98e7-94de807a9669','fda0bbe9-cbcf-11e7-97a3-94de807a9669','31.12.1999'),('71482418-d9e4-11e7-98e7-94de807a9669','76533419-d9e2-11e7-98e7-94de807a9669','fda621dc-cbcf-11e7-97a3-94de807a9669','ivanische@gmail.com'),('714bd102-d9e4-11e7-98e7-94de807a9669','76533419-d9e2-11e7-98e7-94de807a9669','fdad14d4-cbcf-11e7-97a3-94de807a9669','Минск'),('72872703-c622-4f52-ad90-2b410c85315b','179a7019-2e3a-48ce-848d-1531d4751c3c','fd8c09c4-cbcf-11e7-97a3-94de807a9669','Fashion'),('72f2a72e-cc89-11e7-b012-94de807a9669','a508e29b-a2fc-4e49-8f1c-29ca37a522af','861212ce-cc68-11e7-b012-94de807a9669','GARAGES'),('72f317ff-cc89-11e7-b012-94de807a9669','a508e29b-a2fc-4e49-8f1c-29ca37a522af','77453fa6-cc68-11e7-b012-94de807a9669','Realty'),('72f369ed-cc89-11e7-b012-94de807a9669','a508e29b-a2fc-4e49-8f1c-29ca37a522af','e0bcd771-cc68-11e7-b012-94de807a9669','fd1cd34e-cbcf-11e7-97a3-94de807a9669'),('72f3a08d-cc89-11e7-b012-94de807a9669','a508e29b-a2fc-4e49-8f1c-29ca37a522af','e0bcd771-cc68-11e7-b012-94de807a9669','fd155db0-cbcf-11e7-97a3-94de807a9669'),('73f2023d-cc86-11e7-b012-94de807a9669','7c0e663a-65a1-40d0-b2cc-9143212e5dfe','861212ce-cc68-11e7-b012-94de807a9669','MEN_SHOES'),('73f4f81b-cc86-11e7-b012-94de807a9669','7c0e663a-65a1-40d0-b2cc-9143212e5dfe','77453fa6-cc68-11e7-b012-94de807a9669','Fashion'),('73f59d98-cc86-11e7-b012-94de807a9669','7c0e663a-65a1-40d0-b2cc-9143212e5dfe','e0bcd771-cc68-11e7-b012-94de807a9669','fcae6055-cbcf-11e7-97a3-94de807a9669'),('73f66ab0-cc86-11e7-b012-94de807a9669','7c0e663a-65a1-40d0-b2cc-9143212e5dfe','e0bcd771-cc68-11e7-b012-94de807a9669','fcb5c185-cbcf-11e7-97a3-94de807a9669'),('73f780b7-cc86-11e7-b012-94de807a9669','7c0e663a-65a1-40d0-b2cc-9143212e5dfe','e0bcd771-cc68-11e7-b012-94de807a9669','fcd7dc6a-cbcf-11e7-97a3-94de807a9669'),('73f7de6d-cc86-11e7-b012-94de807a9669','7c0e663a-65a1-40d0-b2cc-9143212e5dfe','e0bcd771-cc68-11e7-b012-94de807a9669','fcce6802-cbcf-11e7-97a3-94de807a9669'),('7439e7f8-b66f-4f58-a563-0b0030c21391','38afdd94-d245-4dc3-9f19-1f5fedb50411','cff83967-d465-11e7-bdec-94de807a9669','-1'),('75ac9958-bda1-48ca-a3ac-2e340d1ddc13','09aef16a-fe54-4a0f-a005-e7a6f338baad','02b0d542-d467-11e7-bdec-94de807a9669','26.12.2017'),('75b4cc6a-5eab-4c59-99a2-1f67efd0c4fd','b3966f98-cf8f-4a80-ad82-b442b7766edc','ffdf2dfd-d466-11e7-bdec-94de807a9669','26.12.2017'),('75f341e0-3c52-4f22-8536-6edbc82ec91e','48b2c3c0-789a-4bc2-91ed-f43bcc9bfa23','fd27a0f1-cbcf-11e7-97a3-94de807a9669','Sony'),('76c9efa4-996f-45e3-83a1-e7f142fb8385','7ebd1d2e-4025-4e7b-b0c8-aafa63f5beb2','7193182c-d466-11e7-bdec-94de807a9669','Купил XBOX One, эта больше нужна.'),('77a4390e-64ba-4a54-9eb0-96f452f81fb3','76c90b07-c702-4fcf-b8cc-d003c24949d2','fd5400b1-cbcf-11e7-97a3-94de807a9669','1200 км'),('77a90961-89bb-488b-a1c3-8a96318df636','7afa7e63-fa8a-442c-a92a-3f7b5bac31ec','fcdbbf28-cbcf-11e7-97a3-94de807a9669','Слайдер'),('77e624ec-b143-4b46-8508-4ea2bf40b77b','35803403-d7a4-4ca8-9f2b-f351bc959163','e7fed6d6-d465-11e7-bdec-94de807a9669','UNBLOCKED'),('7915dfd5-ba07-4d43-b188-5498c8a0253e','f9d5db25-1d99-4b08-b8bb-37cd70cee816','fd87f935-cbcf-11e7-97a3-94de807a9669','WOMEN_CLOTHING'),('79186198-bc6d-47af-8fb5-2eed9e2520d0','b5bd9078-e67f-4792-95d6-7a7c5a688ac2','fcbcd3df-cbcf-11e7-97a3-94de807a9669','Блузка'),('797a7fea-2e16-470a-9423-e6086fa87da9','76c90b07-c702-4fcf-b8cc-d003c24949d2','ffdf2dfd-d466-11e7-bdec-94de807a9669','26.12.2017'),('7a9a7fba-d53f-4491-bba8-a0caacbd4e12','df28c477-ccb1-408d-aaa6-09332eccf159','fcce6802-cbcf-11e7-97a3-94de807a9669','36'),('7b73a419-ad2c-4d08-b333-130c447fd0d1','5cef813c-1940-47e9-aa43-bfc25d7ca3f7','02b0d542-d467-11e7-bdec-94de807a9669','26.12.2017'),('7c08343b-0de9-4f25-9815-5838285bdd9f','f134d405-c3ca-4d20-82f7-24af6f242358','4c360ca4-d466-11e7-bdec-94de807a9669','CANCELED'),('7c21e6e7-668e-4b67-8c2a-016178d01590','7afa7e63-fa8a-442c-a92a-3f7b5bac31ec','fd846366-cbcf-11e7-97a3-94de807a9669','UserUnblocked'),('7c8bee89-5de5-41b3-99c1-f9458972a831','b3966f98-cf8f-4a80-ad82-b442b7766edc','02b0d542-d467-11e7-bdec-94de807a9669','26.12.2017'),('7c8cadb4-b36b-44b1-8eba-1aabf2f84454','831b7ffa-2df7-4943-9b62-bbb6c7a4966f','fd80811d-cbcf-11e7-97a3-94de807a9669','100 BYN'),('7ccc2b45-5ccc-476c-8a51-c9e6b810b6bf','179a7019-2e3a-48ce-848d-1531d4751c3c','fd87f935-cbcf-11e7-97a3-94de807a9669','WOMEN_SHOES'),('7d597121-0ed9-4051-9f7c-ca413e482fda','c0a72fed-ec33-4e83-b751-5b773b786698','4c360ca4-d466-11e7-bdec-94de807a9669','APPROVED'),('7e21603a-5d50-409a-b10b-54eed24dc84b','7ebd1d2e-4025-4e7b-b0c8-aafa63f5beb2','526b1cd0-d466-11e7-bdec-94de807a9669','XBOX 360'),('7f3b4350-5017-4cca-ab06-39636408aa95','d1e0d959-13c7-4e71-b959-65f6032ee94e','526b1cd0-d466-11e7-bdec-94de807a9669','Комната'),('7f6dd00e-40f2-4d73-97a6-5a260e4cf1af','d1e0d959-13c7-4e71-b959-65f6032ee94e','fcae6055-cbcf-11e7-97a3-94de807a9669','До ремонта'),('829e4828-4f27-4fa0-be67-89cfddb16355','0610521e-fb6b-4b50-96e5-3b71635f0cd9','fd87f935-cbcf-11e7-97a3-94de807a9669','SPARE_PARTS'),('83e08d56-294d-43b8-b22d-abb3fec55602','df28c477-ccb1-408d-aaa6-09332eccf159','fd8c09c4-cbcf-11e7-97a3-94de807a9669','Fashion'),('84155da0-472b-4a54-abf7-dfb76620378d','ec85a4f1-f2c6-4d38-bb54-6a9fa6cec8c1','fd6ff160-cbcf-11e7-97a3-94de807a9669','1 упаковка'),('84c20678-4d8d-4583-af8b-fbdcfd7caba0','c0a72fed-ec33-4e83-b751-5b773b786698','02b0d542-d467-11e7-bdec-94de807a9669','26.12.2017'),('84fea12a-54f8-4af2-90d3-3913cc73b00d','df28c477-ccb1-408d-aaa6-09332eccf159','fd87f935-cbcf-11e7-97a3-94de807a9669','WOMEN_SHOES'),('859d9b80-7918-4576-8033-ca06fa6fc8d8','c0a72fed-ec33-4e83-b751-5b773b786698','04f96ae8-d467-11e7-bdec-94de807a9669','1p4H0Ov39bnBJ-CnJ8SSpbwo42vbjDBfH'),('8615cf66-76d5-4b56-829a-480556832976','df28c477-ccb1-408d-aaa6-09332eccf159','04f96ae8-d467-11e7-bdec-94de807a9669','-1'),('870b39f5-f476-4d79-9d99-59a755354a1d','48b2c3c0-789a-4bc2-91ed-f43bcc9bfa23','fcdbbf28-cbcf-11e7-97a3-94de807a9669','Приставка'),('87c3df08-0a67-4195-b801-499158346cb9','179a7019-2e3a-48ce-848d-1531d4751c3c','fd846366-cbcf-11e7-97a3-94de807a9669','Tanushka'),('8895ae69-bf48-4e54-a90d-7a3029fdfaa3','53fb07b5-ded8-41c4-b1de-5a51465c552b','fcae6055-cbcf-11e7-97a3-94de807a9669','Ему год'),('889c116f-1b3b-4431-959f-f79889334a1e','25e2edcb-6952-4ab0-a97e-6bea2835433a','981076e8-d465-11e7-bdec-94de807a9669','2017.12.26'),('88b361a2-2f0c-452e-8449-10c3143c1d70','df28c477-ccb1-408d-aaa6-09332eccf159','ffdf2dfd-d466-11e7-bdec-94de807a9669','26.12.2017'),('89a4f02f-4ad5-4649-8046-91e6fb3651df','f9d5db25-1d99-4b08-b8bb-37cd70cee816','526b1cd0-d466-11e7-bdec-94de807a9669','Шуба'),('89d673a8-4a99-441e-8231-6eb8c9443d60','b3966f98-cf8f-4a80-ad82-b442b7766edc','fd80811d-cbcf-11e7-97a3-94de807a9669','100 BYN'),('8a3b116e-bbd6-4f6f-9366-37d999c9989e','ec85a4f1-f2c6-4d38-bb54-6a9fa6cec8c1','526b1cd0-d466-11e7-bdec-94de807a9669','Семена помидоа'),('8a50e918-ecaf-44d2-99e1-136462a162e2','7ebd1d2e-4025-4e7b-b0c8-aafa63f5beb2','fd87f935-cbcf-11e7-97a3-94de807a9669','GAMES_AND_CONSOLES'),('8a9e47d5-cc8a-11e7-b012-94de807a9669','d052c832-eff4-41e2-a703-957a680b5948','861212ce-cc68-11e7-b012-94de807a9669','CARS'),('8a9e9ecc-cc8a-11e7-b012-94de807a9669','d052c832-eff4-41e2-a703-957a680b5948','77453fa6-cc68-11e7-b012-94de807a9669','Auto'),('8a9ecb16-cc8a-11e7-b012-94de807a9669','d052c832-eff4-41e2-a703-957a680b5948','e0bcd771-cc68-11e7-b012-94de807a9669','fd377038-cbcf-11e7-97a3-94de807a9669'),('8a9f1e2a-cc8a-11e7-b012-94de807a9669','d052c832-eff4-41e2-a703-957a680b5948','e0bcd771-cc68-11e7-b012-94de807a9669','fd4dc016-cbcf-11e7-97a3-94de807a9669'),('8a9f5332-cc8a-11e7-b012-94de807a9669','d052c832-eff4-41e2-a703-957a680b5948','e0bcd771-cc68-11e7-b012-94de807a9669','fd50b9f6-cbcf-11e7-97a3-94de807a9669'),('8a9f8339-cc8a-11e7-b012-94de807a9669','d052c832-eff4-41e2-a703-957a680b5948','e0bcd771-cc68-11e7-b012-94de807a9669','fd5400b1-cbcf-11e7-97a3-94de807a9669'),('8a9fad11-cc8a-11e7-b012-94de807a9669','d052c832-eff4-41e2-a703-957a680b5948','e0bcd771-cc68-11e7-b012-94de807a9669','fd5721bd-cbcf-11e7-97a3-94de807a9669'),('8a9fd9e9-cc8a-11e7-b012-94de807a9669','d052c832-eff4-41e2-a703-957a680b5948','e0bcd771-cc68-11e7-b012-94de807a9669','fd5a585b-cbcf-11e7-97a3-94de807a9669'),('8aa009f7-cc8a-11e7-b012-94de807a9669','d052c832-eff4-41e2-a703-957a680b5948','e0bcd771-cc68-11e7-b012-94de807a9669','fd5d644f-cbcf-11e7-97a3-94de807a9669'),('8adbd6ce-87b7-4d5d-81f1-ad19fcca273d','f134d405-c3ca-4d20-82f7-24af6f242358','fd846366-cbcf-11e7-97a3-94de807a9669','UserBlocked'),('8b841aaf-31e5-4e83-9a17-77ae35d92b68','0610521e-fb6b-4b50-96e5-3b71635f0cd9','4c360ca4-d466-11e7-bdec-94de807a9669','CANCELED'),('8bd697a0-cc89-11e7-b012-94de807a9669','9283ad0d-37a5-4d4e-98c3-02f31e5c7b55','861212ce-cc68-11e7-b012-94de807a9669','HOMESTEAD'),('8bd6f53c-cc89-11e7-b012-94de807a9669','9283ad0d-37a5-4d4e-98c3-02f31e5c7b55','77453fa6-cc68-11e7-b012-94de807a9669','Realty'),('8bd74209-cc89-11e7-b012-94de807a9669','9283ad0d-37a5-4d4e-98c3-02f31e5c7b55','e0bcd771-cc68-11e7-b012-94de807a9669','fd1fffff-cbcf-11e7-97a3-94de807a9669'),('8bd79c03-cc89-11e7-b012-94de807a9669','9283ad0d-37a5-4d4e-98c3-02f31e5c7b55','e0bcd771-cc68-11e7-b012-94de807a9669','fd235de6-cbcf-11e7-97a3-94de807a9669'),('8cf019b6-52f3-49d8-b59d-a83799a2e1e1','48b2c3c0-789a-4bc2-91ed-f43bcc9bfa23','fcae6055-cbcf-11e7-97a3-94de807a9669','Страная'),('8d224853-b165-4850-b1d1-922525560ebe','5e64a57e-9746-4063-9636-9f2aeebe18fe','fdad14d4-cbcf-11e7-97a3-94de807a9669','Могилев'),('8d32b8c2-d619-4212-9437-2abdb7e09c1a','ea491785-4161-4612-8b58-f15b57cc1965','fcae6055-cbcf-11e7-97a3-94de807a9669','Порвалась'),('8de29294-e72b-452a-abb9-9cb14c8db3b2','d3689e94-630a-444a-9a7e-fcd009ea2f36','4c360ca4-d466-11e7-bdec-94de807a9669','CANCELED'),('8e4262c8-97a5-49e7-aa1e-a28796d04602','93970883-33cd-4583-a1e5-cf3b2b015c1a','fd87f935-cbcf-11e7-97a3-94de807a9669','APARTMENTS'),('8e660896-bcdc-456e-9c36-469d1f1f06b0','dd9c5344-1b87-4b6c-bd6f-830aca3addd0','04f96ae8-d467-11e7-bdec-94de807a9669','1DrEt89NxM9YQOyHCp8oALrcec04S-N5I'),('8facb27c-e94a-4fe3-b278-37cc98a85fb8','f134d405-c3ca-4d20-82f7-24af6f242358','02b0d542-d467-11e7-bdec-94de807a9669','26.12.2017'),('8fcc212d-3641-498d-978d-41dee85d8651','8c760e10-a592-4d90-a217-81ae2fcabf5b','fd87f935-cbcf-11e7-97a3-94de807a9669','PHONES'),('8fd8dd00-6ec8-420c-bb84-2a5e97a164dc','628940f2-b94b-4c68-8eca-b15e85f9f20b','fcbcd3df-cbcf-11e7-97a3-94de807a9669','Выпускное платье'),('904f3390-76b9-4027-b3af-601f3a723c11','a7dbd8d9-7c1e-4e5f-bf6b-0d108b222f97','fda0bbe9-cbcf-11e7-97a3-94de807a9669','2000-01-02'),('9064fab7-8100-4a26-be36-38ea6b8a396f','869e0b51-7384-40fa-93cc-ce8e1fbbc503','fd8c09c4-cbcf-11e7-97a3-94de807a9669','Auto'),('916d2a70-a8e4-4844-a439-443352d78755','add9a3d9-4da3-4381-b789-6ce52e5d1f34','fd846366-cbcf-11e7-97a3-94de807a9669','Tanushka'),('926d0068-f6a4-480d-a520-9ca336b2f6c6','a7dbd8d9-7c1e-4e5f-bf6b-0d108b222f97','fda621dc-cbcf-11e7-97a3-94de807a9669','blocked@bsu.by'),('92a37915-ca30-4b7c-bbd1-2350db451bbc','f134d405-c3ca-4d20-82f7-24af6f242358','fcae6055-cbcf-11e7-97a3-94de807a9669','Жить можно'),('9410b93e-6972-4940-864c-8969ebc48fed','179a7019-2e3a-48ce-848d-1531d4751c3c','ffdf2dfd-d466-11e7-bdec-94de807a9669','26.12.2017'),('94b5d404-b631-4ff2-a2cd-671bad062c72','ec85a4f1-f2c6-4d38-bb54-6a9fa6cec8c1','fd846366-cbcf-11e7-97a3-94de807a9669','UserUnblocked'),('94ba9ecd-cc88-11e7-b012-94de807a9669','e6d19511-c01f-4c2f-8bda-b4e7a545c984','861212ce-cc68-11e7-b012-94de807a9669','INDOOR_PLANTS'),('94bc6dd0-cc88-11e7-b012-94de807a9669','e6d19511-c01f-4c2f-8bda-b4e7a545c984','77453fa6-cc68-11e7-b012-94de807a9669','House'),('94bef78d-cc88-11e7-b012-94de807a9669','e6d19511-c01f-4c2f-8bda-b4e7a545c984','e0bcd771-cc68-11e7-b012-94de807a9669','fce89f0e-cbcf-11e7-97a3-94de807a9669'),('95986ad3-0985-4aa3-9975-bc24557443fb','53fb07b5-ded8-41c4-b1de-5a51465c552b','526b1cd0-d466-11e7-bdec-94de807a9669','АЙФОН'),('970777f9-ef91-4b5c-91f6-8f6ee806d588','25e2edcb-6952-4ab0-a97e-6bea2835433a','e7fed6d6-d465-11e7-bdec-94de807a9669','UNBLOCKED'),('975ea38e-3f35-4110-97e0-63ce66723fce','76c90b07-c702-4fcf-b8cc-d003c24949d2','fd87f935-cbcf-11e7-97a3-94de807a9669','MOTORCYCLES'),('977cca7a-ff9e-4567-896f-8186fbc3911d','5e64a57e-9746-4063-9636-9f2aeebe18fe','fd9c98fa-cbcf-11e7-97a3-94de807a9669','+375292929111'),('97907be3-cc8b-11e7-b012-94de807a9669','0a9368fe-7202-418f-a321-3322304a5df8','861212ce-cc68-11e7-b012-94de807a9669','GREENHOUSES'),('9790bd56-cc8b-11e7-b012-94de807a9669','0a9368fe-7202-418f-a321-3322304a5df8','77453fa6-cc68-11e7-b012-94de807a9669','Garden'),('9790fe0f-cc8b-11e7-b012-94de807a9669','0a9368fe-7202-418f-a321-3322304a5df8','e0bcd771-cc68-11e7-b012-94de807a9669','fcae6055-cbcf-11e7-97a3-94de807a9669'),('9792293f-cc8b-11e7-b012-94de807a9669','0a9368fe-7202-418f-a321-3322304a5df8','e0bcd771-cc68-11e7-b012-94de807a9669','fd6518de-cbcf-11e7-97a3-94de807a9669'),('97928928-cc8b-11e7-b012-94de807a9669','0a9368fe-7202-418f-a321-3322304a5df8','e0bcd771-cc68-11e7-b012-94de807a9669','fd6861aa-cbcf-11e7-97a3-94de807a9669'),('9792bf51-cc8b-11e7-b012-94de807a9669','0a9368fe-7202-418f-a321-3322304a5df8','e0bcd771-cc68-11e7-b012-94de807a9669','fce89f0e-cbcf-11e7-97a3-94de807a9669'),('97af2627-1cc8-4f90-984a-185eba9da212','38afdd94-d245-4dc3-9f19-1f5fedb50411','fda0bbe9-cbcf-11e7-97a3-94de807a9669','1995-05-08'),('97b84c10-31ed-4b91-aeb7-34ca53a6572f','dd9c5344-1b87-4b6c-bd6f-830aca3addd0','7193182c-d466-11e7-bdec-94de807a9669','Лучший телефон в мире.'),('9983a471-5cb9-4026-8aad-5fb86deb4e74','93970883-33cd-4583-a1e5-cf3b2b015c1a','fd80811d-cbcf-11e7-97a3-94de807a9669','45000 $'),('99bbfd3c-92d8-4538-8086-b85ff6d59b64','dd9c5344-1b87-4b6c-bd6f-830aca3addd0','fd377038-cbcf-11e7-97a3-94de807a9669','Nokia'),('9a0e9edd-a02c-4e4c-b2c2-d8145143f89a','09aef16a-fe54-4a0f-a005-e7a6f338baad','fd4dc016-cbcf-11e7-97a3-94de807a9669','Polo'),('9bb5db98-9c68-4263-9a1e-20eda45b6050','d1e0d959-13c7-4e71-b959-65f6032ee94e','02b0d542-d467-11e7-bdec-94de807a9669','26.12.2017'),('9bcba1e7-a761-4bce-bbc0-a202bfa01cca','9c32c04b-52f5-4353-9192-afa91b79c6c5','fcae6055-cbcf-11e7-97a3-94de807a9669','Новые'),('9d6b9cd5-ae79-4093-8368-ce94c3c91214','7afa7e63-fa8a-442c-a92a-3f7b5bac31ec','02b0d542-d467-11e7-bdec-94de807a9669','26.12.2017'),('9d9b37d1-4a4c-4ede-8526-502dfde2b347','25e2edcb-6952-4ab0-a97e-6bea2835433a','fdad14d4-cbcf-11e7-97a3-94de807a9669','Брест'),('9dbe6f8f-b924-46e9-b1b9-d69c09d492b4','0610521e-fb6b-4b50-96e5-3b71635f0cd9','fd8c09c4-cbcf-11e7-97a3-94de807a9669','Auto'),('9dd6f165-ff27-42af-9246-fadd86d61c8d','38afdd94-d245-4dc3-9f19-1f5fedb50411','fd9c98fa-cbcf-11e7-97a3-94de807a9669','+375222345161'),('9df8a19f-0d10-4675-abb4-e0b88c8f659e','48b2c3c0-789a-4bc2-91ed-f43bcc9bfa23','04f96ae8-d467-11e7-bdec-94de807a9669','17nzRMxxXiYg63Np1kWZjto2nEmyvd7o0'),('9ee43e8d-ed0b-48ca-9fce-0bbee801eab5','831b7ffa-2df7-4943-9b62-bbb6c7a4966f','4c360ca4-d466-11e7-bdec-94de807a9669','APPROVED'),('9f02ccd2-b3c9-4e6b-b2af-65610e61b2d7','76c90b07-c702-4fcf-b8cc-d003c24949d2','7193182c-d466-11e7-bdec-94de807a9669','Накатался. Больше не нужен. Деньги нужны.'),('9f23a4b2-6f51-4c5b-bf88-c5e2fe6ee5b3','7afa7e63-fa8a-442c-a92a-3f7b5bac31ec','fd3ddaa2-cbcf-11e7-97a3-94de807a9669','2'),('9f672adf-9ab8-435f-bafe-67b85ce59921','b3966f98-cf8f-4a80-ad82-b442b7766edc','4c360ca4-d466-11e7-bdec-94de807a9669','APPROVED'),('a001360a-0065-4454-a14d-46e926245b27','25e2edcb-6952-4ab0-a97e-6bea2835433a','fd97346f-cbcf-11e7-97a3-94de807a9669','Ж'),('a04a79bf-291f-4f6d-ab3f-46fce7898ced','48b2c3c0-789a-4bc2-91ed-f43bcc9bfa23','fd87f935-cbcf-11e7-97a3-94de807a9669','GAMES_AND_CONSOLES'),('a07e51dc-6a87-45d2-91c6-b517c751a6a4','b5673d91-5f75-45ab-9b14-272a7d9358dd','fdc02d2a-cbcf-11e7-97a3-94de807a9669','DarmentUser'),('a0e2a4a5-0d0d-4b0a-8fe5-c0d940bba212','df28c477-ccb1-408d-aaa6-09332eccf159','fcd7dc6a-cbcf-11e7-97a3-94de807a9669','Сапоги'),('a12400e3-3214-4d68-9822-bca9935474fa','76c90b07-c702-4fcf-b8cc-d003c24949d2','fd8c09c4-cbcf-11e7-97a3-94de807a9669','Auto'),('a16c30b2-5308-45ce-ab4d-f47305cdd422','ec85a4f1-f2c6-4d38-bb54-6a9fa6cec8c1','4c360ca4-d466-11e7-bdec-94de807a9669','CANCELED'),('a178eb0b-2d3a-4fa6-b969-81a77d5c690b','48b2c3c0-789a-4bc2-91ed-f43bcc9bfa23','7193182c-d466-11e7-bdec-94de807a9669','Вышла PlayStation 4!'),('a1eb3506-3296-4eb2-9b8b-eb4074fe9f10','35803403-d7a4-4ca8-9f2b-f351bc959163','fda0bbe9-cbcf-11e7-97a3-94de807a9669','1994-10-24'),('a32db902-1683-49a8-9c55-d0145368975e','7afa7e63-fa8a-442c-a92a-3f7b5bac31ec','fd377038-cbcf-11e7-97a3-94de807a9669','BenqSiemens'),('a389344a-17ae-43f7-918c-ba8e5221ce38','d13e4c5b-2220-4617-aa59-aa665c3c8ddc','fd8c09c4-cbcf-11e7-97a3-94de807a9669','Animals'),('a39368c2-e513-43ce-a496-4f40f8440647','3cfaec51-29c8-43b4-9f6a-8a1c24c5a199','fd27a0f1-cbcf-11e7-97a3-94de807a9669','Yamaha'),('a410a980-cff9-40b3-b8a3-0078099446a2','dd9c5344-1b87-4b6c-bd6f-830aca3addd0','02b0d542-d467-11e7-bdec-94de807a9669','26.12.2017'),('a4374241-be94-4fee-950e-895be9a10e60','a7dbd8d9-7c1e-4e5f-bf6b-0d108b222f97','fd97346f-cbcf-11e7-97a3-94de807a9669','Ж'),('a4a4634a-9cde-4e53-918e-11aa9fcaa148','5e64a57e-9746-4063-9636-9f2aeebe18fe','981076e8-d465-11e7-bdec-94de807a9669','2017.12.26'),('a5289afc-b798-4228-8bf9-999ee7d64dd1','76c90b07-c702-4fcf-b8cc-d003c24949d2','fd846366-cbcf-11e7-97a3-94de807a9669','DarmentUser'),('a55108ec-1246-4960-b54d-5cd3a3808628','d13e4c5b-2220-4617-aa59-aa665c3c8ddc','04f96ae8-d467-11e7-bdec-94de807a9669','1ICE-8_9DNxWfzlYpNLJRdlheH1fXnR6_'),('a56eb004-26c5-4ba0-baac-01388cf5f14d','5cef813c-1940-47e9-aa43-bfc25d7ca3f7','fcfd9280-cbcf-11e7-97a3-94de807a9669','60 кв.м.'),('a5b55a1f-a289-4a69-af70-bc45a79eb095','179a7019-2e3a-48ce-848d-1531d4751c3c','fd80811d-cbcf-11e7-97a3-94de807a9669','350 €'),('a6637962-c412-474a-a721-1f43902945a1','48b2c3c0-789a-4bc2-91ed-f43bcc9bfa23','fd8c09c4-cbcf-11e7-97a3-94de807a9669','Technics'),('a76bbe36-1874-4344-a713-642f10b3df15','93970883-33cd-4583-a1e5-cf3b2b015c1a','fd8c09c4-cbcf-11e7-97a3-94de807a9669','Realty'),('a7ede34c-72ae-47e5-8bd2-fd491c0486a8','93970883-33cd-4583-a1e5-cf3b2b015c1a','ffdf2dfd-d466-11e7-bdec-94de807a9669','26.12.2017'),('a8985d3f-c950-489e-8743-bb6208b353bd','7ebd1d2e-4025-4e7b-b0c8-aafa63f5beb2','fd27a0f1-cbcf-11e7-97a3-94de807a9669','Microsoft'),('a8bbabae-fdef-462f-bcfd-82889d5203b3','5cef813c-1940-47e9-aa43-bfc25d7ca3f7','fd076387-cbcf-11e7-97a3-94de807a9669','1999'),('a8d5ae42-b77f-4511-b52a-4c58808633bd','53fb07b5-ded8-41c4-b1de-5a51465c552b','fd846366-cbcf-11e7-97a3-94de807a9669','Tanushka'),('a9643fa6-3ce0-4bb4-86eb-2a0880e4c092','d3689e94-630a-444a-9a7e-fcd009ea2f36','fd5400b1-cbcf-11e7-97a3-94de807a9669','20000 км'),('a9ec5463-195d-42f2-871a-aa53a525f967','76c90b07-c702-4fcf-b8cc-d003c24949d2','fd50b9f6-cbcf-11e7-97a3-94de807a9669','2015'),('aa0a9f27-8b8f-44cc-8c5c-164d28ff6991','a7dbd8d9-7c1e-4e5f-bf6b-0d108b222f97','fd93b41b-cbcf-11e7-97a3-94de807a9669','Заблокированный Петр Николаевич'),('aa48ac08-4e31-4f48-8302-8772ef51a447','869e0b51-7384-40fa-93cc-ce8e1fbbc503','fd80811d-cbcf-11e7-97a3-94de807a9669','200 $'),('ab19d670-6ad3-447e-96b1-de2038e4478c','d3689e94-630a-444a-9a7e-fcd009ea2f36','04f96ae8-d467-11e7-bdec-94de807a9669','1eGe-3Fa4VQK0w2PilhKe4ucVbggpSLWK'),('ab8e942d-a01c-4eae-858b-2f5f6a0d3265','ea491785-4161-4612-8b58-f15b57cc1965','02b0d542-d467-11e7-bdec-94de807a9669','26.12.2017'),('abcb4a29-f24e-4745-b13c-5e1e4179e729','38afdd94-d245-4dc3-9f19-1f5fedb50411','fda621dc-cbcf-11e7-97a3-94de807a9669','ubblocked@mail.net'),('adac6e6e-252d-49a7-8d15-6005eb5e9901','d1e0d959-13c7-4e71-b959-65f6032ee94e','fd87f935-cbcf-11e7-97a3-94de807a9669','ROOMS'),('ae93cde5-aa23-4930-bbc5-ec91a00dc7a1','ec85a4f1-f2c6-4d38-bb54-6a9fa6cec8c1','02b0d542-d467-11e7-bdec-94de807a9669','26.12.2017'),('aea3e6a1-34b4-4d8c-bcd4-e4fd91376fa0','ea491785-4161-4612-8b58-f15b57cc1965','fd8c09c4-cbcf-11e7-97a3-94de807a9669','Fashion'),('aec418e7-0212-4466-b76f-96e3eb4c2e06','f9d5db25-1d99-4b08-b8bb-37cd70cee816','fcce6802-cbcf-11e7-97a3-94de807a9669','35'),('aecf9659-2b5c-4dc4-aa31-eb1722107940','3cfaec51-29c8-43b4-9f6a-8a1c24c5a199','ffdf2dfd-d466-11e7-bdec-94de807a9669','26.12.2017'),('af4770c8-786b-41e4-bd97-cbed1323357e','5e64a57e-9746-4063-9636-9f2aeebe18fe','03de98c9-d466-11e7-bdec-94de807a9669','0'),('afeda522-d4c7-4a8d-9a0f-6dd1832cd8b2','d1e0d959-13c7-4e71-b959-65f6032ee94e','fd0bcd2f-cbcf-11e7-97a3-94de807a9669','Да'),('b0137bdb-ac2a-4790-a4d3-af72aa1d007b','179a7019-2e3a-48ce-848d-1531d4751c3c','4c360ca4-d466-11e7-bdec-94de807a9669','APPROVED'),('b0672a09-466c-4693-bd3b-b28868e7deaf','ea491785-4161-4612-8b58-f15b57cc1965','526b1cd0-d466-11e7-bdec-94de807a9669','Юбка'),('b0c78a00-629d-4465-a930-a77926fbdb33','7ebd1d2e-4025-4e7b-b0c8-aafa63f5beb2','fd4914ee-cbcf-11e7-97a3-94de807a9669','2.0'),('b184e87d-3b5d-4cab-a40d-7b752221109f','b5bd9078-e67f-4792-95d6-7a7c5a688ac2','fcce6802-cbcf-11e7-97a3-94de807a9669','35'),('b19bc546-30d2-45e9-bf67-04bfb171c7b5','5e64a57e-9746-4063-9636-9f2aeebe18fe','e7fed6d6-d465-11e7-bdec-94de807a9669','BLOCKED'),('b28132c4-66aa-4178-bdbf-257565b07f54','09aef16a-fe54-4a0f-a005-e7a6f338baad','fd846366-cbcf-11e7-97a3-94de807a9669','UserBlocked2'),('b2b23a55-15f7-4b34-8862-54ae95e834a6','a7dbd8d9-7c1e-4e5f-bf6b-0d108b222f97','fdad14d4-cbcf-11e7-97a3-94de807a9669','Борисов'),('b2f88c01-d9e4-11e7-98e7-94de807a9669','ef47ec9a-d9e3-11e7-98e7-94de807a9669','03de98c9-d466-11e7-bdec-94de807a9669','34'),('b2f9f432-d9e4-11e7-98e7-94de807a9669','ef47ec9a-d9e3-11e7-98e7-94de807a9669','981076e8-d465-11e7-bdec-94de807a9669','22.11.2017'),('b2f9f600-d9e4-11e7-98e7-94de807a9669','ef47ec9a-d9e3-11e7-98e7-94de807a9669','e7fed6d6-d465-11e7-bdec-94de807a9669','ADMINISTRATOR'),('b2f9f70d-d9e4-11e7-98e7-94de807a9669','ef47ec9a-d9e3-11e7-98e7-94de807a9669','fd8fc8a5-cbcf-11e7-97a3-94de807a9669','2'),('b2f9f82e-d9e4-11e7-98e7-94de807a9669','ef47ec9a-d9e3-11e7-98e7-94de807a9669','fd93b41b-cbcf-11e7-97a3-94de807a9669','Накакой Никто Ничейнович'),('b2f9f928-d9e4-11e7-98e7-94de807a9669','ef47ec9a-d9e3-11e7-98e7-94de807a9669','fd97346f-cbcf-11e7-97a3-94de807a9669','М'),('b2f9fa05-d9e4-11e7-98e7-94de807a9669','ef47ec9a-d9e3-11e7-98e7-94de807a9669','fd9c98fa-cbcf-11e7-97a3-94de807a9669','+375290000000'),('b2f9fae1-d9e4-11e7-98e7-94de807a9669','ef47ec9a-d9e3-11e7-98e7-94de807a9669','fda0bbe9-cbcf-11e7-97a3-94de807a9669','01.01.1900'),('b2f9fbc8-d9e4-11e7-98e7-94de807a9669','ef47ec9a-d9e3-11e7-98e7-94de807a9669','fda621dc-cbcf-11e7-97a3-94de807a9669','nikak@gmail.com'),('b2f9fce9-d9e4-11e7-98e7-94de807a9669','ef47ec9a-d9e3-11e7-98e7-94de807a9669','fdad14d4-cbcf-11e7-97a3-94de807a9669','Нигде'),('b331553f-62ab-4f70-8b35-47550a3e58b3','f9d5db25-1d99-4b08-b8bb-37cd70cee816','02b0d542-d467-11e7-bdec-94de807a9669','26.12.2017'),('b35680d8-fa7f-48c6-ad91-b0ce0c1bc3ab','0610521e-fb6b-4b50-96e5-3b71635f0cd9','fd80811d-cbcf-11e7-97a3-94de807a9669','200 $'),('b3bfc10d-6591-41bc-9671-ff200318aad0','831b7ffa-2df7-4943-9b62-bbb6c7a4966f','02b0d542-d467-11e7-bdec-94de807a9669','26.12.2017'),('b3c4b52c-443a-4054-b5dd-ddac2797b679','d1e0d959-13c7-4e71-b959-65f6032ee94e','ffdf2dfd-d466-11e7-bdec-94de807a9669','26.12.2017'),('b40e0a9d-cc89-11e7-b012-94de807a9669','965dc5c4-ea31-4baf-9f9a-947abb279c99','861212ce-cc68-11e7-b012-94de807a9669','AUDIO'),('b40e5457-cc89-11e7-b012-94de807a9669','965dc5c4-ea31-4baf-9f9a-947abb279c99','77453fa6-cc68-11e7-b012-94de807a9669','Technics'),('b40e9eff-cc89-11e7-b012-94de807a9669','965dc5c4-ea31-4baf-9f9a-947abb279c99','e0bcd771-cc68-11e7-b012-94de807a9669','fcae6055-cbcf-11e7-97a3-94de807a9669'),('b40edaee-cc89-11e7-b012-94de807a9669','965dc5c4-ea31-4baf-9f9a-947abb279c99','e0bcd771-cc68-11e7-b012-94de807a9669','fd27a0f1-cbcf-11e7-97a3-94de807a9669'),('b40f10df-cc89-11e7-b012-94de807a9669','965dc5c4-ea31-4baf-9f9a-947abb279c99','e0bcd771-cc68-11e7-b012-94de807a9669','fcdbbf28-cbcf-11e7-97a3-94de807a9669'),('b44162c1-f2b2-41f1-952c-544e83260693','8c760e10-a592-4d90-a217-81ae2fcabf5b','02b0d542-d467-11e7-bdec-94de807a9669','26.12.2017'),('b5aaf3d4-cc85-11e7-b012-94de807a9669','06786403-44cc-46dc-a4ab-99fd03c4d254','861212ce-cc68-11e7-b012-94de807a9669','MEN_CLOTHING'),('b5ad7d78-cc85-11e7-b012-94de807a9669','06786403-44cc-46dc-a4ab-99fd03c4d254','77453fa6-cc68-11e7-b012-94de807a9669','Fashion'),('b5adbf7d-cc85-11e7-b012-94de807a9669','06786403-44cc-46dc-a4ab-99fd03c4d254','e0bcd771-cc68-11e7-b012-94de807a9669','fcae6055-cbcf-11e7-97a3-94de807a9669'),('b5ae56ce-cc85-11e7-b012-94de807a9669','06786403-44cc-46dc-a4ab-99fd03c4d254','e0bcd771-cc68-11e7-b012-94de807a9669','fcb5c185-cbcf-11e7-97a3-94de807a9669'),('b5ae90dc-cc85-11e7-b012-94de807a9669','06786403-44cc-46dc-a4ab-99fd03c4d254','e0bcd771-cc68-11e7-b012-94de807a9669','fcbcd3df-cbcf-11e7-97a3-94de807a9669'),('b5aef116-cc85-11e7-b012-94de807a9669','06786403-44cc-46dc-a4ab-99fd03c4d254','e0bcd771-cc68-11e7-b012-94de807a9669','fcce6802-cbcf-11e7-97a3-94de807a9669'),('b5e753f4-2a0f-43e7-a07d-45b4ae3ff216','5cef813c-1940-47e9-aa43-bfc25d7ca3f7','4c360ca4-d466-11e7-bdec-94de807a9669','APPROVED'),('b6d99b34-1559-4e62-8d56-4d5d86c2d530','9c32c04b-52f5-4353-9192-afa91b79c6c5','fcce6802-cbcf-11e7-97a3-94de807a9669','41'),('b7b0e1ed-0f7b-4aa5-9b50-3defabb33203','76c90b07-c702-4fcf-b8cc-d003c24949d2','526b1cd0-d466-11e7-bdec-94de807a9669','Мотоцикл'),('b7b3e0ee-cc8a-11e7-b012-94de807a9669','1e9bfb7c-507a-4c16-af87-e21a9ba46f95','861212ce-cc68-11e7-b012-94de807a9669','MOTORCYCLES'),('b7b42774-cc8a-11e7-b012-94de807a9669','1e9bfb7c-507a-4c16-af87-e21a9ba46f95','77453fa6-cc68-11e7-b012-94de807a9669','Auto'),('b7b460fa-cc8a-11e7-b012-94de807a9669','1e9bfb7c-507a-4c16-af87-e21a9ba46f95','e0bcd771-cc68-11e7-b012-94de807a9669','fd377038-cbcf-11e7-97a3-94de807a9669'),('b7c5b4a2-cc8a-11e7-b012-94de807a9669','1e9bfb7c-507a-4c16-af87-e21a9ba46f95','e0bcd771-cc68-11e7-b012-94de807a9669','fd50b9f6-cbcf-11e7-97a3-94de807a9669'),('b7c5ec4a-cc8a-11e7-b012-94de807a9669','1e9bfb7c-507a-4c16-af87-e21a9ba46f95','e0bcd771-cc68-11e7-b012-94de807a9669','fd5400b1-cbcf-11e7-97a3-94de807a9669'),('b7c61ab5-cc8a-11e7-b012-94de807a9669','1e9bfb7c-507a-4c16-af87-e21a9ba46f95','e0bcd771-cc68-11e7-b012-94de807a9669','fd5d644f-cbcf-11e7-97a3-94de807a9669'),('b7e0cb02-6d1a-4ad1-90b0-3d6f0938b893','831b7ffa-2df7-4943-9b62-bbb6c7a4966f','526b1cd0-d466-11e7-bdec-94de807a9669','Свинья'),('b7eec735-c863-4109-b843-18136a8db29f','38afdd94-d245-4dc3-9f19-1f5fedb50411','03de98c9-d466-11e7-bdec-94de807a9669','0'),('b83e275e-b004-48ab-a08f-516fdad73199','35803403-d7a4-4ca8-9f2b-f351bc959163','fd97346f-cbcf-11e7-97a3-94de807a9669','М'),('b88d4710-2115-4de7-9e1b-aed711441f08','d3689e94-630a-444a-9a7e-fcd009ea2f36','fd4dc016-cbcf-11e7-97a3-94de807a9669','Astra'),('b95dc9a2-cc8b-11e7-b012-94de807a9669','27a5b7a9-9e36-447f-8938-daa8487b7b14','861212ce-cc68-11e7-b012-94de807a9669','FERTILIZERS'),('b966d688-cc8b-11e7-b012-94de807a9669','27a5b7a9-9e36-447f-8938-daa8487b7b14','77453fa6-cc68-11e7-b012-94de807a9669','Garden'),('b9676347-cc8b-11e7-b012-94de807a9669','27a5b7a9-9e36-447f-8938-daa8487b7b14','e0bcd771-cc68-11e7-b012-94de807a9669','fd6c28e2-cbcf-11e7-97a3-94de807a9669'),('b9698fbe-2d40-4465-a7d1-45201ba04413','5cef813c-1940-47e9-aa43-bfc25d7ca3f7','fd846366-cbcf-11e7-97a3-94de807a9669','DarmentUser'),('ba220703-7f9f-4d38-bfe5-6aeada44d6a2','ccc892dc-8e23-4c1a-aa71-5666d9c31f5d','fd27a0f1-cbcf-11e7-97a3-94de807a9669','BBK'),('ba288518-04c9-4d97-abb2-ed051f67c500','ccc892dc-8e23-4c1a-aa71-5666d9c31f5d','fd87f935-cbcf-11e7-97a3-94de807a9669','AUDIO'),('ba849bfa-5af7-46e5-97be-c9286a865687','869e0b51-7384-40fa-93cc-ce8e1fbbc503','fd50b9f6-cbcf-11e7-97a3-94de807a9669','1984'),('bac1694b-79b1-439d-9a86-4e3ff167ea2c','dd9c5344-1b87-4b6c-bd6f-830aca3addd0','fcdbbf28-cbcf-11e7-97a3-94de807a9669','Обычный'),('bad86675-e4bd-4dff-a349-00e04eda9fe0','5cef813c-1940-47e9-aa43-bfc25d7ca3f7','fcf27cb8-cbcf-11e7-97a3-94de807a9669','3'),('bbc87a32-fd38-4932-bbbe-d603e0e1bf89','8c760e10-a592-4d90-a217-81ae2fcabf5b','4c360ca4-d466-11e7-bdec-94de807a9669','CANCELED'),('bbd21866-0b0a-42d5-8d72-5bf7b59726ff','53fb07b5-ded8-41c4-b1de-5a51465c552b','fcdbbf28-cbcf-11e7-97a3-94de807a9669','Обычный'),('bc4e5f4a-9057-4f2b-a74b-4690ab69bb36','8e3c844e-049d-4a28-abb3-92367705db57','04f96ae8-d467-11e7-bdec-94de807a9669','1OsJdv05o5amnics2YX4ijKLhiMbFqyBD'),('bcea3189-f22f-4183-bf85-d5a29af83b19','ccc892dc-8e23-4c1a-aa71-5666d9c31f5d','fd846366-cbcf-11e7-97a3-94de807a9669','UserBlocked2'),('bd050cba-0b03-471e-9763-97d035be8920','df28c477-ccb1-408d-aaa6-09332eccf159','02b0d542-d467-11e7-bdec-94de807a9669','26.12.2017'),('bde77e6a-857e-4c32-9708-4ee372037077','3cfaec51-29c8-43b4-9f6a-8a1c24c5a199','04f96ae8-d467-11e7-bdec-94de807a9669','1vnA_FPaua8vmzvscTqc0Od7n_HcCprt_'),('be15ad5d-4658-4aea-8c5b-07b857395971','7afa7e63-fa8a-442c-a92a-3f7b5bac31ec','fcae6055-cbcf-11e7-97a3-94de807a9669','Хорошее'),('be1a822b-a38f-4839-85d6-e45d8f99f8df','ccc892dc-8e23-4c1a-aa71-5666d9c31f5d','4c360ca4-d466-11e7-bdec-94de807a9669','APPROVED'),('beb6a324-afab-4e9d-8b58-5e6675afcd80','869e0b51-7384-40fa-93cc-ce8e1fbbc503','fd87f935-cbcf-11e7-97a3-94de807a9669','MOTORCYCLES'),('bf3a7cce-04fb-4444-940b-2f4ccbad75f2','628940f2-b94b-4c68-8eca-b15e85f9f20b','4c360ca4-d466-11e7-bdec-94de807a9669','MODERATION'),('c08eecc4-d791-4358-a890-920c48ab0097','b3966f98-cf8f-4a80-ad82-b442b7766edc','fd3ddaa2-cbcf-11e7-97a3-94de807a9669',''),('c0f08b2c-859b-4e8b-bb3a-19828f569a2a','35803403-d7a4-4ca8-9f2b-f351bc959163','981076e8-d465-11e7-bdec-94de807a9669','2017.12.26'),('c1b5322e-decf-4034-a39b-10c4e462e89c','f134d405-c3ca-4d20-82f7-24af6f242358','fd1231c2-cbcf-11e7-97a3-94de807a9669','полная'),('c1d2cc2e-1bf5-4a67-a3b6-3d0a3cd56a35','8e3c844e-049d-4a28-abb3-92367705db57','526b1cd0-d466-11e7-bdec-94de807a9669','Фикус'),('c243ece3-7aec-4a51-88ba-1382bbf10108','628940f2-b94b-4c68-8eca-b15e85f9f20b','04f96ae8-d467-11e7-bdec-94de807a9669','1iIGQqhvhQA4hnYy2btJes93MH0IJZNeI'),('c2acaaa8-914e-49be-aa5e-a4e0c6026dd0','09aef16a-fe54-4a0f-a005-e7a6f338baad','fd50b9f6-cbcf-11e7-97a3-94de807a9669','2007'),('c2e69a7f-773b-4fb7-9e82-34d06ad7db33','25e2edcb-6952-4ab0-a97e-6bea2835433a','fd9c98fa-cbcf-11e7-97a3-94de807a9669','+375441356021'),('c361e69c-9a01-4195-ac27-b7ae73608626','8c760e10-a592-4d90-a217-81ae2fcabf5b','7193182c-d466-11e7-bdec-94de807a9669','Телефона два года. Не падал, не купался. Работает как новый, очень большая батарея.'),('c392acd7-cc8b-11e7-b012-94de807a9669','27b04212-eeb6-4596-869d-934c1f7f73ba','861212ce-cc68-11e7-b012-94de807a9669','SEEDS'),('c392ff0b-cc8b-11e7-b012-94de807a9669','27b04212-eeb6-4596-869d-934c1f7f73ba','77453fa6-cc68-11e7-b012-94de807a9669','Garden'),('c39331f1-cc8b-11e7-b012-94de807a9669','27b04212-eeb6-4596-869d-934c1f7f73ba','e0bcd771-cc68-11e7-b012-94de807a9669','fd6ff160-cbcf-11e7-97a3-94de807a9669'),('c3b4cf58-afdd-407d-a530-6322193b7cb5','628940f2-b94b-4c68-8eca-b15e85f9f20b','ffdf2dfd-d466-11e7-bdec-94de807a9669','26.12.2017'),('c3ea264d-1790-4ff5-ac93-956ebad3bd95','3cfaec51-29c8-43b4-9f6a-8a1c24c5a199','526b1cd0-d466-11e7-bdec-94de807a9669','Колонки'),('c41f6718-7ba9-4ccc-b1ae-277406f4fc7c','09aef16a-fe54-4a0f-a005-e7a6f338baad','fd5a585b-cbcf-11e7-97a3-94de807a9669','Дизель'),('c476c7f3-43c8-4b60-8f24-4382b6094c2b','b5bd9078-e67f-4792-95d6-7a7c5a688ac2','fd8c09c4-cbcf-11e7-97a3-94de807a9669','Fashion'),('c47bda0f-3bf0-4a43-a261-849121b3a4f0','869e0b51-7384-40fa-93cc-ce8e1fbbc503','fd5d644f-cbcf-11e7-97a3-94de807a9669','Черный'),('c4d887a8-5c10-4c86-b633-a60cb652f832','8c760e10-a592-4d90-a217-81ae2fcabf5b','526b1cd0-d466-11e7-bdec-94de807a9669','LG G2 mini'),('c4eb718a-63f8-4723-b135-bef7a7d0a6c5','dd9c5344-1b87-4b6c-bd6f-830aca3addd0','fcae6055-cbcf-11e7-97a3-94de807a9669','Лучше не бывает'),('c55a87e3-70a6-4e31-9b0f-ae4321ad15d9','628940f2-b94b-4c68-8eca-b15e85f9f20b','fd8c09c4-cbcf-11e7-97a3-94de807a9669','Fashion'),('c66a42ae-c783-4d01-a68e-bba6dfda2f7e','ccc892dc-8e23-4c1a-aa71-5666d9c31f5d','ffdf2dfd-d466-11e7-bdec-94de807a9669','26.12.2017'),('c6b06dd9-3a58-4d95-8bfd-d9120f99e559','df28c477-ccb1-408d-aaa6-09332eccf159','7193182c-d466-11e7-bdec-94de807a9669','Маленькие для меня.'),('c71e0015-8674-4324-ae52-d329af46d4b7','d13e4c5b-2220-4617-aa59-aa665c3c8ddc','526b1cd0-d466-11e7-bdec-94de807a9669','Собака'),('c819c93a-b146-4c50-84d0-85607a601edd','09aef16a-fe54-4a0f-a005-e7a6f338baad','526b1cd0-d466-11e7-bdec-94de807a9669','VW Polo'),('c893b99e-ac10-462f-856a-056e4d9a78d5','d3689e94-630a-444a-9a7e-fcd009ea2f36','526b1cd0-d466-11e7-bdec-94de807a9669','Opel Astra'),('c8eab127-82d4-44ff-a967-267121f442ea','09aef16a-fe54-4a0f-a005-e7a6f338baad','fd377038-cbcf-11e7-97a3-94de807a9669','VW'),('c96ebc63-216c-4d1e-90a1-5c8531fb275c','d13e4c5b-2220-4617-aa59-aa665c3c8ddc','ffdf2dfd-d466-11e7-bdec-94de807a9669','26.12.2017'),('ca52819f-1b75-444d-b808-f120a5d555fe','869e0b51-7384-40fa-93cc-ce8e1fbbc503','fd846366-cbcf-11e7-97a3-94de807a9669','DarmentUser'),('cb8bbb96-50b7-42b0-a6df-76dad85f2622','869e0b51-7384-40fa-93cc-ce8e1fbbc503','fd5400b1-cbcf-11e7-97a3-94de807a9669','100000 км'),('cc1330f1-cc88-11e7-b012-94de807a9669','9ff6d92d-a237-4763-b99c-7757ccb02f3d','861212ce-cc68-11e7-b012-94de807a9669','HOUSEHOLD_APPLIANCES'),('cc138ec2-cc88-11e7-b012-94de807a9669','9ff6d92d-a237-4763-b99c-7757ccb02f3d','77453fa6-cc68-11e7-b012-94de807a9669','House'),('cc13c022-cc88-11e7-b012-94de807a9669','9ff6d92d-a237-4763-b99c-7757ccb02f3d','e0bcd771-cc68-11e7-b012-94de807a9669','fcae6055-cbcf-11e7-97a3-94de807a9669'),('cc1403cd-cc88-11e7-b012-94de807a9669','9ff6d92d-a237-4763-b99c-7757ccb02f3d','e0bcd771-cc68-11e7-b012-94de807a9669','fcdbbf28-cbcf-11e7-97a3-94de807a9669'),('cc144171-cc88-11e7-b012-94de807a9669','9ff6d92d-a237-4763-b99c-7757ccb02f3d','e0bcd771-cc68-11e7-b012-94de807a9669','fceef8d5-cbcf-11e7-97a3-94de807a9669'),('cc33ec16-cc88-11e7-b012-94de807a9669','9ff6d92d-a237-4763-b99c-7757ccb02f3d','e0bcd771-cc68-11e7-b012-94de807a9669','fce58ea3-cbcf-11e7-97a3-94de807a9669'),('cc861a0d-cc89-11e7-b012-94de807a9669','eefa1565-88d6-4b93-9827-41306c3bfa57','861212ce-cc68-11e7-b012-94de807a9669','TV_AND_VIDEO'),('cc92cbb6-cc89-11e7-b012-94de807a9669','eefa1565-88d6-4b93-9827-41306c3bfa57','77453fa6-cc68-11e7-b012-94de807a9669','Technics'),('cc930048-cc89-11e7-b012-94de807a9669','eefa1565-88d6-4b93-9827-41306c3bfa57','e0bcd771-cc68-11e7-b012-94de807a9669','fcae6055-cbcf-11e7-97a3-94de807a9669'),('cc934725-cc89-11e7-b012-94de807a9669','eefa1565-88d6-4b93-9827-41306c3bfa57','e0bcd771-cc68-11e7-b012-94de807a9669','fcdbbf28-cbcf-11e7-97a3-94de807a9669'),('cc937c52-cc89-11e7-b012-94de807a9669','eefa1565-88d6-4b93-9827-41306c3bfa57','e0bcd771-cc68-11e7-b012-94de807a9669','fd2ac67b-cbcf-11e7-97a3-94de807a9669'),('cc93ae28-cc89-11e7-b012-94de807a9669','eefa1565-88d6-4b93-9827-41306c3bfa57','e0bcd771-cc68-11e7-b012-94de807a9669','fd27a0f1-cbcf-11e7-97a3-94de807a9669'),('ccf46176-c515-4592-b3d2-c1de839ceae6','0610521e-fb6b-4b50-96e5-3b71635f0cd9','526b1cd0-d466-11e7-bdec-94de807a9669','Летняя шина'),('cd633908-26a6-4b9c-9e6c-fb19e9f2ce5e','628940f2-b94b-4c68-8eca-b15e85f9f20b','fd80811d-cbcf-11e7-97a3-94de807a9669','300 €'),('cd6b8089-0b6d-4f16-afc6-cf0ce943690b','09aef16a-fe54-4a0f-a005-e7a6f338baad','4c360ca4-d466-11e7-bdec-94de807a9669','MODERATION'),('cdb94ab3-59e4-448e-af0c-8e64e0374ce2','869e0b51-7384-40fa-93cc-ce8e1fbbc503','02b0d542-d467-11e7-bdec-94de807a9669','26.12.2017'),('cee3c619-baae-4474-a4d9-f3600d9609a6','f9d5db25-1d99-4b08-b8bb-37cd70cee816','04f96ae8-d467-11e7-bdec-94de807a9669','1WL1Pf6XCWk7SRaXlprbnQ2uF2jdN4W4J'),('ceee16f0-fe0e-46c5-a366-2609b5d08a53','179a7019-2e3a-48ce-848d-1531d4751c3c','fcce6802-cbcf-11e7-97a3-94de807a9669','36'),('cef847b6-cc86-11e7-b012-94de807a9669','38bf1e48-10d1-43d2-a9c4-cdf417aaef37','861212ce-cc68-11e7-b012-94de807a9669','WOMEN_SHOES'),('cef9d76e-d9e5-11e7-98e7-94de807a9669','62933f0a-d9e5-11e7-98e7-94de807a9669','03de98c9-d466-11e7-bdec-94de807a9669','31'),('cefa67b3-cc86-11e7-b012-94de807a9669','38bf1e48-10d1-43d2-a9c4-cdf417aaef37','77453fa6-cc68-11e7-b012-94de807a9669','Fashion'),('cefacced-cc86-11e7-b012-94de807a9669','38bf1e48-10d1-43d2-a9c4-cdf417aaef37','e0bcd771-cc68-11e7-b012-94de807a9669','fcae6055-cbcf-11e7-97a3-94de807a9669'),('cefb228b-cc86-11e7-b012-94de807a9669','38bf1e48-10d1-43d2-a9c4-cdf417aaef37','e0bcd771-cc68-11e7-b012-94de807a9669','fcb5c185-cbcf-11e7-97a3-94de807a9669'),('cefba459-cc86-11e7-b012-94de807a9669','38bf1e48-10d1-43d2-a9c4-cdf417aaef37','e0bcd771-cc68-11e7-b012-94de807a9669','fcd7dc6a-cbcf-11e7-97a3-94de807a9669'),('cefbe8f7-cc86-11e7-b012-94de807a9669','38bf1e48-10d1-43d2-a9c4-cdf417aaef37','e0bcd771-cc68-11e7-b012-94de807a9669','fcce6802-cbcf-11e7-97a3-94de807a9669'),('cefc78b0-d9e5-11e7-98e7-94de807a9669','62933f0a-d9e5-11e7-98e7-94de807a9669','981076e8-d465-11e7-bdec-94de807a9669','20.10.2017'),('cefddaea-d9e5-11e7-98e7-94de807a9669','62933f0a-d9e5-11e7-98e7-94de807a9669','e7fed6d6-d465-11e7-bdec-94de807a9669','ADMINISTRATOR'),('cefddea7-d9e5-11e7-98e7-94de807a9669','62933f0a-d9e5-11e7-98e7-94de807a9669','fd8fc8a5-cbcf-11e7-97a3-94de807a9669','4'),('cefdfd43-d9e5-11e7-98e7-94de807a9669','62933f0a-d9e5-11e7-98e7-94de807a9669','fd93b41b-cbcf-11e7-97a3-94de807a9669','Реентович Василий'),('cefdfebe-d9e5-11e7-98e7-94de807a9669','62933f0a-d9e5-11e7-98e7-94de807a9669','fd97346f-cbcf-11e7-97a3-94de807a9669','М'),('cefdffdc-d9e5-11e7-98e7-94de807a9669','62933f0a-d9e5-11e7-98e7-94de807a9669','fd9c98fa-cbcf-11e7-97a3-94de807a9669','+375291945253'),('cefe00d1-d9e5-11e7-98e7-94de807a9669','62933f0a-d9e5-11e7-98e7-94de807a9669','fda0bbe9-cbcf-11e7-97a3-94de807a9669','24.10.1997'),('cefe01c2-d9e5-11e7-98e7-94de807a9669','62933f0a-d9e5-11e7-98e7-94de807a9669','fda621dc-cbcf-11e7-97a3-94de807a9669','scorpionjeka@gmail.com'),('cf03101f-d9e5-11e7-98e7-94de807a9669','62933f0a-d9e5-11e7-98e7-94de807a9669','fdad14d4-cbcf-11e7-97a3-94de807a9669','Минск2'),('cf754b9a-2a9c-41a8-8c43-e151d78617c4','9c32c04b-52f5-4353-9192-afa91b79c6c5','4c360ca4-d466-11e7-bdec-94de807a9669','APPROVED'),('cf8035ca-f5f9-4d0c-a013-eba6b87a8a55','48b2c3c0-789a-4bc2-91ed-f43bcc9bfa23','fd411f3e-cbcf-11e7-97a3-94de807a9669','ДА'),('cf94589a-949e-42f5-90f1-b5d00c615351','ec85a4f1-f2c6-4d38-bb54-6a9fa6cec8c1','fd80811d-cbcf-11e7-97a3-94de807a9669','10 BYN'),('cfacf6f4-cc8a-11e7-b012-94de807a9669','f12c42ef-9a37-4479-b829-78c18e25ef77','861212ce-cc68-11e7-b012-94de807a9669','TRACTORS_AND_AGRICULTURAL_MACHINERY'),('cfb7c3a9-cc8a-11e7-b012-94de807a9669','f12c42ef-9a37-4479-b829-78c18e25ef77','77453fa6-cc68-11e7-b012-94de807a9669','Auto'),('cfb7fcd3-cc8a-11e7-b012-94de807a9669','f12c42ef-9a37-4479-b829-78c18e25ef77','e0bcd771-cc68-11e7-b012-94de807a9669','fcdbbf28-cbcf-11e7-97a3-94de807a9669'),('cfb829b0-cc8a-11e7-b012-94de807a9669','f12c42ef-9a37-4479-b829-78c18e25ef77','e0bcd771-cc68-11e7-b012-94de807a9669','fd50b9f6-cbcf-11e7-97a3-94de807a9669'),('cfb85b44-cc8a-11e7-b012-94de807a9669','f12c42ef-9a37-4479-b829-78c18e25ef77','e0bcd771-cc68-11e7-b012-94de807a9669','fcae6055-cbcf-11e7-97a3-94de807a9669'),('d02d7eb6-35fb-4ae9-8812-43d8339de959','d13e4c5b-2220-4617-aa59-aa665c3c8ddc','fd7cc7e8-cbcf-11e7-97a3-94de807a9669','3 года'),('d081a3ec-e4dc-47ca-b11c-8ada9445ad69','3cfaec51-29c8-43b4-9f6a-8a1c24c5a199','fd87f935-cbcf-11e7-97a3-94de807a9669','AUDIO'),('d0bae94d-a247-42a3-addf-b89d2903537f','0610521e-fb6b-4b50-96e5-3b71635f0cd9','7193182c-d466-11e7-bdec-94de807a9669','Купил всесезонку.'),('d0c1e642-7248-4477-99ef-0d23000759b2','179a7019-2e3a-48ce-848d-1531d4751c3c','fcb5c185-cbcf-11e7-97a3-94de807a9669','Лето'),('d0daf8b0-59b8-450d-82a9-4fa060198c67','ec85a4f1-f2c6-4d38-bb54-6a9fa6cec8c1','04f96ae8-d467-11e7-bdec-94de807a9669','-1'),('d148d3de-d18c-4ab2-a9a0-f0c8fd534385','7afa7e63-fa8a-442c-a92a-3f7b5bac31ec','4c360ca4-d466-11e7-bdec-94de807a9669','MODERATION'),('d1f34092-935f-4e60-892c-81da57650889','9c32c04b-52f5-4353-9192-afa91b79c6c5','fd87f935-cbcf-11e7-97a3-94de807a9669','MEN_SHOES'),('d1f8ba23-a85f-4d13-a9bd-8f1315103df6','a7dbd8d9-7c1e-4e5f-bf6b-0d108b222f97','03de98c9-d466-11e7-bdec-94de807a9669','0'),('d2032b22-2c30-457d-b148-84c2fb803d9a','c0a72fed-ec33-4e83-b751-5b773b786698','fd87f935-cbcf-11e7-97a3-94de807a9669','GARAGES'),('d2494ede-ff6b-4b86-922f-fd3e3f5d18fd','ea491785-4161-4612-8b58-f15b57cc1965','fcce6802-cbcf-11e7-97a3-94de807a9669','34'),('d29c2bfd-82b5-4c9d-bcb0-62738ef369b5','3cfaec51-29c8-43b4-9f6a-8a1c24c5a199','fcdbbf28-cbcf-11e7-97a3-94de807a9669','Акустика'),('d3aea0c6-82bb-4693-a71c-253102d36f4f','add9a3d9-4da3-4381-b789-6ce52e5d1f34','fd80811d-cbcf-11e7-97a3-94de807a9669','15000 $'),('d41cd61a-4ef1-4520-8f97-23d83bbd57ff','f9d5db25-1d99-4b08-b8bb-37cd70cee816','fd80811d-cbcf-11e7-97a3-94de807a9669','1000 €'),('d4701492-6d86-4959-906f-4fc21f1c7d4b','f134d405-c3ca-4d20-82f7-24af6f242358','fd87f935-cbcf-11e7-97a3-94de807a9669','ROOMS'),('d5ac9470-9be0-4795-b4c4-457df4bd60dd','179a7019-2e3a-48ce-848d-1531d4751c3c','02b0d542-d467-11e7-bdec-94de807a9669','26.12.2017'),('d6c8c400-15fb-4a00-bf8c-105280d10c3b','d1e0d959-13c7-4e71-b959-65f6032ee94e','fd846366-cbcf-11e7-97a3-94de807a9669','UserUnblocked'),('d8e50e39-88f0-4793-8cda-c1ca798f98fe','ec85a4f1-f2c6-4d38-bb54-6a9fa6cec8c1','fd87f935-cbcf-11e7-97a3-94de807a9669','SEEDS'),('d9b21c43-b18e-455c-badc-aeb3324e0160','76c90b07-c702-4fcf-b8cc-d003c24949d2','fd80811d-cbcf-11e7-97a3-94de807a9669','5000 €'),('da0c5eb2-5631-4338-9bca-a67a3a75d046','7ebd1d2e-4025-4e7b-b0c8-aafa63f5beb2','fd8c09c4-cbcf-11e7-97a3-94de807a9669','Technics'),('da0d72a7-06db-48ea-a1a4-1d87eaa10761','f9d5db25-1d99-4b08-b8bb-37cd70cee816','fcb5c185-cbcf-11e7-97a3-94de807a9669','Зима'),('daa35bfa-ac96-4f92-b521-de69b87b7494','f134d405-c3ca-4d20-82f7-24af6f242358','7193182c-d466-11e7-bdec-94de807a9669','Удобно, уютно, комфортно.'),('dab00bf7-bc09-44b1-9145-43acb24fc056','35803403-d7a4-4ca8-9f2b-f351bc959163','fd93b41b-cbcf-11e7-97a3-94de807a9669','Реентович Евгений Васильевич'),('dade43ec-2828-411c-97e4-3ad06430062e','8e3c844e-049d-4a28-abb3-92367705db57','fd80811d-cbcf-11e7-97a3-94de807a9669','25 $'),('db09dd45-5b78-4711-8589-4d411cc00ef0','48b2c3c0-789a-4bc2-91ed-f43bcc9bfa23','526b1cd0-d466-11e7-bdec-94de807a9669','PlayStation 3'),('dc47bf86-e380-4e74-b19d-b48cc5bce91a','5cef813c-1940-47e9-aa43-bfc25d7ca3f7','7193182c-d466-11e7-bdec-94de807a9669','Квартира с хорошим ремонтом в центре Минска.'),('dcf01024-4fe7-4ac1-a370-1682830c9976','add9a3d9-4da3-4381-b789-6ce52e5d1f34','7193182c-d466-11e7-bdec-94de807a9669','Уютная двушка недалеко от метро.'),('ddd22f6b-fb9b-4465-b71d-dde7ea490f0c','f134d405-c3ca-4d20-82f7-24af6f242358','fd80811d-cbcf-11e7-97a3-94de807a9669','1000 $'),('df25d57b-7c54-4a22-a485-e7321c90b02f','3cfaec51-29c8-43b4-9f6a-8a1c24c5a199','fd8c09c4-cbcf-11e7-97a3-94de807a9669','Technics'),('df51b89f-8cc0-4a26-84b0-a9ef1876cfbc','0610521e-fb6b-4b50-96e5-3b71635f0cd9','fcae6055-cbcf-11e7-97a3-94de807a9669','Нормальное'),('e152444f-e4d4-4956-9665-b53d38e66864','5cef813c-1940-47e9-aa43-bfc25d7ca3f7','fcae6055-cbcf-11e7-97a3-94de807a9669','Отличное'),('e164f372-cc8b-11e7-b012-94de807a9669','ed8267ac-a12c-4c88-8c5f-c9fe41218de4','861212ce-cc68-11e7-b012-94de807a9669','GARDEN_MACHINERY_AND_EQUIPMENT'),('e1653a5e-cc8b-11e7-b012-94de807a9669','ed8267ac-a12c-4c88-8c5f-c9fe41218de4','77453fa6-cc68-11e7-b012-94de807a9669','Garden'),('e1657ed3-cc8b-11e7-b012-94de807a9669','ed8267ac-a12c-4c88-8c5f-c9fe41218de4','e0bcd771-cc68-11e7-b012-94de807a9669','fcdbbf28-cbcf-11e7-97a3-94de807a9669'),('e1661e13-cc8b-11e7-b012-94de807a9669','ed8267ac-a12c-4c88-8c5f-c9fe41218de4','e0bcd771-cc68-11e7-b012-94de807a9669','fcae6055-cbcf-11e7-97a3-94de807a9669'),('e1665aa5-cc8b-11e7-b012-94de807a9669','ed8267ac-a12c-4c88-8c5f-c9fe41218de4','e0bcd771-cc68-11e7-b012-94de807a9669','fd74ca4d-cbcf-11e7-97a3-94de807a9669'),('e197ddb8-1c59-49d4-a57c-06b9fc9f929f','5e64a57e-9746-4063-9636-9f2aeebe18fe','fd8fc8a5-cbcf-11e7-97a3-94de807a9669','11'),('e1e7af95-65f9-4686-94e8-59cb0df5267d','76c90b07-c702-4fcf-b8cc-d003c24949d2','4c360ca4-d466-11e7-bdec-94de807a9669','APPROVED'),('e21c47de-0b7e-40b8-b503-5627d92b05ca','c0a72fed-ec33-4e83-b751-5b773b786698','fd155db0-cbcf-11e7-97a3-94de807a9669','Возле кольцевой'),('e28c9124-6975-404e-bf52-43fc012a7234','831b7ffa-2df7-4943-9b62-bbb6c7a4966f','fd846366-cbcf-11e7-97a3-94de807a9669','UserBlocked'),('e29d0649-6a96-4f2c-8111-c8142cb10c7c','8c760e10-a592-4d90-a217-81ae2fcabf5b','ffdf2dfd-d466-11e7-bdec-94de807a9669','26.12.2017'),('e2ee75a6-cd26-4e71-96ce-1959ba8c39bf','d13e4c5b-2220-4617-aa59-aa665c3c8ddc','fd80811d-cbcf-11e7-97a3-94de807a9669','100 €'),('e2f5bd07-9359-4bfa-becf-7c63ac4f6a44','35803403-d7a4-4ca8-9f2b-f351bc959163','fdad14d4-cbcf-11e7-97a3-94de807a9669','Минск'),('e2fdfe2d-ab55-4d93-ad59-408dd572bbd4','8c760e10-a592-4d90-a217-81ae2fcabf5b','fcdbbf28-cbcf-11e7-97a3-94de807a9669','Обычный'),('e363400a-33a9-4ab3-9203-905bda71cbdd','add9a3d9-4da3-4381-b789-6ce52e5d1f34','02b0d542-d467-11e7-bdec-94de807a9669','26.12.2017'),('e36c5b29-8d08-46da-84e2-05cd41e26f89','09aef16a-fe54-4a0f-a005-e7a6f338baad','fd8c09c4-cbcf-11e7-97a3-94de807a9669','Auto'),('e375dfb2-7a1d-4751-9456-4ca6ce268ca2','25e2edcb-6952-4ab0-a97e-6bea2835433a','fda0bbe9-cbcf-11e7-97a3-94de807a9669','1998-06-16'),('e4a7b8a6-7a2b-4cd8-ae60-747508d8aec2','48b2c3c0-789a-4bc2-91ed-f43bcc9bfa23','fd80811d-cbcf-11e7-97a3-94de807a9669','250 €'),('e4e09d6c-e503-4ce8-95b8-9c4790694629','179a7019-2e3a-48ce-848d-1531d4751c3c','526b1cd0-d466-11e7-bdec-94de807a9669','Продаю туфли'),('e4fef99d-e0cd-418b-b506-749d96cdc1a9','f134d405-c3ca-4d20-82f7-24af6f242358','ffdf2dfd-d466-11e7-bdec-94de807a9669','26.12.2017'),('e6f2658f-d797-48ca-90cf-ddeebaaefe0f','8c760e10-a592-4d90-a217-81ae2fcabf5b','fd846366-cbcf-11e7-97a3-94de807a9669','DarmentUser'),('e7035c02-9330-47cd-99fe-85627f36010d','0610521e-fb6b-4b50-96e5-3b71635f0cd9','fd846366-cbcf-11e7-97a3-94de807a9669','UserBlocked'),('e71c733c-6585-4353-96fb-f68e669830c7','b3966f98-cf8f-4a80-ad82-b442b7766edc','526b1cd0-d466-11e7-bdec-94de807a9669','Телефон'),('e7b50c62-25c5-42ad-9fbe-cdcb614bb504','df28c477-ccb1-408d-aaa6-09332eccf159','526b1cd0-d466-11e7-bdec-94de807a9669','Сапоги'),('e7f2ab73-9396-4482-bf42-7680b61463cf','7afa7e63-fa8a-442c-a92a-3f7b5bac31ec','7193182c-d466-11e7-bdec-94de807a9669','Отличный телефон. лучший вариант если надо позвонить.'),('e93e2924-b2a7-45dc-8648-b2be4c4d6911','93970883-33cd-4583-a1e5-cf3b2b015c1a','fd846366-cbcf-11e7-97a3-94de807a9669','DarmentUser'),('e9be29af-1b4d-46b5-8cc9-ac22a6cbb7bf','76c90b07-c702-4fcf-b8cc-d003c24949d2','fd5d644f-cbcf-11e7-97a3-94de807a9669','Белый'),('ea435d3e-aff1-4603-8cc9-ed13a06795dc','8e3c844e-049d-4a28-abb3-92367705db57','fd87f935-cbcf-11e7-97a3-94de807a9669','HOUSEHOLD_GOODS'),('eb5c7a76-81f9-4a05-afdc-1f3213bb1459','93970883-33cd-4583-a1e5-cf3b2b015c1a','7193182c-d466-11e7-bdec-94de807a9669','Недалеко от кольцевой, станция метро каменная горка, без мебели.'),('ebaf20b5-4ca2-42d5-be65-07e2b5ec6194','0610521e-fb6b-4b50-96e5-3b71635f0cd9','04f96ae8-d467-11e7-bdec-94de807a9669','1u5oKp5feDTi35jsAzjQ1yoIlo7lpOE57'),('ebdb703f-2e03-4e4f-8a85-d2d95369858a','ccc892dc-8e23-4c1a-aa71-5666d9c31f5d','fd8c09c4-cbcf-11e7-97a3-94de807a9669','Technics'),('ebdf3a22-3793-45e3-88ca-eba03f3760d4','b3966f98-cf8f-4a80-ad82-b442b7766edc','fd846366-cbcf-11e7-97a3-94de807a9669','Tanushka'),('ec39cc70-cc8a-11e7-b012-94de807a9669','b16fb76e-2168-4601-88f5-3d1085228095','861212ce-cc68-11e7-b012-94de807a9669','TIRES_AND_WHEELS'),('ec3a0c51-cc8a-11e7-b012-94de807a9669','b16fb76e-2168-4601-88f5-3d1085228095','77453fa6-cc68-11e7-b012-94de807a9669','Auto'),('ec3a41da-cc8a-11e7-b012-94de807a9669','b16fb76e-2168-4601-88f5-3d1085228095','e0bcd771-cc68-11e7-b012-94de807a9669','fcdbbf28-cbcf-11e7-97a3-94de807a9669'),('ec3ad11e-cc8a-11e7-b012-94de807a9669','b16fb76e-2168-4601-88f5-3d1085228095','e0bcd771-cc68-11e7-b012-94de807a9669','fcae6055-cbcf-11e7-97a3-94de807a9669'),('ec3b825c-cc8a-11e7-b012-94de807a9669','b16fb76e-2168-4601-88f5-3d1085228095','e0bcd771-cc68-11e7-b012-94de807a9669','fd610ef4-cbcf-11e7-97a3-94de807a9669'),('ec6c8a08-963e-471c-ad51-e93b21299596','ea491785-4161-4612-8b58-f15b57cc1965','ffdf2dfd-d466-11e7-bdec-94de807a9669','26.12.2017'),('ecdf5d12-c795-49c7-a26e-d2dc5a9e0711','53fb07b5-ded8-41c4-b1de-5a51465c552b','04f96ae8-d467-11e7-bdec-94de807a9669','-1'),('ee040f14-fddf-4e11-91c7-1aac9ea3b769','7afa7e63-fa8a-442c-a92a-3f7b5bac31ec','fd8c09c4-cbcf-11e7-97a3-94de807a9669','Technics'),('ee39bef5-2892-4698-9e08-927904b7c595','8e3c844e-049d-4a28-abb3-92367705db57','4c360ca4-d466-11e7-bdec-94de807a9669','CANCELED'),('ee67bd7e-afdf-4b98-bec3-859a6e149bf6','7ebd1d2e-4025-4e7b-b0c8-aafa63f5beb2','02b0d542-d467-11e7-bdec-94de807a9669','26.12.2017'),('ee86960c-8595-419e-b358-ae06a1a220ad','d13e4c5b-2220-4617-aa59-aa665c3c8ddc','fd846366-cbcf-11e7-97a3-94de807a9669','UserUnblocked'),('eef949ea-eacf-46d2-8f54-6618628d5e53','8e3c844e-049d-4a28-abb3-92367705db57','ffdf2dfd-d466-11e7-bdec-94de807a9669','26.12.2017'),('ef459edc-1a76-4ab1-a2a1-1ab9bf41ae82','628940f2-b94b-4c68-8eca-b15e85f9f20b','fcb5c185-cbcf-11e7-97a3-94de807a9669','Лето'),('f05ee22b-1259-4182-89e8-1c8a76728231','53fb07b5-ded8-41c4-b1de-5a51465c552b','fd87f935-cbcf-11e7-97a3-94de807a9669','PHONES'),('f07955e4-5039-4160-9bf0-7ce8440ebe56','869e0b51-7384-40fa-93cc-ce8e1fbbc503','7193182c-d466-11e7-bdec-94de807a9669','Все еще ездит.'),('f0c3d58f-e31f-4b4e-bf87-18377d265621','869e0b51-7384-40fa-93cc-ce8e1fbbc503','04f96ae8-d467-11e7-bdec-94de807a9669','13qE1yqojmJpHnqx6ElBokk_Muc37Aw8j'),('f1095144-cf40-4aca-abce-ef41f57d17b6','09aef16a-fe54-4a0f-a005-e7a6f338baad','04f96ae8-d467-11e7-bdec-94de807a9669','18ZSvIZie3-gKyxwuO_wAbUbYWCi2Bj3M'),('f25ea750-724c-4d6f-a4e4-8c9273c431a4','93970883-33cd-4583-a1e5-cf3b2b015c1a','4c360ca4-d466-11e7-bdec-94de807a9669','APPROVED'),('f26042ed-4a45-492f-ad93-622a0582c9cf','8e3c844e-049d-4a28-abb3-92367705db57','fd846366-cbcf-11e7-97a3-94de807a9669','Tanushka'),('f3b8189b-cc8b-11e7-b012-94de807a9669','22a32eaa-b0ba-4aa7-bd4a-b35c5ec40874','861212ce-cc68-11e7-b012-94de807a9669','GARDEN_FURNITURE_AND_BARBECUES'),('f3b8f6fe-cc8b-11e7-b012-94de807a9669','22a32eaa-b0ba-4aa7-bd4a-b35c5ec40874','77453fa6-cc68-11e7-b012-94de807a9669','Garden'),('f3b933a6-cc8b-11e7-b012-94de807a9669','22a32eaa-b0ba-4aa7-bd4a-b35c5ec40874','e0bcd771-cc68-11e7-b012-94de807a9669','fcdbbf28-cbcf-11e7-97a3-94de807a9669'),('f3b970eb-cc8b-11e7-b012-94de807a9669','22a32eaa-b0ba-4aa7-bd4a-b35c5ec40874','e0bcd771-cc68-11e7-b012-94de807a9669','fcae6055-cbcf-11e7-97a3-94de807a9669'),('f3fd68af-bed9-45e1-be56-bbba0f6cd04a','7ebd1d2e-4025-4e7b-b0c8-aafa63f5beb2','ffdf2dfd-d466-11e7-bdec-94de807a9669','26.12.2017'),('f4b2c923-b307-4d09-a447-4098f5405cc2','f9d5db25-1d99-4b08-b8bb-37cd70cee816','fcbcd3df-cbcf-11e7-97a3-94de807a9669','Шуба'),('f4f2a17a-41dd-4e80-87a4-62a1d25016a6','93970883-33cd-4583-a1e5-cf3b2b015c1a','04f96ae8-d467-11e7-bdec-94de807a9669','1HRWgJi0xjis4tTosuuZdd3FGVPExQCKG'),('f51c0269-3b90-44f4-82ce-951fd1626941','831b7ffa-2df7-4943-9b62-bbb6c7a4966f','fd87f935-cbcf-11e7-97a3-94de807a9669','AGRICULTURAL_ANIMALS'),('f5b7d36d-cc86-11e7-b012-94de807a9669','bb65c20c-7241-4aef-b211-9698769c17d5','861212ce-cc68-11e7-b012-94de807a9669','COSMETICS_AND_PERFUMERY'),('f5b96c51-cc86-11e7-b012-94de807a9669','bb65c20c-7241-4aef-b211-9698769c17d5','77453fa6-cc68-11e7-b012-94de807a9669','Fashion'),('f5b99f15-cc86-11e7-b012-94de807a9669','bb65c20c-7241-4aef-b211-9698769c17d5','e0bcd771-cc68-11e7-b012-94de807a9669','fcae6055-cbcf-11e7-97a3-94de807a9669'),('f5b9ef33-cc86-11e7-b012-94de807a9669','bb65c20c-7241-4aef-b211-9698769c17d5','e0bcd771-cc68-11e7-b012-94de807a9669','fcdbbf28-cbcf-11e7-97a3-94de807a9669'),('f5edb7ac-695d-4212-92f6-a9410416f00e','76c90b07-c702-4fcf-b8cc-d003c24949d2','02b0d542-d467-11e7-bdec-94de807a9669','26.12.2017'),('f6418ea5-1a42-47e5-90c5-a62ba9c470f2','d1e0d959-13c7-4e71-b959-65f6032ee94e','7193182c-d466-11e7-bdec-94de807a9669','Ну нафиг тут жить.'),('f644b988-33c8-4980-9abf-cb772b2d275b','869e0b51-7384-40fa-93cc-ce8e1fbbc503','4c360ca4-d466-11e7-bdec-94de807a9669','APPROVED'),('f701f680-049a-4105-a851-23f6e2e0316d','dd9c5344-1b87-4b6c-bd6f-830aca3addd0','526b1cd0-d466-11e7-bdec-94de807a9669','Nokia 3310'),('f7b18719-2055-4f1f-b5fd-d75ea664a765','48b2c3c0-789a-4bc2-91ed-f43bcc9bfa23','fd4914ee-cbcf-11e7-97a3-94de807a9669','2.0'),('f804306b-2fa1-4f4e-af80-8bc350fd10b5','179a7019-2e3a-48ce-848d-1531d4751c3c','fcae6055-cbcf-11e7-97a3-94de807a9669','Хорошее'),('f8b51cc0-836d-4e26-9763-be50d5f941e6','628940f2-b94b-4c68-8eca-b15e85f9f20b','7193182c-d466-11e7-bdec-94de807a9669','Надела один раз. Небольшое пятно от вина.'),('f9ec60ca-7c7f-41dd-a622-34e301f47740','b3966f98-cf8f-4a80-ad82-b442b7766edc','fd377038-cbcf-11e7-97a3-94de807a9669','Philips'),('fa6a96fe-cc89-11e7-b012-94de807a9669','ff98b836-133c-4000-ad24-5376155822ae','861212ce-cc68-11e7-b012-94de807a9669','COMPUTER_AND_ACCESSORIES'),('fa6adec7-cc89-11e7-b012-94de807a9669','ff98b836-133c-4000-ad24-5376155822ae','77453fa6-cc68-11e7-b012-94de807a9669','Technics'),('fa6b35ac-cc89-11e7-b012-94de807a9669','ff98b836-133c-4000-ad24-5376155822ae','e0bcd771-cc68-11e7-b012-94de807a9669','fcae6055-cbcf-11e7-97a3-94de807a9669'),('fa6bd315-cc89-11e7-b012-94de807a9669','ff98b836-133c-4000-ad24-5376155822ae','e0bcd771-cc68-11e7-b012-94de807a9669','fcdbbf28-cbcf-11e7-97a3-94de807a9669'),('fa6c4e42-cc89-11e7-b012-94de807a9669','ff98b836-133c-4000-ad24-5376155822ae','e0bcd771-cc68-11e7-b012-94de807a9669','fd2e13d9-cbcf-11e7-97a3-94de807a9669'),('fa74f716-cc89-11e7-b012-94de807a9669','ff98b836-133c-4000-ad24-5376155822ae','e0bcd771-cc68-11e7-b012-94de807a9669','fd31202e-cbcf-11e7-97a3-94de807a9669'),('fa7570bd-cc89-11e7-b012-94de807a9669','ff98b836-133c-4000-ad24-5376155822ae','e0bcd771-cc68-11e7-b012-94de807a9669','d27a0f1-cbcf-11e7-97a3-94de807a9669'),('fa75ad89-cc89-11e7-b012-94de807a9669','ff98b836-133c-4000-ad24-5376155822ae','e0bcd771-cc68-11e7-b012-94de807a9669','fd343389-cbcf-11e7-97a3-94de807a9669'),('faa01140-1a13-4836-9866-9df7e8786805','f134d405-c3ca-4d20-82f7-24af6f242358','526b1cd0-d466-11e7-bdec-94de807a9669','Однуша'),('fb332c75-ddca-4050-9c2c-7a58008f1aec','8c760e10-a592-4d90-a217-81ae2fcabf5b','fd377038-cbcf-11e7-97a3-94de807a9669','LG'),('fba87dcd-68d5-46a2-90fc-7017121ea1fb','b5bd9078-e67f-4792-95d6-7a7c5a688ac2','fd87f935-cbcf-11e7-97a3-94de807a9669','WOMEN_CLOTHING'),('fca33014-3153-4a69-91cf-95f20a075aba','add9a3d9-4da3-4381-b789-6ce52e5d1f34','fd076387-cbcf-11e7-97a3-94de807a9669','1973'),('fcd7df26-ff37-4bb0-9fcb-3ed395d3d025','25e2edcb-6952-4ab0-a97e-6bea2835433a','fd93b41b-cbcf-11e7-97a3-94de807a9669','Потапова Татьяна Федоровна'),('fcf6c7d3-e07e-4c14-bda1-22f187ee9203','df28c477-ccb1-408d-aaa6-09332eccf159','fd80811d-cbcf-11e7-97a3-94de807a9669','150 BYN'),('fde2d163-cc8a-11e7-b012-94de807a9669','a8a7eba9-0cef-4499-864d-56c3bb92724c','861212ce-cc68-11e7-b012-94de807a9669','SPARE_PARTS'),('fde39e81-cc8a-11e7-b012-94de807a9669','a8a7eba9-0cef-4499-864d-56c3bb92724c','77453fa6-cc68-11e7-b012-94de807a9669','Auto'),('fde3f2be-cc8a-11e7-b012-94de807a9669','a8a7eba9-0cef-4499-864d-56c3bb92724c','e0bcd771-cc68-11e7-b012-94de807a9669','fcdbbf28-cbcf-11e7-97a3-94de807a9669'),('fde447e3-cc8a-11e7-b012-94de807a9669','a8a7eba9-0cef-4499-864d-56c3bb92724c','e0bcd771-cc68-11e7-b012-94de807a9669','fcae6055-cbcf-11e7-97a3-94de807a9669'),('fe5d8111-6e38-4dd2-a649-49ef4ada2a3e','628940f2-b94b-4c68-8eca-b15e85f9f20b','526b1cd0-d466-11e7-bdec-94de807a9669','Платье'),('fe9adfd1-8a82-431d-89ed-a4ba2e20d362','869e0b51-7384-40fa-93cc-ce8e1fbbc503','ffdf2dfd-d466-11e7-bdec-94de807a9669','26.12.2017'),('fe9cdf25-972a-48a8-80fe-34e7faaf3c90','df28c477-ccb1-408d-aaa6-09332eccf159','fd846366-cbcf-11e7-97a3-94de807a9669','Tanushka'),('ff1ab5a4-cc85-11e7-b012-94de807a9669','5ff5c43f-7551-4271-b699-d2aa9df82418','861212ce-cc68-11e7-b012-94de807a9669','WOMEN_CLOTHING'),('ff1c562a-cc85-11e7-b012-94de807a9669','5ff5c43f-7551-4271-b699-d2aa9df82418','77453fa6-cc68-11e7-b012-94de807a9669','Fashion'),('ff1ca73d-cc85-11e7-b012-94de807a9669','5ff5c43f-7551-4271-b699-d2aa9df82418','e0bcd771-cc68-11e7-b012-94de807a9669','fcae6055-cbcf-11e7-97a3-94de807a9669'),('ff1d292a-cc85-11e7-b012-94de807a9669','5ff5c43f-7551-4271-b699-d2aa9df82418','e0bcd771-cc68-11e7-b012-94de807a9669','fcb5c185-cbcf-11e7-97a3-94de807a9669'),('ff1d747a-cc85-11e7-b012-94de807a9669','5ff5c43f-7551-4271-b699-d2aa9df82418','e0bcd771-cc68-11e7-b012-94de807a9669','fcbcd3df-cbcf-11e7-97a3-94de807a9669'),('ff1dae49-cc85-11e7-b012-94de807a9669','5ff5c43f-7551-4271-b699-d2aa9df82418','e0bcd771-cc68-11e7-b012-94de807a9669','fcce6802-cbcf-11e7-97a3-94de807a9669'),('ffa52ba1-b256-49c5-b816-80580ea8544a','38afdd94-d245-4dc3-9f19-1f5fedb50411','fd97346f-cbcf-11e7-97a3-94de807a9669','М'),('ffe9321c-910c-40dd-bef9-9a5b42f347e7','3cfaec51-29c8-43b4-9f6a-8a1c24c5a199','fcae6055-cbcf-11e7-97a3-94de807a9669','Хорошее');
/*!40000 ALTER TABLE `values_table` ENABLE KEYS */;
UNLOCK TABLES;
/*!40103 SET TIME_ZONE=@OLD_TIME_ZONE */;

/*!40101 SET SQL_MODE=@OLD_SQL_MODE */;
/*!40014 SET FOREIGN_KEY_CHECKS=@OLD_FOREIGN_KEY_CHECKS */;
/*!40014 SET UNIQUE_CHECKS=@OLD_UNIQUE_CHECKS */;
/*!40101 SET CHARACTER_SET_CLIENT=@OLD_CHARACTER_SET_CLIENT */;
/*!40101 SET CHARACTER_SET_RESULTS=@OLD_CHARACTER_SET_RESULTS */;
/*!40101 SET COLLATION_CONNECTION=@OLD_COLLATION_CONNECTION */;
/*!40111 SET SQL_NOTES=@OLD_SQL_NOTES */;

-- Dump completed on 2017-12-26 21:16:54
