-- MySQL dump 10.13  Distrib 5.7.17, for Win64 (x86_64)
--
-- Host: localhost    Database: spring_security_app
-- ------------------------------------------------------
-- Server version	5.7.20-log

/*!40101 SET @OLD_CHARACTER_SET_CLIENT=@@CHARACTER_SET_CLIENT */;
/*!40101 SET @OLD_CHARACTER_SET_RESULTS=@@CHARACTER_SET_RESULTS */;
/*!40101 SET @OLD_COLLATION_CONNECTION=@@COLLATION_CONNECTION */;
/*!40101 SET NAMES utf8 */;
/*!40103 SET @OLD_TIME_ZONE=@@TIME_ZONE */;
/*!40103 SET TIME_ZONE='+00:00' */;
/*!40014 SET @OLD_UNIQUE_CHECKS=@@UNIQUE_CHECKS, UNIQUE_CHECKS=0 */;
/*!40014 SET @OLD_FOREIGN_KEY_CHECKS=@@FOREIGN_KEY_CHECKS, FOREIGN_KEY_CHECKS=0 */;
/*!40101 SET @OLD_SQL_MODE=@@SQL_MODE, SQL_MODE='NO_AUTO_VALUE_ON_ZERO' */;
/*!40111 SET @OLD_SQL_NOTES=@@SQL_NOTES, SQL_NOTES=0 */;

--
-- Table structure for table `attributes`
--

DROP TABLE IF EXISTS `attributes`;
/*!40101 SET @saved_cs_client     = @@character_set_client */;
/*!40101 SET character_set_client = utf8 */;
CREATE TABLE `attributes` (
  `attr_id` varchar(36) NOT NULL,
  `Value` varchar(45) NOT NULL,
  `Object_type_id` varchar(36) NOT NULL,
  PRIMARY KEY (`attr_id`,`Object_type_id`),
  KEY `fk_Attributes_Object_type1_idx` (`Object_type_id`),
  CONSTRAINT `fk_Attributes_Object_type1` FOREIGN KEY (`Object_type_id`) REFERENCES `object_type` (`Object_type_id`) ON DELETE NO ACTION ON UPDATE NO ACTION
) ENGINE=InnoDB DEFAULT CHARSET=utf8;
/*!40101 SET character_set_client = @saved_cs_client */;

--
-- Dumping data for table `attributes`
--

LOCK TABLES `attributes` WRITE;
/*!40000 ALTER TABLE `attributes` DISABLE KEYS */;
INSERT INTO `attributes` VALUES ('009abdf1-864e-41ff-bf5c-b7afa6a72793','Пользователь','ecb0a6c4-55df-45ec-84a6-65982514f218'),('02356245-e5d7-4e52-9b45-8d805c9022a9','Состояние','cbf44bfd-7640-403e-98f2-e729798302ea'),('05b849fa-2b64-49a9-9940-c6710a1b6b67','Тип','74ed54ee-b069-4295-afce-0201a5af95c3'),('05d48c9b-8cb1-4752-863a-47c6305729e0','Цена','77414012-3ec8-4322-87e3-1da03d176f94'),('06317afc-5ac2-462c-ad32-8439890d3b84','Тип аксессуара','9781b957-00c9-4d3f-98a4-19bfad2de577'),('07185756-9e18-4876-aa8a-d32697feddb5','Разрешение','6378a426-1a57-44ad-a022-601bc2c0b7eb'),('07ab5bfa-b9cd-4895-90f8-e7f49a7f4851','Пользователь','af6d5a5c-21c5-4bec-8268-0760da977f9d'),('0aa7e3a3-8086-4730-9483-d59bc6064425','Производитель','cbf44bfd-7640-403e-98f2-e729798302ea'),('0ad9e8f2-e1c9-4adc-ae44-efb23616b6b6','Состояние','7d5a5d0a-bbc9-4b55-9163-3f416d3ba30f'),('0c1c4377-21ca-4f4e-bf54-7a2c81b6a11a','Тип','45e1094d-3080-437d-9118-b3cd24332ffa'),('0c4010aa-b1c7-4ec3-9002-d192cbbe89a0','Цена','61a4e8a2-2478-445f-b6de-0f44475f9e7a'),('0caab734-e217-43fd-8c7d-86602c2fb512','Пользователь','26bbc8c3-96c3-4986-8b81-dff8827665ab'),('0da3f2f8-45b6-435e-8bf2-3b63a28f24a6','Цена','74ed54ee-b069-4295-afce-0201a5af95c3'),('0e7251f8-e2b2-4e09-854e-ffa01888a6e3','Цвет','09fe1915-47dc-4367-9c11-6d78cb7b252e'),('0e9e404f-9772-46c1-a3d9-85c07d7f7c81','Состояние','b06e2e5c-20b0-4a48-8c82-206825a52127'),('0eb4a7be-9fbb-4a82-a68f-fd3238710047','Пользователь','b2b27809-1bcd-47e0-960a-6a3c95ada5e0'),('0f312df0-7623-4394-93f4-e16b872dc0ec','Пользователь','9781b957-00c9-4d3f-98a4-19bfad2de577'),('0f574e61-aa57-4f99-bb42-59f5f4cf7546','Марка','befa3ad6-10de-4a86-8c60-0531b2fad00d'),('0ff0e567-f504-4ddf-9f9d-d054e0b08c87','Пользователь','eceac232-9aca-4278-ba86-9d9dff57169c'),('110b446a-0ac2-4823-9fb5-5c28b5c860a6','Состояние','26bbc8c3-96c3-4986-8b81-dff8827665ab'),('11332db0-f392-400b-a209-84e33247e8be','Пользователь','f6c765f8-7a61-4a3d-b0fd-ad3bebeb645d'),('14db80f4-856c-4b70-ac8c-ebb4306b291d','Состояние','3580b46c-a57f-403e-8829-a59052e27331'),('1763c10c-36c7-4343-894c-a9d9a17026db','Пользователь','61a4e8a2-2478-445f-b6de-0f44475f9e7a'),('17c1efcf-689c-4f84-98cb-d64b0c6e5d5c','Пользователь','7d5a5d0a-bbc9-4b55-9163-3f416d3ba30f'),('18ca6f6a-a986-4244-809c-3a6f2dcbd64e','Этаж','77414012-3ec8-4322-87e3-1da03d176f94'),('19908987-cf86-4472-8ef9-3d7a092fb01e','Состояние','f6c765f8-7a61-4a3d-b0fd-ad3bebeb645d'),('1c349662-faa3-42b8-88fe-5dbe717f91f9','Наличие  мебели','d16318de-fcac-4730-b879-af90b1b4f2da'),('1df4492b-9679-4873-9ded-4c366584f8d9','Адрес','19cd1ac4-5baf-4775-b24c-8ca45fb1df0a'),('1e40b16a-24de-4e2d-9166-729ec221b791','Наличие балктна','d16318de-fcac-4730-b879-af90b1b4f2da'),('1f3bea50-35e4-4f6c-a9ff-19bf7586e60c','Местоположение','796d365e-1d5a-42c0-9137-088a049bad1d'),('202b3eb0-b6f0-40e4-8898-b77bd920c7f3','Пользователь','77414012-3ec8-4322-87e3-1da03d176f94'),('203f8c8a-cf8f-4460-b049-feff42bad097','Сезон','b2b27809-1bcd-47e0-960a-6a3c95ada5e0'),('20e7af6f-c684-4f46-8d07-834c17485133','Гарантийный срок','f6c765f8-7a61-4a3d-b0fd-ad3bebeb645d'),('213e6399-fa73-45fd-aea8-16b412f8e435','Год','09fe1915-47dc-4367-9c11-6d78cb7b252e'),('21bcb839-be1a-4b2d-b384-654c7e1b17ac','Цена','26bbc8c3-96c3-4986-8b81-dff8827665ab'),('21c1f9dc-b467-47fc-8844-0f094bfb2bcb','Цена','3580b46c-a57f-403e-8829-a59052e27331'),('2244cbd8-d198-4db5-b5d3-b1e2bafb0c6e','Пользователь','f8b47f1f-d197-4151-b1d8-c6b83438f4f0'),('2a7eca92-8232-4c23-a3c7-d257ccf18cf4','Общая площадь','77414012-3ec8-4322-87e3-1da03d176f94'),('2c7a0058-2981-42e4-be42-a3283672b3d8','Цена','befa3ad6-10de-4a86-8c60-0531b2fad00d'),('2cda2a8f-7a7c-4e7c-9f85-5d8dc436a43a','Цена','5177fcfa-67b0-456e-8fe1-9d3289f710f2'),('30c9865d-cbad-458d-a359-2a1189a9e99d','Электронная почта','796d365e-1d5a-42c0-9137-088a049bad1d'),('30d6084c-0e02-43d4-870f-3f30b34f9041','USB','cbf44bfd-7640-403e-98f2-e729798302ea'),('32146967-68d3-4ea1-b28f-d9f922c1d2ae','Год постройки','77414012-3ec8-4322-87e3-1da03d176f94'),('3375a9e0-abee-40a0-9006-9b3fcda218b4','Цена','77220373-230b-4b52-b8f3-e87330754231'),('35b57c4e-56de-4bac-ac1e-52653469933f','Цена','6378a426-1a57-44ad-a022-601bc2c0b7eb'),('3b48263e-c951-4ea3-8b92-746439f0ccfd','Вид','5177fcfa-67b0-456e-8fe1-9d3289f710f2'),('3c3b4c5c-75d9-40c2-921e-69d25d22ee41','ФИО','796d365e-1d5a-42c0-9137-088a049bad1d'),('3ed2b3e1-d42d-4b92-a922-b51b99ff836b','Пользователь','19cd1ac4-5baf-4775-b24c-8ca45fb1df0a'),('401e6126-7f31-40c3-879c-e8aada0dfd95','Цена','7d5a5d0a-bbc9-4b55-9163-3f416d3ba30f'),('406c298b-2790-41c1-9457-976a4f8dd654','Пользователь','45e1094d-3080-437d-9118-b3cd24332ffa'),('4363108e-2ac7-45f9-8021-a90c14eed279','Возраст','5177fcfa-67b0-456e-8fe1-9d3289f710f2'),('44b4ab86-438e-41bd-a285-6dff1580ea24','Марка','543d0851-743a-41ec-9d94-2013e4cef30f'),('45041b2b-d398-4325-8285-00818c686356','Пользователь','6378a426-1a57-44ad-a022-601bc2c0b7eb'),('470ec7c5-4834-45a8-8469-7040a2d91113','Вид одежды','c62c6099-90d7-445b-84d3-242de3a1befe'),('4b8b29ca-e8d8-4583-a6e6-0f9989521bc1','Пользователь','b254f262-d7ff-4b16-a8db-3e61a5412e25'),('4c2ffd11-eead-420a-92e2-dbf1901565f6','Состояние','e86fdc36-ecdc-4c1e-b560-fa37a1235bad'),('4e5f1e3d-40f9-4e13-85f8-728da4ab8e9e','Длина','c78aea57-14fd-4594-957d-2d56d9e58887'),('4f15199e-e1c9-4fc0-97ea-e8967c964a81','Размер','15f0906c-4ddf-48c9-a250-8a3f57effc9d'),('4f22d683-7be5-47d6-ba26-ce29e24127cd','Пол','5177fcfa-67b0-456e-8fe1-9d3289f710f2'),('50ba3fb1-48cd-4fc1-bc1e-e610396135a2','Пользователь','cbf44bfd-7640-403e-98f2-e729798302ea'),('5129a893-8559-484e-974c-ce0b7b05f4bd','Пользователь','74ed54ee-b069-4295-afce-0201a5af95c3'),('51bf74cf-a1fe-407c-97c2-920c0e3b33b5','Пользователь','2719517b-c770-4101-896b-7d6b38cf32cc'),('56f668bc-8cc5-4242-baaa-a3861fe74872','Состояние','45e1094d-3080-437d-9118-b3cd24332ffa'),('577a863f-0989-446d-9e89-de3382860da9','Площадь','b254f262-d7ff-4b16-a8db-3e61a5412e25'),('5c8f8ee8-b4e7-46f6-b687-71dd8a261e60','ID','796d365e-1d5a-42c0-9137-088a049bad1d'),('62926753-a18b-41c2-bf35-010afcf5636a','Пользователь','e86fdc36-ecdc-4c1e-b560-fa37a1235bad'),('6343d5aa-37c1-4a2e-82c2-7bc070a4683b','Пользователь','84774c15-dca1-45c3-ba8a-e8d602366701'),('639b4ed1-ecd6-47b0-ad69-7f51fc71240e','Состояние','15f0906c-4ddf-48c9-a250-8a3f57effc9d'),('674900e9-b121-4e63-9367-f02f75041462','Состояние','b2b27809-1bcd-47e0-960a-6a3c95ada5e0'),('6919c8ff-e23e-41c0-912c-ba5b071ea413','Сезон','15f0906c-4ddf-48c9-a250-8a3f57effc9d'),('6bbafdc6-34a3-43c9-81d3-d71ad51bc6d8','Тип','26bbc8c3-96c3-4986-8b81-dff8827665ab'),('6de9c2a8-b8bb-4bad-aad6-85de1a4bc5c1','Цена','09fe1915-47dc-4367-9c11-6d78cb7b252e'),('6e780380-6b21-4d25-83f8-cccd70ef16fd','Производитель/импортер','f6c765f8-7a61-4a3d-b0fd-ad3bebeb645d'),('6f146aa6-b2be-4d05-afd1-da7894d94780','Для кого (М / Ж)','9781b957-00c9-4d3f-98a4-19bfad2de577'),('6f5d21e3-77a2-4297-a2c5-9eb0ffc05ff6','Цена','b2b27809-1bcd-47e0-960a-6a3c95ada5e0'),('6fde2460-0473-45a0-8b54-329c528f6bf3','Цена','19cd1ac4-5baf-4775-b24c-8ca45fb1df0a'),('70e4ca87-fa42-476f-a4e7-bd66a31b3a06','Состояние','c78aea57-14fd-4594-957d-2d56d9e58887'),('712b4728-f70c-46fa-9899-7d2cce27606c','Диаметр','26bbc8c3-96c3-4986-8b81-dff8827665ab'),('71675094-a473-4547-a725-9411b35d61de','Тип','eceac232-9aca-4278-ba86-9d9dff57169c'),('71ebb116-abcb-4b46-8602-ea76bb55daf8','Цена','c62c6099-90d7-445b-84d3-242de3a1befe'),('72938c71-fc5e-4a03-85be-38918ba45102','Пользователь','3580b46c-a57f-403e-8829-a59052e27331'),('72a496c0-d786-4096-9d76-11f752955521','Адрес','b06e2e5c-20b0-4a48-8c82-206825a52127'),('75fe820b-13b8-4e47-b220-d877e6ba0485','Пол','796d365e-1d5a-42c0-9137-088a049bad1d'),('763dc87e-6c7a-4bcd-bf55-cf9884efd5b1','Год','befa3ad6-10de-4a86-8c60-0531b2fad00d'),('764b33cf-0b15-4603-b6f8-e3810a2cb4c3','Телефон','796d365e-1d5a-42c0-9137-088a049bad1d'),('7686a051-678f-4f4b-9e09-8f9c694d9030','Цена','e86fdc36-ecdc-4c1e-b560-fa37a1235bad'),('77e28ba9-7819-4529-8ba1-36d4d94b92ef','Год','77220373-230b-4b52-b8f3-e87330754231'),('792573b3-26b3-4f3b-b617-da5ba87cbc36','Состояние','6378a426-1a57-44ad-a022-601bc2c0b7eb'),('79c0a214-3389-4a3d-9b0a-77876de3f6fa','Пользователь','543d0851-743a-41ec-9d94-2013e4cef30f'),('7a2df07d-8534-47f7-b2fd-7ab95392d33f','Цена','eceac232-9aca-4278-ba86-9d9dff57169c'),('7c6e6392-0721-4553-af23-7276327c6595','Тип аренды','d16318de-fcac-4730-b879-af90b1b4f2da'),('7ca21152-b833-420e-ad2e-45ae0a4df699','Цена','eb161148-c7fe-4faf-9596-a511cb738e18'),('7d15728f-a9bc-4e8e-adb4-870a098e3af4','Количество комнат','77414012-3ec8-4322-87e3-1da03d176f94'),('7d5f57fa-c6bd-4640-adc4-b7a8f2e21c3f','Пользователь','09fe1915-47dc-4367-9c11-6d78cb7b252e'),('7e483322-9e98-464c-998c-a67d9663393a','Вид','de0feeb5-9535-427c-8d15-edda78495f26'),('802ff644-f60a-46ce-8f72-e91371ba85ad','Состояние','eceac232-9aca-4278-ba86-9d9dff57169c'),('82ee9c1b-e55f-4527-ae59-4ac778825643','Тип двигателя','befa3ad6-10de-4a86-8c60-0531b2fad00d'),('85e42c72-6fc7-4a1c-b92e-060866fd9c8e','Пользователь','c62c6099-90d7-445b-84d3-242de3a1befe'),('87ec5056-5f16-4219-951c-4f1e679f19a4','Пробег','befa3ad6-10de-4a86-8c60-0531b2fad00d'),('88d5d8e9-13ac-4613-9a2e-1c555dfb94c5','Пользователь','c78aea57-14fd-4594-957d-2d56d9e58887'),('88fd8a10-5fbd-467b-990b-e7a8a2d4e1c7','Цена','f8b47f1f-d197-4151-b1d8-c6b83438f4f0'),('89cbce5f-210d-4e5e-a1a9-9b0fd5fde10a','Модель','befa3ad6-10de-4a86-8c60-0531b2fad00d'),('8a5c28f2-433e-43e5-929b-0ed95b5bb0f3','Ширина','c78aea57-14fd-4594-957d-2d56d9e58887'),('8a6bb4fc-8dc6-48b5-9a92-a056deed38a6','Вид обуви','2719517b-c770-4101-896b-7d6b38cf32cc'),('8d663959-622d-4680-b69c-f6bbb9c65bc6','Пользователь','de0feeb5-9535-427c-8d15-edda78495f26'),('8def0bd6-f871-475f-9e21-03e1baaee303','Размер','2719517b-c770-4101-896b-7d6b38cf32cc'),('8e34f3d7-a2ba-4e50-abf9-98ffa66b32ce','Цена','45e1094d-3080-437d-9118-b3cd24332ffa'),('8ee8a438-3d4f-4b5e-8de8-4f417c523658','Сезон','c62c6099-90d7-445b-84d3-242de3a1befe'),('903ebe4d-8043-419e-a2ab-565d99fbacb9','Цена','b254f262-d7ff-4b16-a8db-3e61a5412e25'),('9179c0b6-7b11-41d4-b0e2-8df2cf9b27ad','Цена','d16318de-fcac-4730-b879-af90b1b4f2da'),('927e041f-0054-4327-a8ad-d5a8ec20b7be','Цена','84774c15-dca1-45c3-ba8a-e8d602366701'),('955d4adb-5a7e-4a8b-a3f2-989a54d64559','Тип','f6c765f8-7a61-4a3d-b0fd-ad3bebeb645d'),('9a95b5e3-5e64-4ce6-8101-974ca301d08f','Производитель','ecb0a6c4-55df-45ec-84a6-65982514f218'),('9bc10a70-f7b1-4a91-94e4-a88ce9b9d4e2','Оперативная память','eceac232-9aca-4278-ba86-9d9dff57169c'),('9d85ed66-863a-4b90-87fa-74068f05c028','Гарантийный срок','de0feeb5-9535-427c-8d15-edda78495f26'),('a0d88bad-70a6-46f9-acaa-2ed1ecc24628','Масса','9ead001d-146f-4315-9f65-d9632248d31f'),('a13cce38-962e-4cc2-a6ea-31db702e21cf','Состояние','543d0851-743a-41ec-9d94-2013e4cef30f'),('a8be5b33-9cd0-4426-9df2-b205fa37b9d1','Состояние','d16318de-fcac-4730-b879-af90b1b4f2da'),('a8f9d8e4-3c2a-4ae4-bfe5-17600c8934bd','Состояние','74ed54ee-b069-4295-afce-0201a5af95c3'),('a92e2550-c9fc-40b7-9c5c-b9149b7223bd','Марка','09fe1915-47dc-4367-9c11-6d78cb7b252e'),('a96b76ab-5f92-49c1-a6d6-4a41ee0ed06e','Цена','de0feeb5-9535-427c-8d15-edda78495f26'),('aa4f2c16-d439-454b-b01f-357c0760232e','Тип','77220373-230b-4b52-b8f3-e87330754231'),('abef6940-4e53-4cee-bd43-2a9f3ea88166','Размер','c62c6099-90d7-445b-84d3-242de3a1befe'),('ae4d5a0e-c40f-4688-ba24-e7d1a2f3f930','Диагональ экрана','543d0851-743a-41ec-9d94-2013e4cef30f'),('ae84c533-26f3-447b-97e6-54b5d835d919','Цена','543d0851-743a-41ec-9d94-2013e4cef30f'),('af94a12d-215c-4140-a413-a8ea7a2cc8b8','Пробег','09fe1915-47dc-4367-9c11-6d78cb7b252e'),('b21e8f35-a886-43d4-ba10-71b89d4f5e50','Состояние','c62c6099-90d7-445b-84d3-242de3a1befe'),('b4275c3c-c705-48f3-b7d6-399d2a524d10','Размер','b2b27809-1bcd-47e0-960a-6a3c95ada5e0'),('b48d65a1-fbd9-4883-9860-0ef679cd064c','Тип','ecb0a6c4-55df-45ec-84a6-65982514f218'),('b56982e2-8942-41fb-a073-a9569c199bc0','Выход HDMI','cbf44bfd-7640-403e-98f2-e729798302ea'),('b8dfa76f-e729-4faf-9b9b-eb988f70943b','Цена','c78aea57-14fd-4594-957d-2d56d9e58887'),('b945c41e-0bd0-4ec3-8801-4502095e1124','Тип','6378a426-1a57-44ad-a022-601bc2c0b7eb'),('badcccac-180e-4dc6-903c-da7bc9270e06','Тип','7d5a5d0a-bbc9-4b55-9163-3f416d3ba30f'),('bae56762-82ce-42ae-bf02-35d1ac9489c2','Пользователь','b06e2e5c-20b0-4a48-8c82-206825a52127'),('bbbb17d7-4c1b-40f5-8aa9-1f07797c003b','Цена','af6d5a5c-21c5-4bec-8268-0760da977f9d'),('bc820527-1eff-4add-9c25-fc2006bc1f14','Процессор','eceac232-9aca-4278-ba86-9d9dff57169c'),('bfd53014-bd61-454e-b351-36cc90334358','Высота','c78aea57-14fd-4594-957d-2d56d9e58887'),('c0b2158e-1475-44df-ac2e-7a40bb650a8c','Количество комнат','b06e2e5c-20b0-4a48-8c82-206825a52127'),('c230756b-c671-42ca-a820-add5a46baa00','Тип','543d0851-743a-41ec-9d94-2013e4cef30f'),('c4a8c439-960a-4317-98be-87ba0ad66463','Цена','cbf44bfd-7640-403e-98f2-e729798302ea'),('c5416fb3-1082-403a-896a-ae817a0eb80f','Цена','15f0906c-4ddf-48c9-a250-8a3f57effc9d'),('c5fda04f-a2b5-401c-99c7-10c3d99a3db7','Состояние','2719517b-c770-4101-896b-7d6b38cf32cc'),('c697e297-3933-4e00-b113-30f8aa1f44bf','Производитель','6378a426-1a57-44ad-a022-601bc2c0b7eb'),('cb70d915-1ac7-4d74-a6a3-9be8d930b676','Тип','de0feeb5-9535-427c-8d15-edda78495f26'),('cdac59d7-2acd-4702-bfe6-dfe2cb198224','Пользователь','befa3ad6-10de-4a86-8c60-0531b2fad00d'),('d34dc69f-2324-4eeb-911e-5654c6fe72a2','Разрешение экрана','eceac232-9aca-4278-ba86-9d9dff57169c'),('d3eb3a34-12e0-4d6e-a226-ed2750c39ded','Материал стен','b06e2e5c-20b0-4a48-8c82-206825a52127'),('d4167a33-fc70-4e4b-99b3-a2db84f2abbf','Гарантия','84774c15-dca1-45c3-ba8a-e8d602366701'),('d6c351ba-e9fe-4f14-b8a9-cf48f62f4135','Производитель','eceac232-9aca-4278-ba86-9d9dff57169c'),('d79b61c0-2798-4159-bea4-13c79c6b8781','Местонахождение','b254f262-d7ff-4b16-a8db-3e61a5412e25'),('dbfc0c5b-143a-4387-8ba3-3e93a57f8053','Наличие охраны','19cd1ac4-5baf-4775-b24c-8ca45fb1df0a'),('dc02094e-43f9-41a7-9530-0a3be1ad18e6','Высота','af6d5a5c-21c5-4bec-8268-0760da977f9d'),('dcf51b5a-85cc-4e19-a2d6-354e6576d584','Дата рождения','796d365e-1d5a-42c0-9137-088a049bad1d'),('dfb0dd04-2d59-45ea-9455-c67f893f91fc','Цена','9781b957-00c9-4d3f-98a4-19bfad2de577'),('e08bbbe9-22e0-46d1-a4be-82e287a1d866','Состояние','84774c15-dca1-45c3-ba8a-e8d602366701'),('e0d123b1-0587-4451-8471-7bf5d8cd7b09','Пользователь','d16318de-fcac-4730-b879-af90b1b4f2da'),('e12f9b25-a008-4873-87d6-9788ac20a728','Цена','b06e2e5c-20b0-4a48-8c82-206825a52127'),('e24ebb88-74e2-4f57-9479-4a30c99b1b5f','Состояние','61a4e8a2-2478-445f-b6de-0f44475f9e7a'),('e5d1b1c4-404b-47d4-8d61-7826db4a1926','Вид одежды','15f0906c-4ddf-48c9-a250-8a3f57effc9d'),('e8dd330b-65b7-44a4-bfb9-dfc7b03c5111','Состояние','77220373-230b-4b52-b8f3-e87330754231'),('e9060710-3418-4708-b7dc-e5ee59904848','Пользователь','eb161148-c7fe-4faf-9596-a511cb738e18'),('e90fd1cb-9476-440e-8787-1a991fb2ef74','Пользователь','15f0906c-4ddf-48c9-a250-8a3f57effc9d'),('e9887682-17f6-43da-8424-a12a739b0759','Пользователь','5177fcfa-67b0-456e-8fe1-9d3289f710f2'),('e9cc1d72-afa3-423a-8daf-79d3f23da184','Состояние','77414012-3ec8-4322-87e3-1da03d176f94'),('ea7ffcea-6b64-4418-aacd-d458eaaa9dca','Тип кузова','befa3ad6-10de-4a86-8c60-0531b2fad00d'),('eaa37060-3ad3-4855-886c-828e3dcb0bf2','Тип','3580b46c-a57f-403e-8829-a59052e27331'),('ed61e472-988b-4f27-b344-2e7316b27d3b','Количество','f8b47f1f-d197-4151-b1d8-c6b83438f4f0'),('ef7f4a4a-290f-4723-88f6-dddd7deaf4b6','Сезон','2719517b-c770-4101-896b-7d6b38cf32cc'),('f035f4e1-c2f7-4b53-9e11-338a0051db36','Пользователь','9ead001d-146f-4315-9f65-d9632248d31f'),('f36fc409-20f3-4465-9e9f-47631a3c851c','Тип','84774c15-dca1-45c3-ba8a-e8d602366701'),('f516b696-27b5-445c-91cb-443ce3a0bb86','Вид','eb161148-c7fe-4faf-9596-a511cb738e18'),('f541a9a2-142b-40fc-b077-43a559b4c828','Состояние','ecb0a6c4-55df-45ec-84a6-65982514f218'),('f86280af-19b8-4bcd-8155-843d7b58939c','Цена','ecb0a6c4-55df-45ec-84a6-65982514f218'),('f919a8f6-fe04-49d4-bcb2-3e54cc2d102f','Цена','f6c765f8-7a61-4a3d-b0fd-ad3bebeb645d'),('f96015d3-c47a-495d-8df2-7a0af491f8bd','Вид обуви','b2b27809-1bcd-47e0-960a-6a3c95ada5e0'),('fa1a3664-614e-4321-b525-30b7a4b7e63f','Цена','9ead001d-146f-4315-9f65-d9632248d31f'),('fb491442-bb7c-474f-8600-67af0e5880bb','Цвет','befa3ad6-10de-4a86-8c60-0531b2fad00d'),('fb759065-6aa3-48cd-ae32-9f58ab562295','Общая площадь','b06e2e5c-20b0-4a48-8c82-206825a52127'),('fba86ea6-db87-451f-9a0f-a1dd54326c7a','Состояние','9781b957-00c9-4d3f-98a4-19bfad2de577'),('fdafc3b5-9b87-43f9-a810-cbad1877cb84','Состояние','de0feeb5-9535-427c-8d15-edda78495f26'),('fdbf2b16-c565-4645-97e6-4364c7c54058','Тип','cbf44bfd-7640-403e-98f2-e729798302ea'),('ff5d9f28-44f9-4f40-8028-20ef5caf44d3','Цена','2719517b-c770-4101-896b-7d6b38cf32cc'),('ffcd3113-98b2-4868-841d-3cea495a2d90','Год постройки','b06e2e5c-20b0-4a48-8c82-206825a52127'),('ffe44a3e-288f-48c9-b723-c0ed94dc75a5','Пользователь','77220373-230b-4b52-b8f3-e87330754231');
/*!40000 ALTER TABLE `attributes` ENABLE KEYS */;
UNLOCK TABLES;

--
-- Table structure for table `object`
--

DROP TABLE IF EXISTS `object`;
/*!40101 SET @saved_cs_client     = @@character_set_client */;
/*!40101 SET character_set_client = utf8 */;
CREATE TABLE `object` (
  `Object_id` varchar(36) NOT NULL,
  `Object_type_id` varchar(36) NOT NULL,
  PRIMARY KEY (`Object_id`,`Object_type_id`),
  KEY `fk_Object_Object_type1_idx` (`Object_type_id`),
  CONSTRAINT `fk_Object_Object_type1` FOREIGN KEY (`Object_type_id`) REFERENCES `object_type` (`Object_type_id`) ON DELETE NO ACTION ON UPDATE NO ACTION
) ENGINE=InnoDB DEFAULT CHARSET=utf8;
/*!40101 SET character_set_client = @saved_cs_client */;

--
-- Dumping data for table `object`
--

LOCK TABLES `object` WRITE;
/*!40000 ALTER TABLE `object` DISABLE KEYS */;
INSERT INTO `object` VALUES ('0575feaa-25f9-4501-8dde-76cf53b65838','15f0906c-4ddf-48c9-a250-8a3f57effc9d'),('5bd0bdc0-27be-4141-81fb-1ed149f351b5','15f0906c-4ddf-48c9-a250-8a3f57effc9d'),('ab5222ce-d0b8-4161-ad95-fe1f738b99aa','15f0906c-4ddf-48c9-a250-8a3f57effc9d'),('5ae88242-2db9-4409-8d3e-582d8ba73532','543d0851-743a-41ec-9d94-2013e4cef30f'),('5ed0542f-bac0-4870-aefe-f5fff313e210','543d0851-743a-41ec-9d94-2013e4cef30f'),('7fe00850-da2a-437b-b95f-662d5339e39f','543d0851-743a-41ec-9d94-2013e4cef30f'),('999f00b8-9c5c-4681-a01a-b5e0305e47f0','543d0851-743a-41ec-9d94-2013e4cef30f'),('e086eea3-b2f6-4458-96c9-0e1d796483b2','543d0851-743a-41ec-9d94-2013e4cef30f'),('d564996a-e054-4962-81ae-33da194f6851','77414012-3ec8-4322-87e3-1da03d176f94'),('d7fb2953-ff02-4f64-92dd-18296241b936','77414012-3ec8-4322-87e3-1da03d176f94'),('16e9a7c6-3a06-4930-931a-e72cfaa674da','796d365e-1d5a-42c0-9137-088a049bad1d'),('5c015ca2-dfd7-4ade-a89e-f31df53a41ad','796d365e-1d5a-42c0-9137-088a049bad1d'),('a0aa6a86-b563-42da-ab0e-4f1b616b59fb','796d365e-1d5a-42c0-9137-088a049bad1d'),('b214b038-3d44-4bcc-a994-f9067cb3c169','796d365e-1d5a-42c0-9137-088a049bad1d'),('ce88c533-45e3-4607-8d7c-081cb8918862','796d365e-1d5a-42c0-9137-088a049bad1d'),('f1b9d433-fda1-4a9b-8a3a-da2a3b810ed7','796d365e-1d5a-42c0-9137-088a049bad1d'),('9c7a2de4-b9a4-41c3-bf85-c484217dddcf','c62c6099-90d7-445b-84d3-242de3a1befe'),('c7844c05-c7fa-46e5-9ecb-b870fde2c68b','c62c6099-90d7-445b-84d3-242de3a1befe'),('d758e2ae-0d0d-4979-aae1-9770c0b287c9','c62c6099-90d7-445b-84d3-242de3a1befe'),('2db2cae4-494a-4f72-9799-234c673473e4','ecb0a6c4-55df-45ec-84a6-65982514f218');
/*!40000 ALTER TABLE `object` ENABLE KEYS */;
UNLOCK TABLES;

--
-- Table structure for table `object_type`
--

DROP TABLE IF EXISTS `object_type`;
/*!40101 SET @saved_cs_client     = @@character_set_client */;
/*!40101 SET character_set_client = utf8 */;
CREATE TABLE `object_type` (
  `Object_type_id` varchar(36) NOT NULL,
  `Value` varchar(45) NOT NULL,
  `Supercategory` varchar(45) DEFAULT NULL,
  PRIMARY KEY (`Object_type_id`)
) ENGINE=InnoDB DEFAULT CHARSET=utf8;
/*!40101 SET character_set_client = @saved_cs_client */;

--
-- Dumping data for table `object_type`
--

LOCK TABLES `object_type` WRITE;
/*!40000 ALTER TABLE `object_type` DISABLE KEYS */;
INSERT INTO `object_type` VALUES ('09fe1915-47dc-4367-9c11-6d78cb7b252e','Мотоциклы','Auto'),('15f0906c-4ddf-48c9-a250-8a3f57effc9d','Мужская одежда','Fashion'),('19cd1ac4-5baf-4775-b24c-8ca45fb1df0a','Гаражи','Realty'),('26bbc8c3-96c3-4986-8b81-dff8827665ab','Шины и диски','Auto'),('2719517b-c770-4101-896b-7d6b38cf32cc','Женская обувь','Fashion'),('3580b46c-a57f-403e-8829-a59052e27331','Косметика и парфюмерия','Fashion'),('45e1094d-3080-437d-9118-b3cd24332ffa','Товары для животных','Animals'),('5177fcfa-67b0-456e-8fe1-9d3289f710f2','Домашние питомцы','Animals'),('543d0851-743a-41ec-9d94-2013e4cef30f','Телефоны','Technics'),('61a4e8a2-2478-445f-b6de-0f44475f9e7a','Хозяйственные товары','House'),('6378a426-1a57-44ad-a022-601bc2c0b7eb','ТВ и видеотехника','Technics'),('74ed54ee-b069-4295-afce-0201a5af95c3','Садовая мебель и мангалы','Garden'),('77220373-230b-4b52-b8f3-e87330754231','Тракторы и сельхозтехника','Auto'),('77414012-3ec8-4322-87e3-1da03d176f94','Квартиры','Realty'),('796d365e-1d5a-42c0-9137-088a049bad1d','Пользователь',NULL),('7d5a5d0a-bbc9-4b55-9163-3f416d3ba30f','Запчасти','Auto'),('84774c15-dca1-45c3-ba8a-e8d602366701','Садовая техника и инвентарь','Garden'),('9781b957-00c9-4d3f-98a4-19bfad2de577','Аксессуары и часы','Fashion'),('9ead001d-146f-4315-9f65-d9632248d31f','Удобрения','Garden'),('af6d5a5c-21c5-4bec-8268-0760da977f9d','Комнатные растения','House'),('b06e2e5c-20b0-4a48-8c82-206825a52127','Дома, дачи, коттеджи','Realty'),('b254f262-d7ff-4b16-a8db-3e61a5412e25','Участки','Realty'),('b2b27809-1bcd-47e0-960a-6a3c95ada5e0','Мужская обувь','Fashion'),('befa3ad6-10de-4a86-8c60-0531b2fad00d','Легковые авто','Auto'),('c62c6099-90d7-445b-84d3-242de3a1befe','Женская одежда','Fashion'),('c78aea57-14fd-4594-957d-2d56d9e58887','Теплицы','Garden'),('cbf44bfd-7640-403e-98f2-e729798302ea','Игры и приставки','Technics'),('d16318de-fcac-4730-b879-af90b1b4f2da','Комнаты','Realty'),('de0feeb5-9535-427c-8d15-edda78495f26','Бытовая техника','House'),('e86fdc36-ecdc-4c1e-b560-fa37a1235bad','Посуда и кухонные принадлежности','House'),('eb161148-c7fe-4faf-9596-a511cb738e18','Сельхоз животные','Animals'),('ecb0a6c4-55df-45ec-84a6-65982514f218','Аудиотехника','Technics'),('eceac232-9aca-4278-ba86-9d9dff57169c','Компьютер и комплектующие','Technics'),('f6c765f8-7a61-4a3d-b0fd-ad3bebeb645d','Мебель и интерьер','House'),('f8b47f1f-d197-4151-b1d8-c6b83438f4f0','Семена','Garden');
/*!40000 ALTER TABLE `object_type` ENABLE KEYS */;
UNLOCK TABLES;

--
-- Table structure for table `roles`
--

DROP TABLE IF EXISTS `roles`;
/*!40101 SET @saved_cs_client     = @@character_set_client */;
/*!40101 SET character_set_client = utf8 */;
CREATE TABLE `roles` (
  `id` int(11) NOT NULL AUTO_INCREMENT,
  `name` varchar(100) NOT NULL,
  PRIMARY KEY (`id`)
) ENGINE=InnoDB AUTO_INCREMENT=3 DEFAULT CHARSET=utf8;
/*!40101 SET character_set_client = @saved_cs_client */;

--
-- Dumping data for table `roles`
--

LOCK TABLES `roles` WRITE;
/*!40000 ALTER TABLE `roles` DISABLE KEYS */;
INSERT INTO `roles` VALUES (1,'ROLE_USER'),(2,'ROLE_ADMIN');
/*!40000 ALTER TABLE `roles` ENABLE KEYS */;
UNLOCK TABLES;

--
-- Table structure for table `user_roles`
--

DROP TABLE IF EXISTS `user_roles`;
/*!40101 SET @saved_cs_client     = @@character_set_client */;
/*!40101 SET character_set_client = utf8 */;
CREATE TABLE `user_roles` (
  `user_id` int(11) NOT NULL,
  `role_id` int(11) NOT NULL,
  UNIQUE KEY `user_id` (`user_id`,`role_id`),
  KEY `role_id` (`role_id`),
  CONSTRAINT `user_roles_ibfk_1` FOREIGN KEY (`user_id`) REFERENCES `users` (`id`),
  CONSTRAINT `user_roles_ibfk_2` FOREIGN KEY (`role_id`) REFERENCES `roles` (`id`)
) ENGINE=InnoDB DEFAULT CHARSET=utf8;
/*!40101 SET character_set_client = @saved_cs_client */;

--
-- Dumping data for table `user_roles`
--

LOCK TABLES `user_roles` WRITE;
/*!40000 ALTER TABLE `user_roles` DISABLE KEYS */;
INSERT INTO `user_roles` VALUES (2,1),(3,1),(1,2);
/*!40000 ALTER TABLE `user_roles` ENABLE KEYS */;
UNLOCK TABLES;

--
-- Table structure for table `users`
--

DROP TABLE IF EXISTS `users`;
/*!40101 SET @saved_cs_client     = @@character_set_client */;
/*!40101 SET character_set_client = utf8 */;
CREATE TABLE `users` (
  `id` int(11) NOT NULL AUTO_INCREMENT,
  `username` varchar(255) NOT NULL,
  `password` varchar(255) NOT NULL,
  PRIMARY KEY (`id`)
) ENGINE=InnoDB AUTO_INCREMENT=4 DEFAULT CHARSET=utf8;
/*!40101 SET character_set_client = @saved_cs_client */;

--
-- Dumping data for table `users`
--

LOCK TABLES `users` WRITE;
/*!40000 ALTER TABLE `users` DISABLE KEYS */;
INSERT INTO `users` VALUES (1,'IvanTkachev','$2a$11$uSXS6rLJ91WjgOHhEGDx..VGs7MkKZV68Lv5r1uwFu7HgtRn3dcXG'),(2,'nikak123','$2a$11$qWmKH9T0HbMGQu64hNnN/u.qkri75.mFLRqhgG9zOoEXKi6WA0kfe'),(3,'Darment123','$2a$11$dnJ4HUnu8jnk0vhpueNABOibZxBxwe2V70v9DkbxMRzhFWZON/7Fy');
/*!40000 ALTER TABLE `users` ENABLE KEYS */;
UNLOCK TABLES;

--
-- Table structure for table `values`
--

DROP TABLE IF EXISTS `values`;
/*!40101 SET @saved_cs_client     = @@character_set_client */;
/*!40101 SET character_set_client = utf8 */;
CREATE TABLE `values` (
  `value_id` varchar(36) NOT NULL,
  `Object_id` varchar(36) NOT NULL,
  `Attributes_attr_id` varchar(36) NOT NULL,
  `Value` varchar(45) NOT NULL,
  PRIMARY KEY (`value_id`,`Object_id`,`Attributes_attr_id`),
  KEY `fk_Values_Object_idx` (`Object_id`),
  KEY `fk_Values_Attributes1_idx` (`Attributes_attr_id`),
  CONSTRAINT `fk_Values_Attributes1` FOREIGN KEY (`Attributes_attr_id`) REFERENCES `attributes` (`attr_id`) ON DELETE NO ACTION ON UPDATE NO ACTION,
  CONSTRAINT `fk_Values_Object` FOREIGN KEY (`Object_id`) REFERENCES `object` (`Object_id`) ON DELETE NO ACTION ON UPDATE NO ACTION
) ENGINE=InnoDB DEFAULT CHARSET=utf8;
/*!40101 SET character_set_client = @saved_cs_client */;

--
-- Dumping data for table `values`
--

LOCK TABLES `values` WRITE;
/*!40000 ALTER TABLE `values` DISABLE KEYS */;
INSERT INTO `values` VALUES ('0164d104-5c0f-400a-ac6f-0bd8e8650ab2','d564996a-e054-4962-81ae-33da194f6851','05d48c9b-8cb1-4752-863a-47c6305729e0','50000 BYN'),('02278049-e23c-4d9e-a1b3-bbdcbc83d969','0575feaa-25f9-4501-8dde-76cf53b65838','c5416fb3-1082-403a-896a-ae817a0eb80f','35 BYN'),('02956dba-0ffa-45aa-b3eb-c874e475df39','b214b038-3d44-4bcc-a994-f9067cb3c169','5c8f8ee8-b4e7-46f6-b687-71dd8a261e60','Еще нету'),('034d45e5-f371-41b0-97d5-971cf3ded34d','ce88c533-45e3-4607-8d7c-081cb8918862','764b33cf-0b15-4603-b6f8-e3810a2cb4c3','345-91-19'),('0416467c-3e15-4c3b-9860-7cf7c15b6afd','0575feaa-25f9-4501-8dde-76cf53b65838','e90fd1cb-9476-440e-8787-1a991fb2ef74','Еще нету'),('08768e5e-b333-4aec-96c2-7bdbdafe9b59','d564996a-e054-4962-81ae-33da194f6851','32146967-68d3-4ea1-b28f-d9f922c1d2ae','2016'),('0876d3ac-01d9-46d8-9fd1-d20c92429c7c','5c015ca2-dfd7-4ade-a89e-f31df53a41ad','3c3b4c5c-75d9-40c2-921e-69d25d22ee41','Старый Иван Федерович'),('08de71c6-d95c-4a64-bd5a-c2bf04d4249a','ab5222ce-d0b8-4161-ad95-fe1f738b99aa','c5416fb3-1082-403a-896a-ae817a0eb80f','5 BYN'),('0c48c50b-a0df-4d97-839a-b36266ceb206','f1b9d433-fda1-4a9b-8a3a-da2a3b810ed7','75fe820b-13b8-4e47-b220-d877e6ba0485','Ж'),('0db92b4c-496c-4dfd-844e-7be67f6e33af','e086eea3-b2f6-4458-96c9-0e1d796483b2','44b4ab86-438e-41bd-a285-6dff1580ea24','Samsung Galaxy Note7'),('0f9e94df-c934-4b97-a152-17e4445e7540','9c7a2de4-b9a4-41c3-bf85-c484217dddcf','71ebb116-abcb-4b46-8602-ea76bb55daf8','13 BYN'),('1070ac37-7060-4772-bb77-97086f608e75','5c015ca2-dfd7-4ade-a89e-f31df53a41ad','1f3bea50-35e4-4f6c-a9ff-19bf7586e60c','г. Менеск'),('1108fe51-33f6-4785-b260-6e4958ed8937','e086eea3-b2f6-4458-96c9-0e1d796483b2','c230756b-c671-42ca-a820-add5a46baa00','Бомба'),('112031b4-21e6-4829-93d1-234be7f6613f','f1b9d433-fda1-4a9b-8a3a-da2a3b810ed7','dcf51b5a-85cc-4e19-a2d6-354e6576d584','13.05.1994'),('119361bd-e47d-4dbe-acc5-508833e09f93','5ae88242-2db9-4409-8d3e-582d8ba73532','44b4ab86-438e-41bd-a285-6dff1580ea24','BenQ-Siemens EL71'),('1711698d-74ee-4fe5-bcac-78eab91841fd','16e9a7c6-3a06-4930-931a-e72cfaa674da','1f3bea50-35e4-4f6c-a9ff-19bf7586e60c','г. Брест'),('17442b84-9f98-4bbd-aa44-01884e6d16f6','999f00b8-9c5c-4681-a01a-b5e0305e47f0','ae4d5a0e-c40f-4688-ba24-e7d1a2f3f930','4.7'),('177e0cf2-029f-4f9d-9f0c-49085bff8f5b','a0aa6a86-b563-42da-ab0e-4f1b616b59fb','764b33cf-0b15-4603-b6f8-e3810a2cb4c3','+375-29-199-91-19'),('19fc4554-b09e-4e7e-bff2-bc2d8b255be2','c7844c05-c7fa-46e5-9ecb-b870fde2c68b','71ebb116-abcb-4b46-8602-ea76bb55daf8','500 BYN'),('19fdb407-02b3-48ab-b4a8-72725dded038','5ed0542f-bac0-4870-aefe-f5fff313e210','79c0a214-3389-4a3d-9b0a-77876de3f6fa','Еще нету'),('1c2ec7d9-4517-4d7e-9c83-c3dbb95959c7','999f00b8-9c5c-4681-a01a-b5e0305e47f0','a13cce38-962e-4cc2-a6ea-31db702e21cf','Работает'),('1cc3856f-b239-4c7a-bf1a-e3804b21d514','ab5222ce-d0b8-4161-ad95-fe1f738b99aa','e90fd1cb-9476-440e-8787-1a991fb2ef74','Еще нету'),('223be087-18e8-4d12-b9f9-f791c52c0059','5c015ca2-dfd7-4ade-a89e-f31df53a41ad','5c8f8ee8-b4e7-46f6-b687-71dd8a261e60','Еще нету'),('25245601-cae1-4a1a-a553-bff6e0711826','d758e2ae-0d0d-4979-aae1-9770c0b287c9','470ec7c5-4834-45a8-8469-7040a2d91113','Колготки'),('25fc4d8a-2cd5-4abd-9a1a-80554d0ac07f','b214b038-3d44-4bcc-a994-f9067cb3c169','3c3b4c5c-75d9-40c2-921e-69d25d22ee41','Сидоров Алекс'),('267a6453-b4d0-468c-b3f3-22e02ba7e499','5bd0bdc0-27be-4141-81fb-1ed149f351b5','639b4ed1-ecd6-47b0-ad69-7f51fc71240e','Поношеное'),('2769e4ef-cd1b-4f66-82cf-dc21c37eaf60','d758e2ae-0d0d-4979-aae1-9770c0b287c9','b21e8f35-a886-43d4-ba10-71b89d4f5e50','Замечательное'),('279695cd-115a-4e11-a757-7633866bc52b','d758e2ae-0d0d-4979-aae1-9770c0b287c9','71ebb116-abcb-4b46-8602-ea76bb55daf8','8 $'),('3144e9a2-f330-409a-be7e-b4abf4e97416','b214b038-3d44-4bcc-a994-f9067cb3c169','30c9865d-cbad-458d-a359-2a1189a9e99d','bmw@x.xxx'),('3390880f-b7d9-4985-9221-f6c66c428ee2','c7844c05-c7fa-46e5-9ecb-b870fde2c68b','470ec7c5-4834-45a8-8469-7040a2d91113','Блузка'),('34a6aee8-5865-4df6-9954-c67568046517','e086eea3-b2f6-4458-96c9-0e1d796483b2','ae4d5a0e-c40f-4688-ba24-e7d1a2f3f930','5.7'),('363f5e53-4f0b-4e41-b5c6-56e1712d14ee','5ae88242-2db9-4409-8d3e-582d8ba73532','a13cce38-962e-4cc2-a6ea-31db702e21cf','Побитый'),('384403b5-531f-42ee-bd5c-b40574b18b7a','ab5222ce-d0b8-4161-ad95-fe1f738b99aa','6919c8ff-e23e-41c0-912c-ba5b071ea413','Круглый год'),('38ee88f1-0313-49e2-b7c1-1e4e9d0b334c','e086eea3-b2f6-4458-96c9-0e1d796483b2','a13cce38-962e-4cc2-a6ea-31db702e21cf','Отличное'),('3a9e8d30-a7d4-44f1-b91e-0ac6b93e2718','5c015ca2-dfd7-4ade-a89e-f31df53a41ad','30c9865d-cbad-458d-a359-2a1189a9e99d','Голубь Белый'),('3d4f62fa-0dab-4cbe-ba2d-db61ae9a71d9','9c7a2de4-b9a4-41c3-bf85-c484217dddcf','8ee8a438-3d4f-4b5e-8de8-4f417c523658','Зима'),('3f0fb162-5c94-4676-b9e5-a9e3685033d3','5c015ca2-dfd7-4ade-a89e-f31df53a41ad','dcf51b5a-85cc-4e19-a2d6-354e6576d584','10.11.1834'),('3f157116-c672-4acf-8a23-783626f7f575','ce88c533-45e3-4607-8d7c-081cb8918862','75fe820b-13b8-4e47-b220-d877e6ba0485','М'),('3f8d13da-ff4c-4b8e-9f43-7ec885221a44','d564996a-e054-4962-81ae-33da194f6851','18ca6f6a-a986-4244-809c-3a6f2dcbd64e','5'),('4da94814-1d07-4eca-a1c9-9bf2ebb3ecbd','7fe00850-da2a-437b-b95f-662d5339e39f','c230756b-c671-42ca-a820-add5a46baa00','Кирпич'),('4db9c772-4c13-4030-9333-b0022b553218','f1b9d433-fda1-4a9b-8a3a-da2a3b810ed7','1f3bea50-35e4-4f6c-a9ff-19bf7586e60c','д. Старинки'),('4e26bf33-489d-47b8-96bc-47bd8bd533b7','16e9a7c6-3a06-4930-931a-e72cfaa674da','764b33cf-0b15-4603-b6f8-e3810a2cb4c3','Красненький'),('4ef1857d-afbb-487c-946c-d5502e863253','0575feaa-25f9-4501-8dde-76cf53b65838','6919c8ff-e23e-41c0-912c-ba5b071ea413','Лето'),('50a09514-560b-4525-9ed8-0f71c0ac9392','9c7a2de4-b9a4-41c3-bf85-c484217dddcf','85e42c72-6fc7-4a1c-b92e-060866fd9c8e','Еще нету'),('54cc9aaf-2dd3-41fb-b36d-4671474b692d','2db2cae4-494a-4f72-9799-234c673473e4','f86280af-19b8-4bcd-8155-843d7b58939c','237 BYN'),('57d9d561-05dd-43a6-8a3d-031cdcf45189','5ed0542f-bac0-4870-aefe-f5fff313e210','c230756b-c671-42ca-a820-add5a46baa00','Лопата'),('594b0fd2-32f8-46bf-a92a-0f027ef4ab4f','9c7a2de4-b9a4-41c3-bf85-c484217dddcf','470ec7c5-4834-45a8-8469-7040a2d91113','Юбка'),('5bb66989-1793-4502-8732-56a96da47bde','d758e2ae-0d0d-4979-aae1-9770c0b287c9','abef6940-4e53-4cee-bd43-2a9f3ea88166','30'),('5e1d7a20-e535-4c7a-b0c8-40729478c39d','d758e2ae-0d0d-4979-aae1-9770c0b287c9','85e42c72-6fc7-4a1c-b92e-060866fd9c8e','Еще нету'),('5eb4ab18-f714-45d5-aec9-fc24ead50cb5','16e9a7c6-3a06-4930-931a-e72cfaa674da','3c3b4c5c-75d9-40c2-921e-69d25d22ee41','Светланова Светлана'),('5eed9cd3-fd63-46ff-a65b-28a89e885ff0','a0aa6a86-b563-42da-ab0e-4f1b616b59fb','1f3bea50-35e4-4f6c-a9ff-19bf7586e60c','г. Минск'),('63d516e2-8d92-496a-9bee-c01e2e347d27','2db2cae4-494a-4f72-9799-234c673473e4','f541a9a2-142b-40fc-b077-43a559b4c828','Хорошее'),('6427c320-b7d8-4d06-ad4e-456a63ec36bd','9c7a2de4-b9a4-41c3-bf85-c484217dddcf','abef6940-4e53-4cee-bd43-2a9f3ea88166','Маленький'),('66594851-09ec-4b5a-aa65-5edebb18be9b','5ae88242-2db9-4409-8d3e-582d8ba73532','ae4d5a0e-c40f-4688-ba24-e7d1a2f3f930','2'),('6aff726b-5cd3-4034-8aa7-edf2fd153394','999f00b8-9c5c-4681-a01a-b5e0305e47f0','79c0a214-3389-4a3d-9b0a-77876de3f6fa','Еще нету'),('703623f6-5d60-4541-9d73-46cbcaf79f74','5ed0542f-bac0-4870-aefe-f5fff313e210','ae84c533-26f3-447b-97e6-54b5d835d919','3000 BYN'),('727e48ad-605a-4925-bf33-28dbe544ccfb','5c015ca2-dfd7-4ade-a89e-f31df53a41ad','75fe820b-13b8-4e47-b220-d877e6ba0485','М'),('744f26eb-1323-455d-a818-b02171981239','c7844c05-c7fa-46e5-9ecb-b870fde2c68b','abef6940-4e53-4cee-bd43-2a9f3ea88166','24'),('79a1ac22-b248-4fc9-96a8-b12d5f168358','d7fb2953-ff02-4f64-92dd-18296241b936','05d48c9b-8cb1-4752-863a-47c6305729e0','25000 $'),('7a4779b7-103a-4531-8207-916d45d70f29','b214b038-3d44-4bcc-a994-f9067cb3c169','1f3bea50-35e4-4f6c-a9ff-19bf7586e60c','г. Нью-Йорк'),('7b64ecce-2d4e-4b07-91fe-ca3ff0b0b5e5','9c7a2de4-b9a4-41c3-bf85-c484217dddcf','b21e8f35-a886-43d4-ba10-71b89d4f5e50','Прекрасное'),('7e261c97-2611-4b7f-97c3-340b49b9e6e1','b214b038-3d44-4bcc-a994-f9067cb3c169','75fe820b-13b8-4e47-b220-d877e6ba0485','М'),('7e4530b8-e335-48dd-9c1d-4a85f983ac1d','5ed0542f-bac0-4870-aefe-f5fff313e210','ae4d5a0e-c40f-4688-ba24-e7d1a2f3f930','6.8'),('80f65cd8-f5d7-483d-af1f-0833ee6ebcc6','2db2cae4-494a-4f72-9799-234c673473e4','009abdf1-864e-41ff-bf5c-b7afa6a72793','Еще нету'),('82abbf67-61d6-4a95-9972-9d658703f81b','0575feaa-25f9-4501-8dde-76cf53b65838','639b4ed1-ecd6-47b0-ad69-7f51fc71240e','Новове'),('84f006e9-a2dd-43a9-87ec-2e830c478693','f1b9d433-fda1-4a9b-8a3a-da2a3b810ed7','3c3b4c5c-75d9-40c2-921e-69d25d22ee41','Навальная Надежда Надеждовна'),('892f92eb-db46-41ad-9a33-5bca01d4a429','2db2cae4-494a-4f72-9799-234c673473e4','9a95b5e3-5e64-4ce6-8101-974ca301d08f','Sven'),('89ff8707-b6b4-460c-b6df-14da6b25de34','7fe00850-da2a-437b-b95f-662d5339e39f','a13cce38-962e-4cc2-a6ea-31db702e21cf','С царапинами'),('8a9c0a3c-b0b0-4444-8413-abc422b7d22c','ce88c533-45e3-4607-8d7c-081cb8918862','dcf51b5a-85cc-4e19-a2d6-354e6576d584','18.01.1990'),('8f393718-73e6-4f3d-a634-0955c33da250','999f00b8-9c5c-4681-a01a-b5e0305e47f0','ae84c533-26f3-447b-97e6-54b5d835d919','200 BYN'),('90c2584b-2196-48fd-b262-01a3de516370','ce88c533-45e3-4607-8d7c-081cb8918862','5c8f8ee8-b4e7-46f6-b687-71dd8a261e60','Еще нету'),('911cab12-bfa4-4aa6-a2d3-3bbecba7991d','d7fb2953-ff02-4f64-92dd-18296241b936','2a7eca92-8232-4c23-a3c7-d257ccf18cf4','43 кв.м.'),('92b4dde9-d522-439a-b50d-9eedac1376af','d564996a-e054-4962-81ae-33da194f6851','7d15728f-a9bc-4e8e-adb4-870a098e3af4','1'),('959714d8-9b98-4124-8b2a-3d37de147618','f1b9d433-fda1-4a9b-8a3a-da2a3b810ed7','764b33cf-0b15-4603-b6f8-e3810a2cb4c3','066-33-22'),('96b32a86-2835-4f49-a565-03725f217599','ce88c533-45e3-4607-8d7c-081cb8918862','1f3bea50-35e4-4f6c-a9ff-19bf7586e60c','г. Борисов'),('9755b370-d7a5-48f2-b203-de69794a6a7d','c7844c05-c7fa-46e5-9ecb-b870fde2c68b','85e42c72-6fc7-4a1c-b92e-060866fd9c8e','Еще нету'),('9d871ceb-521b-46c7-a632-779111441dc6','a0aa6a86-b563-42da-ab0e-4f1b616b59fb','30c9865d-cbad-458d-a359-2a1189a9e99d','vanya@m.com'),('9dee7278-4683-4dc0-b988-63a8e8cc634e','a0aa6a86-b563-42da-ab0e-4f1b616b59fb','75fe820b-13b8-4e47-b220-d877e6ba0485','М'),('a1c7e65e-587c-4085-a2db-7a67ca56aa35','ce88c533-45e3-4607-8d7c-081cb8918862','3c3b4c5c-75d9-40c2-921e-69d25d22ee41','Петров Петр Петрович'),('a2e84885-7485-43b3-862a-cbaeb1f6a443','c7844c05-c7fa-46e5-9ecb-b870fde2c68b','b21e8f35-a886-43d4-ba10-71b89d4f5e50','Отличное'),('a45dadc5-3c1b-4ab2-9341-e515bac457c4','5ed0542f-bac0-4870-aefe-f5fff313e210','44b4ab86-438e-41bd-a285-6dff1580ea24','Huawei P8 max'),('a68732d9-1a15-4525-8acc-02719d7c10f0','d564996a-e054-4962-81ae-33da194f6851','2a7eca92-8232-4c23-a3c7-d257ccf18cf4','50 кв.м.'),('a8d3f9c3-c38c-423b-a85a-fc4b58880b0b','5bd0bdc0-27be-4141-81fb-1ed149f351b5','6919c8ff-e23e-41c0-912c-ba5b071ea413','Весна-осень'),('aae664f7-8bd1-4940-bb93-8082d43ccdc2','7fe00850-da2a-437b-b95f-662d5339e39f','ae4d5a0e-c40f-4688-ba24-e7d1a2f3f930','2.4'),('aef17060-039c-419c-a905-c0e7597f111d','16e9a7c6-3a06-4930-931a-e72cfaa674da','75fe820b-13b8-4e47-b220-d877e6ba0485','Ж'),('b4b1a757-2541-467a-82ab-958d83302163','d7fb2953-ff02-4f64-92dd-18296241b936','202b3eb0-b6f0-40e4-8898-b77bd920c7f3','Еще нету'),('b4dfd68f-c0cb-446f-9463-5e8cc0e772fb','a0aa6a86-b563-42da-ab0e-4f1b616b59fb','5c8f8ee8-b4e7-46f6-b687-71dd8a261e60','Еще нету'),('b52135aa-e3f8-4808-8702-7b94d32056d0','a0aa6a86-b563-42da-ab0e-4f1b616b59fb','3c3b4c5c-75d9-40c2-921e-69d25d22ee41','Иванов Иван Иванович'),('b607e200-893d-4e8d-bec0-cefde53e267a','16e9a7c6-3a06-4930-931a-e72cfaa674da','5c8f8ee8-b4e7-46f6-b687-71dd8a261e60','Еще нету'),('bc88449f-0702-48f8-9d02-bbe042cb4667','ab5222ce-d0b8-4161-ad95-fe1f738b99aa','4f15199e-e1c9-4fc0-97ea-e8967c964a81','38'),('bebbc365-e5f1-4e10-b4da-6d3504efcf0f','d758e2ae-0d0d-4979-aae1-9770c0b287c9','8ee8a438-3d4f-4b5e-8de8-4f417c523658','Осень'),('bf63c9c4-bcbc-4ccc-a142-3b88d7a1a1f5','0575feaa-25f9-4501-8dde-76cf53b65838','e5d1b1c4-404b-47d4-8d61-7826db4a1926','Майка'),('bfee552f-b4be-407e-a1e8-cb199136f1a3','999f00b8-9c5c-4681-a01a-b5e0305e47f0','44b4ab86-438e-41bd-a285-6dff1580ea24','LG G2 mini'),('c56566c2-ea71-49ff-a340-e19a669ee90f','16e9a7c6-3a06-4930-931a-e72cfaa674da','dcf51b5a-85cc-4e19-a2d6-354e6576d584','28.02.1997'),('c57c2c8e-a606-4826-b00a-288f8ee83aa2','b214b038-3d44-4bcc-a994-f9067cb3c169','764b33cf-0b15-4603-b6f8-e3810a2cb4c3','333-666-0'),('c5ff321b-8a77-45d3-8864-de64a5d55d66','5ae88242-2db9-4409-8d3e-582d8ba73532','c230756b-c671-42ca-a820-add5a46baa00','Слайдер'),('cb526b97-a33b-4d4a-9b04-7a27e127d020','ab5222ce-d0b8-4161-ad95-fe1f738b99aa','639b4ed1-ecd6-47b0-ad69-7f51fc71240e','Хорошее'),('cb9d6fe7-a6cc-4d77-b4b7-7d373f79dcc7','d7fb2953-ff02-4f64-92dd-18296241b936','7d15728f-a9bc-4e8e-adb4-870a098e3af4','2'),('cca02778-9fb9-42bf-9efa-c435f9e5e6b9','5bd0bdc0-27be-4141-81fb-1ed149f351b5','c5416fb3-1082-403a-896a-ae817a0eb80f','60 BYN'),('cd9f6af5-1f8a-49da-8174-82bce560b19d','e086eea3-b2f6-4458-96c9-0e1d796483b2','ae84c533-26f3-447b-97e6-54b5d835d919','750 BYN'),('cda6c42a-fdca-4580-931a-da027596b160','0575feaa-25f9-4501-8dde-76cf53b65838','4f15199e-e1c9-4fc0-97ea-e8967c964a81','35'),('cdfa1564-f01b-4b65-9a9c-f5349903e91e','b214b038-3d44-4bcc-a994-f9067cb3c169','dcf51b5a-85cc-4e19-a2d6-354e6576d584','01.01.1961'),('cf4fdae9-3886-478a-9d80-a023ecd13586','7fe00850-da2a-437b-b95f-662d5339e39f','79c0a214-3389-4a3d-9b0a-77876de3f6fa','Еще нету'),('d368cdc5-3e5e-497c-8b91-813a9b6ee1c0','d7fb2953-ff02-4f64-92dd-18296241b936','32146967-68d3-4ea1-b28f-d9f922c1d2ae','1947'),('d5163e55-3341-4974-917d-2737a604346b','f1b9d433-fda1-4a9b-8a3a-da2a3b810ed7','30c9865d-cbad-458d-a359-2a1189a9e99d','nadya@gmail.by'),('d74b74c5-855e-4733-999e-9fed753ef851','16e9a7c6-3a06-4930-931a-e72cfaa674da','30c9865d-cbad-458d-a359-2a1189a9e99d','220102'),('d7835acd-9f9b-4192-9819-19fdb9c37e0a','999f00b8-9c5c-4681-a01a-b5e0305e47f0','c230756b-c671-42ca-a820-add5a46baa00','Обычный'),('d9e08181-ca32-49cb-86e7-47cc7af61043','2db2cae4-494a-4f72-9799-234c673473e4','b48d65a1-fbd9-4883-9860-0ef679cd064c','Акустика'),('db08ef43-0e92-46ad-87f8-41f37465a9f0','5ae88242-2db9-4409-8d3e-582d8ba73532','ae84c533-26f3-447b-97e6-54b5d835d919','50 BYN'),('e0bc5862-790f-4954-a71a-b13f215121aa','5ae88242-2db9-4409-8d3e-582d8ba73532','79c0a214-3389-4a3d-9b0a-77876de3f6fa','Еще нету'),('e1837d58-b379-43e3-958d-4c88febb2ffa','d7fb2953-ff02-4f64-92dd-18296241b936','18ca6f6a-a986-4244-809c-3a6f2dcbd64e','7'),('e2cf8548-a2d1-4766-bdec-c9f7a8b5c235','c7844c05-c7fa-46e5-9ecb-b870fde2c68b','8ee8a438-3d4f-4b5e-8de8-4f417c523658','Круглый год'),('e3d44c08-b5a0-4c99-8619-30798df95ec8','ab5222ce-d0b8-4161-ad95-fe1f738b99aa','e5d1b1c4-404b-47d4-8d61-7826db4a1926','Пуховик'),('e41cfe92-7375-43b7-8900-765d75cb912a','5bd0bdc0-27be-4141-81fb-1ed149f351b5','e90fd1cb-9476-440e-8787-1a991fb2ef74','Еще нету'),('e6663a60-5826-4787-aaff-e16fc762b7f8','5bd0bdc0-27be-4141-81fb-1ed149f351b5','4f15199e-e1c9-4fc0-97ea-e8967c964a81','40'),('e71c1a74-2f34-4f5c-b4f9-1e3442276174','d564996a-e054-4962-81ae-33da194f6851','e9cc1d72-afa3-423a-8daf-79d3f23da184','После ремонта'),('e8c75ede-5e40-4e86-9a53-9924a51c24c6','5c015ca2-dfd7-4ade-a89e-f31df53a41ad','764b33cf-0b15-4603-b6f8-e3810a2cb4c3','8 029 379 83 13'),('eebcab95-1d2a-433e-bca4-40625f7676f4','5bd0bdc0-27be-4141-81fb-1ed149f351b5','e5d1b1c4-404b-47d4-8d61-7826db4a1926','Куртка'),('efd3bfb2-3643-4bcc-8733-2d0d4e417a02','5ed0542f-bac0-4870-aefe-f5fff313e210','a13cce38-962e-4cc2-a6ea-31db702e21cf','Новый'),('f203c812-c35c-45fb-bfd3-d8fa28956f27','7fe00850-da2a-437b-b95f-662d5339e39f','44b4ab86-438e-41bd-a285-6dff1580ea24','Nokia 3310'),('f2e437d2-4114-4e12-9d52-d5e2f3094a8a','f1b9d433-fda1-4a9b-8a3a-da2a3b810ed7','5c8f8ee8-b4e7-46f6-b687-71dd8a261e60','Еще нету'),('f3628d2d-d543-4a40-abaa-e53aa93a7ff0','e086eea3-b2f6-4458-96c9-0e1d796483b2','79c0a214-3389-4a3d-9b0a-77876de3f6fa','Еще нету'),('f3d7b619-eca6-4815-9108-bcd5c36b19aa','d564996a-e054-4962-81ae-33da194f6851','202b3eb0-b6f0-40e4-8898-b77bd920c7f3','Еще нету'),('f7d570da-30f0-4897-8f55-9433896f9c36','d7fb2953-ff02-4f64-92dd-18296241b936','e9cc1d72-afa3-423a-8daf-79d3f23da184','Перед ремонтом'),('f96ba824-89fb-47f7-827d-08d923634a5a','7fe00850-da2a-437b-b95f-662d5339e39f','ae84c533-26f3-447b-97e6-54b5d835d919','100500 BYN'),('fb0598f8-97c9-4961-991c-ba8bc88df668','a0aa6a86-b563-42da-ab0e-4f1b616b59fb','dcf51b5a-85cc-4e19-a2d6-354e6576d584','23.09.2006'),('fe890f67-7d28-4640-b4df-09b1249b28d0','ce88c533-45e3-4607-8d7c-081cb8918862','30c9865d-cbad-458d-a359-2a1189a9e99d','tnya@mail.ru');
/*!40000 ALTER TABLE `values` ENABLE KEYS */;
UNLOCK TABLES;
/*!40103 SET TIME_ZONE=@OLD_TIME_ZONE */;

/*!40101 SET SQL_MODE=@OLD_SQL_MODE */;
/*!40014 SET FOREIGN_KEY_CHECKS=@OLD_FOREIGN_KEY_CHECKS */;
/*!40014 SET UNIQUE_CHECKS=@OLD_UNIQUE_CHECKS */;
/*!40101 SET CHARACTER_SET_CLIENT=@OLD_CHARACTER_SET_CLIENT */;
/*!40101 SET CHARACTER_SET_RESULTS=@OLD_CHARACTER_SET_RESULTS */;
/*!40101 SET COLLATION_CONNECTION=@OLD_COLLATION_CONNECTION */;
/*!40111 SET SQL_NOTES=@OLD_SQL_NOTES */;

-- Dump completed on 2017-11-13 23:08:41
