-- MySQL dump 10.13  Distrib 5.7.17, for Win64 (x86_64)
--
-- Host: localhost    Database: spring_security_app
-- ------------------------------------------------------
-- Server version	5.7.20-log

/*!40101 SET @OLD_CHARACTER_SET_CLIENT=@@CHARACTER_SET_CLIENT */;
/*!40101 SET @OLD_CHARACTER_SET_RESULTS=@@CHARACTER_SET_RESULTS */;
/*!40101 SET @OLD_COLLATION_CONNECTION=@@COLLATION_CONNECTION */;
/*!40101 SET NAMES utf8 */;
/*!40103 SET @OLD_TIME_ZONE=@@TIME_ZONE */;
/*!40103 SET TIME_ZONE='+00:00' */;
/*!40014 SET @OLD_UNIQUE_CHECKS=@@UNIQUE_CHECKS, UNIQUE_CHECKS=0 */;
/*!40014 SET @OLD_FOREIGN_KEY_CHECKS=@@FOREIGN_KEY_CHECKS, FOREIGN_KEY_CHECKS=0 */;
/*!40101 SET @OLD_SQL_MODE=@@SQL_MODE, SQL_MODE='NO_AUTO_VALUE_ON_ZERO' */;
/*!40111 SET @OLD_SQL_NOTES=@@SQL_NOTES, SQL_NOTES=0 */;

--
-- Table structure for table `attributes`
--

DROP TABLE IF EXISTS `attributes`;
/*!40101 SET @saved_cs_client     = @@character_set_client */;
/*!40101 SET character_set_client = utf8 */;
CREATE TABLE `attributes` (
  `attr_id` varchar(36) NOT NULL,
  `Value` varchar(45) NOT NULL,
  `Object_type_id` varchar(36) NOT NULL,
  PRIMARY KEY (`attr_id`,`Object_type_id`),
  KEY `fk_Attributes_Object_type1_idx` (`Object_type_id`),
  CONSTRAINT `fk_Attributes_Object_type1` FOREIGN KEY (`Object_type_id`) REFERENCES `object_type` (`Object_type_id`) ON DELETE NO ACTION ON UPDATE NO ACTION
) ENGINE=InnoDB DEFAULT CHARSET=utf8;
/*!40101 SET character_set_client = @saved_cs_client */;

--
-- Dumping data for table `attributes`
--

LOCK TABLES `attributes` WRITE;
/*!40000 ALTER TABLE `attributes` DISABLE KEYS */;
INSERT INTO `attributes` VALUES ('02b0d542-d467-11e7-bdec-94de807a9669','PRODUCT_LAST_EDIT_DATE_TIME','6cf4ece3-cbca-11e7-97a3-94de807a9669'),('03de98c9-d466-11e7-bdec-94de807a9669','RATING','6bba16df-cbce-11e7-97a3-94de807a9669'),('04f96ae8-d467-11e7-bdec-94de807a9669','PHOTO','6cf4ece3-cbca-11e7-97a3-94de807a9669'),('2c29c2e5-d466-11e7-bdec-94de807a9669','COMMENT_DATE_TIME','6bc34fa0-cbce-11e7-97a3-94de807a9669'),('4c360ca4-d466-11e7-bdec-94de807a9669','STATUS','6cf4ece3-cbca-11e7-97a3-94de807a9669'),('526b1cd0-d466-11e7-bdec-94de807a9669','TITLE','6cf4ece3-cbca-11e7-97a3-94de807a9669'),('7193182c-d466-11e7-bdec-94de807a9669','DESCRIPTION','6cf4ece3-cbca-11e7-97a3-94de807a9669'),('77453fa6-cc68-11e7-b012-94de807a9669','SUPERCATEGORY','dfc2525c-cc62-11e7-b012-94de807a9669'),('861212ce-cc68-11e7-b012-94de807a9669','NAME','dfc2525c-cc62-11e7-b012-94de807a9669'),('981076e8-d465-11e7-bdec-94de807a9669','ACC_DATE_TIME','6bba16df-cbce-11e7-97a3-94de807a9669'),('cff83967-d465-11e7-bdec-94de807a9669','PHOTO','6bba16df-cbce-11e7-97a3-94de807a9669'),('e0bcd771-cc68-11e7-b012-94de807a9669','ATTRIBUTES_ID','dfc2525c-cc62-11e7-b012-94de807a9669'),('e7fed6d6-d465-11e7-bdec-94de807a9669','STATUS','6bba16df-cbce-11e7-97a3-94de807a9669'),('fcae6055-cbcf-11e7-97a3-94de807a9669','CONDITION','6cf4ece3-cbca-11e7-97a3-94de807a9669'),('fcb5c185-cbcf-11e7-97a3-94de807a9669','SEASONS','6cf4ece3-cbca-11e7-97a3-94de807a9669'),('fcbcd3df-cbcf-11e7-97a3-94de807a9669','KIND_OF_CLOTHES','6cf4ece3-cbca-11e7-97a3-94de807a9669'),('fcce6802-cbcf-11e7-97a3-94de807a9669','SIZE_','6cf4ece3-cbca-11e7-97a3-94de807a9669'),('fcd7dc6a-cbcf-11e7-97a3-94de807a9669','KIND_OF_SHOES','6cf4ece3-cbca-11e7-97a3-94de807a9669'),('fcdbbf28-cbcf-11e7-97a3-94de807a9669','TYPE_','6cf4ece3-cbca-11e7-97a3-94de807a9669'),('fce25636-cbcf-11e7-97a3-94de807a9669','FOR_WHOM','6cf4ece3-cbca-11e7-97a3-94de807a9669'),('fce58ea3-cbcf-11e7-97a3-94de807a9669','GUARANTEE_PERIOD','6cf4ece3-cbca-11e7-97a3-94de807a9669'),('fce89f0e-cbcf-11e7-97a3-94de807a9669','HEIGHT','6cf4ece3-cbca-11e7-97a3-94de807a9669'),('fcebe48e-cbcf-11e7-97a3-94de807a9669','MANUFACTURER_IMPORTER','6cf4ece3-cbca-11e7-97a3-94de807a9669'),('fceef8d5-cbcf-11e7-97a3-94de807a9669','KIND','6cf4ece3-cbca-11e7-97a3-94de807a9669'),('fcf27cb8-cbcf-11e7-97a3-94de807a9669','NUMBER_OF_ROOMS','6cf4ece3-cbca-11e7-97a3-94de807a9669'),('fcfd9280-cbcf-11e7-97a3-94de807a9669','TOTAL_AREA','6cf4ece3-cbca-11e7-97a3-94de807a9669'),('fd033b20-cbcf-11e7-97a3-94de807a9669','FLOOR','6cf4ece3-cbca-11e7-97a3-94de807a9669'),('fd076387-cbcf-11e7-97a3-94de807a9669','YEAR_OF_CONSTRUCTION','6cf4ece3-cbca-11e7-97a3-94de807a9669'),('fd0bcd2f-cbcf-11e7-97a3-94de807a9669','PRESENCE_OF_BALCONY','6cf4ece3-cbca-11e7-97a3-94de807a9669'),('fd0ed1d6-cbcf-11e7-97a3-94de807a9669','AVAILABILITY_OF_FURNITURE','6cf4ece3-cbca-11e7-97a3-94de807a9669'),('fd1231c2-cbcf-11e7-97a3-94de807a9669','TYPE_OF_LEASE','6cf4ece3-cbca-11e7-97a3-94de807a9669'),('fd155db0-cbcf-11e7-97a3-94de807a9669','ADDRESS','6cf4ece3-cbca-11e7-97a3-94de807a9669'),('fd19c17c-cbcf-11e7-97a3-94de807a9669','WALL_MATERIAL','6cf4ece3-cbca-11e7-97a3-94de807a9669'),('fd1cd34e-cbcf-11e7-97a3-94de807a9669','PRESENCE_OF_SECURITY','6cf4ece3-cbca-11e7-97a3-94de807a9669'),('fd1fffff-cbcf-11e7-97a3-94de807a9669','AREA','6cf4ece3-cbca-11e7-97a3-94de807a9669'),('fd235de6-cbcf-11e7-97a3-94de807a9669','PRODUCT_LOCATION','6cf4ece3-cbca-11e7-97a3-94de807a9669'),('fd27a0f1-cbcf-11e7-97a3-94de807a9669','MANUFACTURER','6cf4ece3-cbca-11e7-97a3-94de807a9669'),('fd2ac67b-cbcf-11e7-97a3-94de807a9669','RESOLUTION','6cf4ece3-cbca-11e7-97a3-94de807a9669'),('fd2e13d9-cbcf-11e7-97a3-94de807a9669','CPU','6cf4ece3-cbca-11e7-97a3-94de807a9669'),('fd31202e-cbcf-11e7-97a3-94de807a9669','SCREEN_RESOLUTION','6cf4ece3-cbca-11e7-97a3-94de807a9669'),('fd343389-cbcf-11e7-97a3-94de807a9669','RAM','6cf4ece3-cbca-11e7-97a3-94de807a9669'),('fd377038-cbcf-11e7-97a3-94de807a9669','BRAND','6cf4ece3-cbca-11e7-97a3-94de807a9669'),('fd3ddaa2-cbcf-11e7-97a3-94de807a9669','SCREEN_DIAGONAL','6cf4ece3-cbca-11e7-97a3-94de807a9669'),('fd411f3e-cbcf-11e7-97a3-94de807a9669','HDMI','6cf4ece3-cbca-11e7-97a3-94de807a9669'),('fd4914ee-cbcf-11e7-97a3-94de807a9669','USB','6cf4ece3-cbca-11e7-97a3-94de807a9669'),('fd4dc016-cbcf-11e7-97a3-94de807a9669','MODEL','6cf4ece3-cbca-11e7-97a3-94de807a9669'),('fd50b9f6-cbcf-11e7-97a3-94de807a9669','YEAR','6cf4ece3-cbca-11e7-97a3-94de807a9669'),('fd5400b1-cbcf-11e7-97a3-94de807a9669','MILEAGE','6cf4ece3-cbca-11e7-97a3-94de807a9669'),('fd5721bd-cbcf-11e7-97a3-94de807a9669','BODY_TYPE','6cf4ece3-cbca-11e7-97a3-94de807a9669'),('fd5a585b-cbcf-11e7-97a3-94de807a9669','ENGINE_TYPE','6cf4ece3-cbca-11e7-97a3-94de807a9669'),('fd5d644f-cbcf-11e7-97a3-94de807a9669','COLOUR','6cf4ece3-cbca-11e7-97a3-94de807a9669'),('fd610ef4-cbcf-11e7-97a3-94de807a9669','DIAMETER','6cf4ece3-cbca-11e7-97a3-94de807a9669'),('fd6518de-cbcf-11e7-97a3-94de807a9669','LENGTH','6cf4ece3-cbca-11e7-97a3-94de807a9669'),('fd6861aa-cbcf-11e7-97a3-94de807a9669','WIDTH','6cf4ece3-cbca-11e7-97a3-94de807a9669'),('fd6c28e2-cbcf-11e7-97a3-94de807a9669','WEIGHT','6cf4ece3-cbca-11e7-97a3-94de807a9669'),('fd6ff160-cbcf-11e7-97a3-94de807a9669','AMOUNT','6cf4ece3-cbca-11e7-97a3-94de807a9669'),('fd74ca4d-cbcf-11e7-97a3-94de807a9669','GUARANTEE','6cf4ece3-cbca-11e7-97a3-94de807a9669'),('fd78f273-cbcf-11e7-97a3-94de807a9669','ANIMAL_GENDER','6cf4ece3-cbca-11e7-97a3-94de807a9669'),('fd7cc7e8-cbcf-11e7-97a3-94de807a9669','AGE','6cf4ece3-cbca-11e7-97a3-94de807a9669'),('fd80811d-cbcf-11e7-97a3-94de807a9669','COST','6cf4ece3-cbca-11e7-97a3-94de807a9669'),('fd846366-cbcf-11e7-97a3-94de807a9669','OWNER','6cf4ece3-cbca-11e7-97a3-94de807a9669'),('fd87f935-cbcf-11e7-97a3-94de807a9669','CATEGORY','6cf4ece3-cbca-11e7-97a3-94de807a9669'),('fd8c09c4-cbcf-11e7-97a3-94de807a9669','SUPERCATEGORY','6cf4ece3-cbca-11e7-97a3-94de807a9669'),('fd8fc8a5-cbcf-11e7-97a3-94de807a9669','SECURITY_ID','6bba16df-cbce-11e7-97a3-94de807a9669'),('fd93b41b-cbcf-11e7-97a3-94de807a9669','FULL_NAME','6bba16df-cbce-11e7-97a3-94de807a9669'),('fd97346f-cbcf-11e7-97a3-94de807a9669','USER_GENDER','6bba16df-cbce-11e7-97a3-94de807a9669'),('fd9c98fa-cbcf-11e7-97a3-94de807a9669','TELEPHONE','6bba16df-cbce-11e7-97a3-94de807a9669'),('fda0bbe9-cbcf-11e7-97a3-94de807a9669','BIRTHDAY','6bba16df-cbce-11e7-97a3-94de807a9669'),('fda621dc-cbcf-11e7-97a3-94de807a9669','MAIL','6bba16df-cbce-11e7-97a3-94de807a9669'),('fdad14d4-cbcf-11e7-97a3-94de807a9669','USER_LOCATION','6bba16df-cbce-11e7-97a3-94de807a9669'),('fdb0ebf0-cbcf-11e7-97a3-94de807a9669','TEXT_','6bc34fa0-cbce-11e7-97a3-94de807a9669'),('fdb4da4b-cbcf-11e7-97a3-94de807a9669','USER_MAKER','6bc34fa0-cbce-11e7-97a3-94de807a9669'),('fdb85110-cbcf-11e7-97a3-94de807a9669','USER_REC','6bc34fa0-cbce-11e7-97a3-94de807a9669'),('fdbc8ce6-cbcf-11e7-97a3-94de807a9669','PRODUCT_REC','6bc34fa0-cbce-11e7-97a3-94de807a9669'),('fdc02d2a-cbcf-11e7-97a3-94de807a9669','USER','6bcd906f-cbce-11e7-97a3-94de807a9669'),('fdc55704-cbcf-11e7-97a3-94de807a9669','PRODUCT','6bcd906f-cbce-11e7-97a3-94de807a9669'),('ffdf2dfd-d466-11e7-bdec-94de807a9669','PRODUCT_CREATE_DATE_TIME','6cf4ece3-cbca-11e7-97a3-94de807a9669');
/*!40000 ALTER TABLE `attributes` ENABLE KEYS */;
UNLOCK TABLES;

--
-- Table structure for table `object`
--

DROP TABLE IF EXISTS `object`;
/*!40101 SET @saved_cs_client     = @@character_set_client */;
/*!40101 SET character_set_client = utf8 */;
CREATE TABLE `object` (
  `Object_id` varchar(36) NOT NULL,
  `Object_type_id` varchar(36) NOT NULL,
  PRIMARY KEY (`Object_id`,`Object_type_id`),
  KEY `fk_Object_Object_type1_idx` (`Object_type_id`),
  CONSTRAINT `fk_Object_Object_type1` FOREIGN KEY (`Object_type_id`) REFERENCES `object_type` (`Object_type_id`) ON DELETE NO ACTION ON UPDATE NO ACTION
) ENGINE=InnoDB DEFAULT CHARSET=utf8;
/*!40101 SET character_set_client = @saved_cs_client */;

--
-- Dumping data for table `object`
--

LOCK TABLES `object` WRITE;
/*!40000 ALTER TABLE `object` DISABLE KEYS */;
INSERT INTO `object` VALUES ('12185792-5469-463b-bb2a-620546fd99df','6bba16df-cbce-11e7-97a3-94de807a9669'),('27163d1c-039a-4a8a-8691-fe6f5d6e0314','6bba16df-cbce-11e7-97a3-94de807a9669'),('34201e4c-efc3-44d6-bf84-b7b1e7ebfe68','6bba16df-cbce-11e7-97a3-94de807a9669'),('62f75f36-1898-4fbb-85c0-e87c47132192','6bba16df-cbce-11e7-97a3-94de807a9669'),('a7ffe52a-2361-475b-a994-363f3566a0c5','6bba16df-cbce-11e7-97a3-94de807a9669'),('c7666bf3-4f41-487e-abbc-d70f7860c0ec','6bba16df-cbce-11e7-97a3-94de807a9669'),('4bacadac-9d50-49fa-95fc-6196ad224278','6bc34fa0-cbce-11e7-97a3-94de807a9669'),('905ff8aa-6bd1-47f0-8d8b-7d7055475748','6bc34fa0-cbce-11e7-97a3-94de807a9669'),('9ac4a385-657a-44f5-8535-650ec73fb109','6bc34fa0-cbce-11e7-97a3-94de807a9669'),('adada1ff-31a5-43a6-90ec-31165d99e55d','6bc34fa0-cbce-11e7-97a3-94de807a9669'),('ba51abe1-23d5-43ca-b3dc-98d50ae04a98','6bc34fa0-cbce-11e7-97a3-94de807a9669'),('cee33d26-cf9b-4161-9ad0-17d30948fe3d','6bc34fa0-cbce-11e7-97a3-94de807a9669'),('e1021f13-db2a-4ac3-a410-1c5fdda6a825','6bc34fa0-cbce-11e7-97a3-94de807a9669'),('2d673a75-3776-447e-96af-9fd14cbea68c','6bcd906f-cbce-11e7-97a3-94de807a9669'),('62e02f5a-546e-4981-8305-4a0ebac9d923','6bcd906f-cbce-11e7-97a3-94de807a9669'),('a4d37f44-8da7-44e0-932e-a29d113f36c9','6bcd906f-cbce-11e7-97a3-94de807a9669'),('a69f9c28-0508-4b2e-aa59-a3173480589a','6bcd906f-cbce-11e7-97a3-94de807a9669'),('0f819b30-7712-4593-ba5d-c6a75e7ee3ae','6cf4ece3-cbca-11e7-97a3-94de807a9669'),('1022f51d-461a-4414-a972-369be658a018','6cf4ece3-cbca-11e7-97a3-94de807a9669'),('19f71a58-03f5-4083-a4c0-76264751ebcc','6cf4ece3-cbca-11e7-97a3-94de807a9669'),('25b6afa2-a627-4af2-95eb-a0aca68089b3','6cf4ece3-cbca-11e7-97a3-94de807a9669'),('372317a0-b54f-4790-aced-f29f66badc62','6cf4ece3-cbca-11e7-97a3-94de807a9669'),('38d74a9d-be6d-4abd-987d-445648c43882','6cf4ece3-cbca-11e7-97a3-94de807a9669'),('4596cc26-8c05-420d-a46b-980d2707390e','6cf4ece3-cbca-11e7-97a3-94de807a9669'),('67dd8bff-1e04-40c1-913a-39cabcdef57c','6cf4ece3-cbca-11e7-97a3-94de807a9669'),('6f131dd7-ba36-4e33-b823-f94a627589b6','6cf4ece3-cbca-11e7-97a3-94de807a9669'),('834ebc4e-7172-4d09-a901-40e77c34f2c7','6cf4ece3-cbca-11e7-97a3-94de807a9669'),('92610549-70d7-49f3-baf6-da0a28d3338d','6cf4ece3-cbca-11e7-97a3-94de807a9669'),('940366f5-8431-4909-a9f4-f020f9aac8fe','6cf4ece3-cbca-11e7-97a3-94de807a9669'),('bdf6980e-a2d5-4ccb-add4-7a394de8ce8c','6cf4ece3-cbca-11e7-97a3-94de807a9669'),('ce328c6c-f2fd-4161-956d-ddcd9837f6e7','6cf4ece3-cbca-11e7-97a3-94de807a9669'),('f0a486cf-ae13-4e54-b1d6-a699a2aa8206','6cf4ece3-cbca-11e7-97a3-94de807a9669'),('f2caf274-e905-4aaa-94c6-bd871dacf473','6cf4ece3-cbca-11e7-97a3-94de807a9669'),('ff4ba7bc-167c-43a8-9a6d-ba2fa7021e4c','6cf4ece3-cbca-11e7-97a3-94de807a9669'),('06786403-44cc-46dc-a4ab-99fd03c4d254','dfc2525c-cc62-11e7-b012-94de807a9669'),('0a9368fe-7202-418f-a321-3322304a5df8','dfc2525c-cc62-11e7-b012-94de807a9669'),('11b9ab59-07ee-401a-baaa-fe8386fe5f42','dfc2525c-cc62-11e7-b012-94de807a9669'),('1e9bfb7c-507a-4c16-af87-e21a9ba46f95','dfc2525c-cc62-11e7-b012-94de807a9669'),('22a32eaa-b0ba-4aa7-bd4a-b35c5ec40874','dfc2525c-cc62-11e7-b012-94de807a9669'),('27a5b7a9-9e36-447f-8938-daa8487b7b14','dfc2525c-cc62-11e7-b012-94de807a9669'),('27b04212-eeb6-4596-869d-934c1f7f73ba','dfc2525c-cc62-11e7-b012-94de807a9669'),('2aeb8102-3233-437f-bca6-1683785b87c4','dfc2525c-cc62-11e7-b012-94de807a9669'),('38bf1e48-10d1-43d2-a9c4-cdf417aaef37','dfc2525c-cc62-11e7-b012-94de807a9669'),('446e1af1-ff38-41c3-b35b-0c13d87bcccb','dfc2525c-cc62-11e7-b012-94de807a9669'),('588557d6-7670-4899-a4ed-60dd550a349c','dfc2525c-cc62-11e7-b012-94de807a9669'),('5ff5c43f-7551-4271-b699-d2aa9df82418','dfc2525c-cc62-11e7-b012-94de807a9669'),('65b4499d-350b-454a-8a9c-ff4f0b4c3886','dfc2525c-cc62-11e7-b012-94de807a9669'),('6869a4a0-3838-430e-a547-ad808fba72d2','dfc2525c-cc62-11e7-b012-94de807a9669'),('7c0e663a-65a1-40d0-b2cc-9143212e5dfe','dfc2525c-cc62-11e7-b012-94de807a9669'),('865b4916-ea93-4638-abec-2a339c8e3e36','dfc2525c-cc62-11e7-b012-94de807a9669'),('9283ad0d-37a5-4d4e-98c3-02f31e5c7b55','dfc2525c-cc62-11e7-b012-94de807a9669'),('965dc5c4-ea31-4baf-9f9a-947abb279c99','dfc2525c-cc62-11e7-b012-94de807a9669'),('9c27add6-f77a-454f-b98f-779ed0b06082','dfc2525c-cc62-11e7-b012-94de807a9669'),('9ff6d92d-a237-4763-b99c-7757ccb02f3d','dfc2525c-cc62-11e7-b012-94de807a9669'),('a508e29b-a2fc-4e49-8f1c-29ca37a522af','dfc2525c-cc62-11e7-b012-94de807a9669'),('a8a7eba9-0cef-4499-864d-56c3bb92724c','dfc2525c-cc62-11e7-b012-94de807a9669'),('b16fb76e-2168-4601-88f5-3d1085228095','dfc2525c-cc62-11e7-b012-94de807a9669'),('bb65c20c-7241-4aef-b211-9698769c17d5','dfc2525c-cc62-11e7-b012-94de807a9669'),('bfcfdd18-7450-4518-898e-d80783427e1d','dfc2525c-cc62-11e7-b012-94de807a9669'),('d052c832-eff4-41e2-a703-957a680b5948','dfc2525c-cc62-11e7-b012-94de807a9669'),('d6ff7106-8774-4913-9912-7a051cbec313','dfc2525c-cc62-11e7-b012-94de807a9669'),('e1e75bac-e2d8-48cc-99ee-1ac80a00ab52','dfc2525c-cc62-11e7-b012-94de807a9669'),('e6488e18-520c-49d3-8f81-284419aba61b','dfc2525c-cc62-11e7-b012-94de807a9669'),('e6d19511-c01f-4c2f-8bda-b4e7a545c984','dfc2525c-cc62-11e7-b012-94de807a9669'),('ed8267ac-a12c-4c88-8c5f-c9fe41218de4','dfc2525c-cc62-11e7-b012-94de807a9669'),('eefa1565-88d6-4b93-9827-41306c3bfa57','dfc2525c-cc62-11e7-b012-94de807a9669'),('f12c42ef-9a37-4479-b829-78c18e25ef77','dfc2525c-cc62-11e7-b012-94de807a9669'),('ff98b836-133c-4000-ad24-5376155822ae','dfc2525c-cc62-11e7-b012-94de807a9669');
/*!40000 ALTER TABLE `object` ENABLE KEYS */;
UNLOCK TABLES;

--
-- Table structure for table `object_type`
--

DROP TABLE IF EXISTS `object_type`;
/*!40101 SET @saved_cs_client     = @@character_set_client */;
/*!40101 SET character_set_client = utf8 */;
CREATE TABLE `object_type` (
  `Object_type_id` varchar(36) NOT NULL,
  `Value` varchar(45) NOT NULL,
  PRIMARY KEY (`Object_type_id`)
) ENGINE=InnoDB DEFAULT CHARSET=utf8;
/*!40101 SET character_set_client = @saved_cs_client */;

--
-- Dumping data for table `object_type`
--

LOCK TABLES `object_type` WRITE;
/*!40000 ALTER TABLE `object_type` DISABLE KEYS */;
INSERT INTO `object_type` VALUES ('6bba16df-cbce-11e7-97a3-94de807a9669','USER'),('6bc34fa0-cbce-11e7-97a3-94de807a9669','COMMENT'),('6bcd906f-cbce-11e7-97a3-94de807a9669','LIKE'),('6cf4ece3-cbca-11e7-97a3-94de807a9669','PRODUCT'),('dfc2525c-cc62-11e7-b012-94de807a9669','CATEGORY');
/*!40000 ALTER TABLE `object_type` ENABLE KEYS */;
UNLOCK TABLES;

--
-- Table structure for table `roles`
--

DROP TABLE IF EXISTS `roles`;
/*!40101 SET @saved_cs_client     = @@character_set_client */;
/*!40101 SET character_set_client = utf8 */;
CREATE TABLE `roles` (
  `id` int(11) NOT NULL AUTO_INCREMENT,
  `name` varchar(100) NOT NULL,
  PRIMARY KEY (`id`)
) ENGINE=InnoDB AUTO_INCREMENT=3 DEFAULT CHARSET=utf8;
/*!40101 SET character_set_client = @saved_cs_client */;

--
-- Dumping data for table `roles`
--

LOCK TABLES `roles` WRITE;
/*!40000 ALTER TABLE `roles` DISABLE KEYS */;
INSERT INTO `roles` VALUES (1,'ROLE_USER'),(2,'ROLE_ADMIN');
/*!40000 ALTER TABLE `roles` ENABLE KEYS */;
UNLOCK TABLES;

--
-- Table structure for table `user_roles`
--

DROP TABLE IF EXISTS `user_roles`;
/*!40101 SET @saved_cs_client     = @@character_set_client */;
/*!40101 SET character_set_client = utf8 */;
CREATE TABLE `user_roles` (
  `user_id` int(11) NOT NULL,
  `role_id` int(11) NOT NULL,
  UNIQUE KEY `user_id` (`user_id`,`role_id`),
  KEY `role_id` (`role_id`),
  CONSTRAINT `user_roles_ibfk_1` FOREIGN KEY (`user_id`) REFERENCES `users` (`id`),
  CONSTRAINT `user_roles_ibfk_2` FOREIGN KEY (`role_id`) REFERENCES `roles` (`id`)
) ENGINE=InnoDB DEFAULT CHARSET=utf8;
/*!40101 SET character_set_client = @saved_cs_client */;

--
-- Dumping data for table `user_roles`
--

LOCK TABLES `user_roles` WRITE;
/*!40000 ALTER TABLE `user_roles` DISABLE KEYS */;
INSERT INTO `user_roles` VALUES (2,1),(3,1),(4,1),(5,1),(6,1),(7,1),(8,1),(9,1),(1,2);
/*!40000 ALTER TABLE `user_roles` ENABLE KEYS */;
UNLOCK TABLES;

--
-- Table structure for table `users`
--

DROP TABLE IF EXISTS `users`;
/*!40101 SET @saved_cs_client     = @@character_set_client */;
/*!40101 SET character_set_client = utf8 */;
CREATE TABLE `users` (
  `id` int(11) NOT NULL AUTO_INCREMENT,
  `username` varchar(255) NOT NULL,
  `password` varchar(255) NOT NULL,
  PRIMARY KEY (`id`)
) ENGINE=InnoDB AUTO_INCREMENT=10 DEFAULT CHARSET=utf8;
/*!40101 SET character_set_client = @saved_cs_client */;

--
-- Dumping data for table `users`
--

LOCK TABLES `users` WRITE;
/*!40000 ALTER TABLE `users` DISABLE KEYS */;
INSERT INTO `users` VALUES (1,'IvanTkachev','$2a$11$uSXS6rLJ91WjgOHhEGDx..VGs7MkKZV68Lv5r1uwFu7HgtRn3dcXG'),(2,'nikak123','$2a$11$qWmKH9T0HbMGQu64hNnN/u.qkri75.mFLRqhgG9zOoEXKi6WA0kfe'),(3,'Darment123','$2a$11$dnJ4HUnu8jnk0vhpueNABOibZxBxwe2V70v9DkbxMRzhFWZON/7Fy'),(4,'SvetaSvetlanova','$2a$11$uGcyGHMeG9.WcP9UnUPAK.3LPVViL72/1ldti1CrubAM8fGMjQg2a'),(5,'IvanStariy','$2a$11$vLChDMMcDvAmg9WVS4xPDeFmXL49jdSHPYh6ZL0zNfrHXlVpVvLnG'),(6,'IvanIvanov','$2a$11$apzS8VIzYrICdV8x3zqRo.ghupJk.vIejZYOX6GbfV30W3t2C7wdi'),(7,'PetrPetrov','$2a$11$CjLi9FGdtKsMMOy61LLp4uiRl.13O72Psrj4Qc/8eX2W/zAmDgi2m'),(8,'NadezhdaNavalnaya','$2a$11$NAEbfPG7YPiovT7koQREfuEOHwHE.MmSnAJODgNTpNja8dwRvfcsK'),(9,'AlexSidorov','$2a$11$2IoWBrI8wQPtrWbqoa0oOu8QdRV2JNsn.5uql4AHDGcsMXLHhZ5Ju');
/*!40000 ALTER TABLE `users` ENABLE KEYS */;
UNLOCK TABLES;

--
-- Table structure for table `values`
--

DROP TABLE IF EXISTS `values`;
/*!40101 SET @saved_cs_client     = @@character_set_client */;
/*!40101 SET character_set_client = utf8 */;
CREATE TABLE `values` (
  `value_id` varchar(36) NOT NULL,
  `Object_id` varchar(36) NOT NULL,
  `Attributes_attr_id` varchar(36) NOT NULL,
  `Value` varchar(45) NOT NULL,
  PRIMARY KEY (`value_id`,`Object_id`,`Attributes_attr_id`),
  KEY `fk_Values_Object_idx` (`Object_id`),
  KEY `fk_Values_Attributes1_idx` (`Attributes_attr_id`),
  CONSTRAINT `fk_Values_Attributes1` FOREIGN KEY (`Attributes_attr_id`) REFERENCES `attributes` (`attr_id`) ON DELETE NO ACTION ON UPDATE NO ACTION,
  CONSTRAINT `fk_Values_Object` FOREIGN KEY (`Object_id`) REFERENCES `object` (`Object_id`) ON DELETE NO ACTION ON UPDATE NO ACTION
) ENGINE=InnoDB DEFAULT CHARSET=utf8;
/*!40101 SET character_set_client = @saved_cs_client */;

--
-- Dumping data for table `values`
--

LOCK TABLES `values` WRITE;
/*!40000 ALTER TABLE `values` DISABLE KEYS */;
INSERT INTO `values` VALUES ('03ecb148-cc8d-11e7-b012-94de807a9669','9ac4a385-657a-44f5-8535-650ec73fb109','fdb0ebf0-cbcf-11e7-97a3-94de807a9669','Some bad comment'),('03ecfb81-cc8d-11e7-b012-94de807a9669','9ac4a385-657a-44f5-8535-650ec73fb109','fdb4da4b-cbcf-11e7-97a3-94de807a9669','34201e4c-efc3-44d6-bf84-b7b1e7ebfe68'),('03ed2af6-cc8d-11e7-b012-94de807a9669','9ac4a385-657a-44f5-8535-650ec73fb109','fdb85110-cbcf-11e7-97a3-94de807a9669','27163d1c-039a-4a8a-8691-fe6f5d6e0314'),('0503b997-cbd7-11e7-97a3-94de807a9669','f0a486cf-ae13-4e54-b1d6-a699a2aa8206','fd87f935-cbcf-11e7-97a3-94de807a9669','WOMEN_CLOTHING'),('0503fde1-cbd7-11e7-97a3-94de807a9669','f0a486cf-ae13-4e54-b1d6-a699a2aa8206','fcce6802-cbcf-11e7-97a3-94de807a9669','30'),('05045dcb-cbd7-11e7-97a3-94de807a9669','f0a486cf-ae13-4e54-b1d6-a699a2aa8206','fcae6055-cbcf-11e7-97a3-94de807a9669','Замечательное'),('050493d0-cbd7-11e7-97a3-94de807a9669','f0a486cf-ae13-4e54-b1d6-a699a2aa8206','fcb5c185-cbcf-11e7-97a3-94de807a9669','Осень'),('051bc60d-cbd7-11e7-97a3-94de807a9669','f0a486cf-ae13-4e54-b1d6-a699a2aa8206','fd80811d-cbcf-11e7-97a3-94de807a9669','8 $'),('051c070f-cbd7-11e7-97a3-94de807a9669','f0a486cf-ae13-4e54-b1d6-a699a2aa8206','fcbcd3df-cbcf-11e7-97a3-94de807a9669','Колготки'),('051c4782-cbd7-11e7-97a3-94de807a9669','f0a486cf-ae13-4e54-b1d6-a699a2aa8206','fd846366-cbcf-11e7-97a3-94de807a9669','62f75f36-1898-4fbb-85c0-e87c47132192'),('05580b41-cc89-11e7-b012-94de807a9669','446e1af1-ff38-41c3-b35b-0c13d87bcccb','861212ce-cc68-11e7-b012-94de807a9669','APARTMENTS'),('05585a80-cc89-11e7-b012-94de807a9669','446e1af1-ff38-41c3-b35b-0c13d87bcccb','77453fa6-cc68-11e7-b012-94de807a9669','Realty'),('05588fdb-cc89-11e7-b012-94de807a9669','446e1af1-ff38-41c3-b35b-0c13d87bcccb','e0bcd771-cc68-11e7-b012-94de807a9669','fcf27cb8-cbcf-11e7-97a3-94de807a9669'),('0558c529-cc89-11e7-b012-94de807a9669','446e1af1-ff38-41c3-b35b-0c13d87bcccb','e0bcd771-cc68-11e7-b012-94de807a9669','fcfd9280-cbcf-11e7-97a3-94de807a9669'),('05590118-cc89-11e7-b012-94de807a9669','446e1af1-ff38-41c3-b35b-0c13d87bcccb','e0bcd771-cc68-11e7-b012-94de807a9669','fd033b20-cbcf-11e7-97a3-94de807a9669'),('05593750-cc89-11e7-b012-94de807a9669','446e1af1-ff38-41c3-b35b-0c13d87bcccb','e0bcd771-cc68-11e7-b012-94de807a9669','fcae6055-cbcf-11e7-97a3-94de807a9669'),('05596c89-cc89-11e7-b012-94de807a9669','446e1af1-ff38-41c3-b35b-0c13d87bcccb','e0bcd771-cc68-11e7-b012-94de807a9669','fd076387-cbcf-11e7-97a3-94de807a9669'),('0585f9d4-cbd9-11e7-97a3-94de807a9669','834ebc4e-7172-4d09-a901-40e77c34f2c7','fd87f935-cbcf-11e7-97a3-94de807a9669','AUDIO'),('058c06e1-cbd9-11e7-97a3-94de807a9669','834ebc4e-7172-4d09-a901-40e77c34f2c7','fcae6055-cbcf-11e7-97a3-94de807a9669','Хорошее'),('058c3392-cbd9-11e7-97a3-94de807a9669','834ebc4e-7172-4d09-a901-40e77c34f2c7','fd27a0f1-cbcf-11e7-97a3-94de807a9669','Sven'),('058c84f8-cbd9-11e7-97a3-94de807a9669','834ebc4e-7172-4d09-a901-40e77c34f2c7','fcdbbf28-cbcf-11e7-97a3-94de807a9669','Акустика'),('058cba8d-cbd9-11e7-97a3-94de807a9669','834ebc4e-7172-4d09-a901-40e77c34f2c7','fd80811d-cbcf-11e7-97a3-94de807a9669','237 BYN'),('058ce910-cbd9-11e7-97a3-94de807a9669','834ebc4e-7172-4d09-a901-40e77c34f2c7','fd846366-cbcf-11e7-97a3-94de807a9669','a7ffe52a-2361-475b-a994-363f3566a0c5'),('07c791ca-98d6-43c5-b7b1-04e2c5bc879e','6f131dd7-ba36-4e33-b823-f94a627589b6','fcb5c185-cbcf-11e7-97a3-94de807a9669','Зимаssssss'),('0899232c-cbda-11e7-97a3-94de807a9669','c7666bf3-4f41-487e-abbc-d70f7860c0ec','fd8fc8a5-cbcf-11e7-97a3-94de807a9669','4'),('08a05b52-cbda-11e7-97a3-94de807a9669','c7666bf3-4f41-487e-abbc-d70f7860c0ec','fd93b41b-cbcf-11e7-97a3-94de807a9669','Светланова Светлана'),('08a09d16-cbda-11e7-97a3-94de807a9669','c7666bf3-4f41-487e-abbc-d70f7860c0ec','fd97346f-cbcf-11e7-97a3-94de807a9669','Ж'),('08a0ca9c-cbda-11e7-97a3-94de807a9669','c7666bf3-4f41-487e-abbc-d70f7860c0ec','fd9c98fa-cbcf-11e7-97a3-94de807a9669','Красненький'),('08abf3f5-cbda-11e7-97a3-94de807a9669','c7666bf3-4f41-487e-abbc-d70f7860c0ec','fda0bbe9-cbcf-11e7-97a3-94de807a9669','28.02.1997'),('08ac1beb-cbda-11e7-97a3-94de807a9669','c7666bf3-4f41-487e-abbc-d70f7860c0ec','fda621dc-cbcf-11e7-97a3-94de807a9669','220102'),('08ac3f3b-cbda-11e7-97a3-94de807a9669','c7666bf3-4f41-487e-abbc-d70f7860c0ec','fdad14d4-cbcf-11e7-97a3-94de807a9669','г. Брест'),('0c85ff29-cc8c-11e7-b012-94de807a9669','11b9ab59-07ee-401a-baaa-fe8386fe5f42','861212ce-cc68-11e7-b012-94de807a9669','PETS'),('0c863e4d-cc8c-11e7-b012-94de807a9669','11b9ab59-07ee-401a-baaa-fe8386fe5f42','77453fa6-cc68-11e7-b012-94de807a9669','Animals'),('0c8730ac-cc8c-11e7-b012-94de807a9669','11b9ab59-07ee-401a-baaa-fe8386fe5f42','e0bcd771-cc68-11e7-b012-94de807a9669','fceef8d5-cbcf-11e7-97a3-94de807a9669'),('0c877033-cc8c-11e7-b012-94de807a9669','11b9ab59-07ee-401a-baaa-fe8386fe5f42','e0bcd771-cc68-11e7-b012-94de807a9669','fd78f273-cbcf-11e7-97a3-94de807a9669'),('0c87aba1-cc8c-11e7-b012-94de807a9669','11b9ab59-07ee-401a-baaa-fe8386fe5f42','e0bcd771-cc68-11e7-b012-94de807a9669','fd7cc7e8-cbcf-11e7-97a3-94de807a9669'),('0f7518b9-cc87-11e7-b012-94de807a9669','bfcfdd18-7450-4518-898e-d80783427e1d','861212ce-cc68-11e7-b012-94de807a9669','ACCESSORIES_AND_CLOCKS'),('0f75785f-cc87-11e7-b012-94de807a9669','bfcfdd18-7450-4518-898e-d80783427e1d','77453fa6-cc68-11e7-b012-94de807a9669','Fashion'),('0f75aa55-cc87-11e7-b012-94de807a9669','bfcfdd18-7450-4518-898e-d80783427e1d','e0bcd771-cc68-11e7-b012-94de807a9669','fcae6055-cbcf-11e7-97a3-94de807a9669'),('0f76044a-cc87-11e7-b012-94de807a9669','bfcfdd18-7450-4518-898e-d80783427e1d','e0bcd771-cc68-11e7-b012-94de807a9669','fcdbbf28-cbcf-11e7-97a3-94de807a9669'),('0f7632ff-cc87-11e7-b012-94de807a9669','bfcfdd18-7450-4518-898e-d80783427e1d','e0bcd771-cc68-11e7-b012-94de807a9669','fce25636-cbcf-11e7-97a3-94de807a9669'),('0fb224f3-5337-40ba-b891-d65fc5be43ca','372317a0-b54f-4790-aced-f29f66badc62','fd846366-cbcf-11e7-97a3-94de807a9669','62f75f36-1898-4fbb-85c0-e87c47132192'),('15a87750-1861-4b85-9411-739018ba655e','6f131dd7-ba36-4e33-b823-f94a627589b6','fd846366-cbcf-11e7-97a3-94de807a9669','62f75f36-1898-4fbb-85c0-e87c47132192'),('171c758a-cc8a-11e7-b012-94de807a9669','2aeb8102-3233-437f-bca6-1683785b87c4','861212ce-cc68-11e7-b012-94de807a9669','PHONES'),('171cda8b-cc8a-11e7-b012-94de807a9669','2aeb8102-3233-437f-bca6-1683785b87c4','77453fa6-cc68-11e7-b012-94de807a9669','Technics'),('171e99f6-cc8a-11e7-b012-94de807a9669','2aeb8102-3233-437f-bca6-1683785b87c4','e0bcd771-cc68-11e7-b012-94de807a9669','fcae6055-cbcf-11e7-97a3-94de807a9669'),('171f33fd-cc8a-11e7-b012-94de807a9669','2aeb8102-3233-437f-bca6-1683785b87c4','e0bcd771-cc68-11e7-b012-94de807a9669','fcdbbf28-cbcf-11e7-97a3-94de807a9669'),('171f7da6-cc8a-11e7-b012-94de807a9669','2aeb8102-3233-437f-bca6-1683785b87c4','e0bcd771-cc68-11e7-b012-94de807a9669','fd377038-cbcf-11e7-97a3-94de807a9669'),('171fe3a8-cc8a-11e7-b012-94de807a9669','2aeb8102-3233-437f-bca6-1683785b87c4','e0bcd771-cc68-11e7-b012-94de807a9669','fd3ddaa2-cbcf-11e7-97a3-94de807a9669'),('1957c3b6-cc8d-11e7-b012-94de807a9669','e1021f13-db2a-4ac3-a410-1c5fdda6a825','fdb0ebf0-cbcf-11e7-97a3-94de807a9669','Some some comment'),('195815f6-cc8d-11e7-b012-94de807a9669','e1021f13-db2a-4ac3-a410-1c5fdda6a825','fdb4da4b-cbcf-11e7-97a3-94de807a9669','34201e4c-efc3-44d6-bf84-b7b1e7ebfe68'),('195853d2-cc8d-11e7-b012-94de807a9669','e1021f13-db2a-4ac3-a410-1c5fdda6a825','fdbc8ce6-cbcf-11e7-97a3-94de807a9669','940366f5-8431-4909-a9f4-f020f9aac8fe'),('1d5dd1dc-bc49-4c75-af07-c9d4c6d8f6f4','372317a0-b54f-4790-aced-f29f66badc62','fcdbbf28-cbcf-11e7-97a3-94de807a9669',''),('20ff8be2-cc8d-11e7-b012-94de807a9669','ba51abe1-23d5-43ca-b3dc-98d50ae04a98','fdb0ebf0-cbcf-11e7-97a3-94de807a9669','Some some comment'),('2100913c-cc8d-11e7-b012-94de807a9669','ba51abe1-23d5-43ca-b3dc-98d50ae04a98','fdb4da4b-cbcf-11e7-97a3-94de807a9669','34201e4c-efc3-44d6-bf84-b7b1e7ebfe68'),('2100d80d-cc8d-11e7-b012-94de807a9669','ba51abe1-23d5-43ca-b3dc-98d50ae04a98','fdbc8ce6-cbcf-11e7-97a3-94de807a9669','19f71a58-03f5-4083-a4c0-76264751ebcc'),('239572a6-1ec0-419b-a444-05b9c06ec86d','6f131dd7-ba36-4e33-b823-f94a627589b6','fcce6802-cbcf-11e7-97a3-94de807a9669','Маленький'),('28cc09fc-0b35-4195-9b43-611c64fbf9c4','f2caf274-e905-4aaa-94c6-bd871dacf473','fd80811d-cbcf-11e7-97a3-94de807a9669','TEST'),('2c409ba7-cc89-11e7-b012-94de807a9669','588557d6-7670-4899-a4ed-60dd550a349c','861212ce-cc68-11e7-b012-94de807a9669','ROOMS'),('2c42888f-cc89-11e7-b012-94de807a9669','588557d6-7670-4899-a4ed-60dd550a349c','77453fa6-cc68-11e7-b012-94de807a9669','Realty'),('2c42e612-cc89-11e7-b012-94de807a9669','588557d6-7670-4899-a4ed-60dd550a349c','e0bcd771-cc68-11e7-b012-94de807a9669','fcae6055-cbcf-11e7-97a3-94de807a9669'),('2c437457-cc89-11e7-b012-94de807a9669','588557d6-7670-4899-a4ed-60dd550a349c','e0bcd771-cc68-11e7-b012-94de807a9669','fd0bcd2f-cbcf-11e7-97a3-94de807a9669'),('2c4f8d29-cc89-11e7-b012-94de807a9669','588557d6-7670-4899-a4ed-60dd550a349c','e0bcd771-cc68-11e7-b012-94de807a9669','fd0ed1d6-cbcf-11e7-97a3-94de807a9669'),('2c4fc664-cc89-11e7-b012-94de807a9669','588557d6-7670-4899-a4ed-60dd550a349c','e0bcd771-cc68-11e7-b012-94de807a9669','fd1231c2-cbcf-11e7-97a3-94de807a9669'),('2e7ab2f2-cbda-11e7-97a3-94de807a9669','27163d1c-039a-4a8a-8691-fe6f5d6e0314','fd8fc8a5-cbcf-11e7-97a3-94de807a9669','5'),('2e7af3ab-cbda-11e7-97a3-94de807a9669','27163d1c-039a-4a8a-8691-fe6f5d6e0314','fd93b41b-cbcf-11e7-97a3-94de807a9669','Старый Иван Федерович'),('2e7b3524-cbda-11e7-97a3-94de807a9669','27163d1c-039a-4a8a-8691-fe6f5d6e0314','fd97346f-cbcf-11e7-97a3-94de807a9669','М'),('2e7b6bb6-cbda-11e7-97a3-94de807a9669','27163d1c-039a-4a8a-8691-fe6f5d6e0314','fd9c98fa-cbcf-11e7-97a3-94de807a9669','8 029 379 83 13'),('2e7baaf2-cbda-11e7-97a3-94de807a9669','27163d1c-039a-4a8a-8691-fe6f5d6e0314','fda0bbe9-cbcf-11e7-97a3-94de807a9669','10.11.1834'),('2e7ceb17-cbda-11e7-97a3-94de807a9669','27163d1c-039a-4a8a-8691-fe6f5d6e0314','fda621dc-cbcf-11e7-97a3-94de807a9669','Голубь Белый'),('2e7d2c58-cbda-11e7-97a3-94de807a9669','27163d1c-039a-4a8a-8691-fe6f5d6e0314','fdad14d4-cbcf-11e7-97a3-94de807a9669','г. Менеск'),('2fb797d9-2601-45c1-8273-b786d36b869f','372317a0-b54f-4790-aced-f29f66badc62','fd80811d-cbcf-11e7-97a3-94de807a9669','13 BYN'),('305119ad-5720-44de-bc2f-68388496f696','372317a0-b54f-4790-aced-f29f66badc62','fcce6802-cbcf-11e7-97a3-94de807a9669','Маленький'),('30a35234-ef0e-4b28-9097-18149aa31c80','f2caf274-e905-4aaa-94c6-bd871dacf473','fd87f935-cbcf-11e7-97a3-94de807a9669','WOMEN_CLOTHING'),('389b5cc7-cc8d-11e7-b012-94de807a9669','4bacadac-9d50-49fa-95fc-6196ad224278','fdb0ebf0-cbcf-11e7-97a3-94de807a9669','Some some comment'),('38a56842-cc8d-11e7-b012-94de807a9669','4bacadac-9d50-49fa-95fc-6196ad224278','fdb4da4b-cbcf-11e7-97a3-94de807a9669','a7ffe52a-2361-475b-a994-363f3566a0c5'),('38d1bb13-cc8d-11e7-b012-94de807a9669','4bacadac-9d50-49fa-95fc-6196ad224278','fdbc8ce6-cbcf-11e7-97a3-94de807a9669','0f819b30-7712-4593-ba5d-c6a75e7ee3ae'),('3a367eaf-cbd7-11e7-97a3-94de807a9669','4596cc26-8c05-420d-a46b-980d2707390e','fd87f935-cbcf-11e7-97a3-94de807a9669','MEN_CLOTHING'),('3a47b5df-cbd7-11e7-97a3-94de807a9669','4596cc26-8c05-420d-a46b-980d2707390e','fcce6802-cbcf-11e7-97a3-94de807a9669','40'),('3a47f21c-cbd7-11e7-97a3-94de807a9669','4596cc26-8c05-420d-a46b-980d2707390e','fcae6055-cbcf-11e7-97a3-94de807a9669','Поношенное'),('3a4823aa-cbd7-11e7-97a3-94de807a9669','4596cc26-8c05-420d-a46b-980d2707390e','fcb5c185-cbcf-11e7-97a3-94de807a9669','Весна-Осень'),('3a48559b-cbd7-11e7-97a3-94de807a9669','4596cc26-8c05-420d-a46b-980d2707390e','fd80811d-cbcf-11e7-97a3-94de807a9669','60 BYN'),('3a488537-cbd7-11e7-97a3-94de807a9669','4596cc26-8c05-420d-a46b-980d2707390e','fcbcd3df-cbcf-11e7-97a3-94de807a9669','Куртка'),('3a48ac35-cbd7-11e7-97a3-94de807a9669','4596cc26-8c05-420d-a46b-980d2707390e','fd846366-cbcf-11e7-97a3-94de807a9669','34201e4c-efc3-44d6-bf84-b7b1e7ebfe68'),('3b8b72e4-cc8a-11e7-b012-94de807a9669','9c27add6-f77a-454f-b98f-779ed0b06082','861212ce-cc68-11e7-b012-94de807a9669','GAMES_AND_CONSOLES'),('3b997d40-cc8a-11e7-b012-94de807a9669','9c27add6-f77a-454f-b98f-779ed0b06082','77453fa6-cc68-11e7-b012-94de807a9669','Technics'),('3b9f418a-cc8a-11e7-b012-94de807a9669','9c27add6-f77a-454f-b98f-779ed0b06082','e0bcd771-cc68-11e7-b012-94de807a9669','fcae6055-cbcf-11e7-97a3-94de807a9669'),('3bb05633-cc8a-11e7-b012-94de807a9669','9c27add6-f77a-454f-b98f-779ed0b06082','e0bcd771-cc68-11e7-b012-94de807a9669','fcdbbf28-cbcf-11e7-97a3-94de807a9669'),('3bb0a1b5-cc8a-11e7-b012-94de807a9669','9c27add6-f77a-454f-b98f-779ed0b06082','e0bcd771-cc68-11e7-b012-94de807a9669','fd27a0f1-cbcf-11e7-97a3-94de807a9669'),('3bb0d31c-cc8a-11e7-b012-94de807a9669','9c27add6-f77a-454f-b98f-779ed0b06082','e0bcd771-cc68-11e7-b012-94de807a9669','fd411f3e-cbcf-11e7-97a3-94de807a9669'),('3bb10184-cc8a-11e7-b012-94de807a9669','9c27add6-f77a-454f-b98f-779ed0b06082','e0bcd771-cc68-11e7-b012-94de807a9669','fd4914ee-cbcf-11e7-97a3-94de807a9669'),('3cd6ada7-cc8c-11e7-b012-94de807a9669','6869a4a0-3838-430e-a547-ad808fba72d2','861212ce-cc68-11e7-b012-94de807a9669','AGRICULTURAL_ANIMALS'),('3cd6f95f-cc8c-11e7-b012-94de807a9669','6869a4a0-3838-430e-a547-ad808fba72d2','77453fa6-cc68-11e7-b012-94de807a9669','Animals'),('3d11cbca-cc8c-11e7-b012-94de807a9669','6869a4a0-3838-430e-a547-ad808fba72d2','e0bcd771-cc68-11e7-b012-94de807a9669','fceef8d5-cbcf-11e7-97a3-94de807a9669'),('423ae188-abff-4e83-89d2-ca1b73524870','f2caf274-e905-4aaa-94c6-bd871dacf473','fcbcd3df-cbcf-11e7-97a3-94de807a9669','TEST'),('43533cf4-8ed2-45f8-9f88-631fb120af35','6f131dd7-ba36-4e33-b823-f94a627589b6','77453fa6-cc68-11e7-b012-94de807a9669','Technics'),('471da212-cc8d-11e7-b012-94de807a9669','cee33d26-cf9b-4161-9ad0-17d30948fe3d','fdb0ebf0-cbcf-11e7-97a3-94de807a9669','Some another some comment'),('471dea54-cc8d-11e7-b012-94de807a9669','cee33d26-cf9b-4161-9ad0-17d30948fe3d','fdb4da4b-cbcf-11e7-97a3-94de807a9669','a7ffe52a-2361-475b-a994-363f3566a0c5'),('471e1f7c-cc8d-11e7-b012-94de807a9669','cee33d26-cf9b-4161-9ad0-17d30948fe3d','fdbc8ce6-cbcf-11e7-97a3-94de807a9669','92610549-70d7-49f3-baf6-da0a28d3338d'),('4851b40d-e812-4583-9d13-b7f7404d2183','372317a0-b54f-4790-aced-f29f66badc62','fd87f935-cbcf-11e7-97a3-94de807a9669','PHONES'),('492c0311-c623-41af-a8a7-a38ec586d9cc','372317a0-b54f-4790-aced-f29f66badc62','fcbcd3df-cbcf-11e7-97a3-94de807a9669','Юбка bbbbbbbbbb'),('4c3b04c6-cbd8-11e7-97a3-94de807a9669','ff4ba7bc-167c-43a8-9a6d-ba2fa7021e4c','fd87f935-cbcf-11e7-97a3-94de807a9669','PHONES'),('4c3b424d-cbd8-11e7-97a3-94de807a9669','ff4ba7bc-167c-43a8-9a6d-ba2fa7021e4c','fcae6055-cbcf-11e7-97a3-94de807a9669','Побитый'),('4c3b747e-cbd8-11e7-97a3-94de807a9669','ff4ba7bc-167c-43a8-9a6d-ba2fa7021e4c','fcdbbf28-cbcf-11e7-97a3-94de807a9669','Слайдер'),('4c4d22f5-cbd8-11e7-97a3-94de807a9669','ff4ba7bc-167c-43a8-9a6d-ba2fa7021e4c','fd377038-cbcf-11e7-97a3-94de807a9669','BenQ-Siemens EL71'),('4c4d7964-cbd8-11e7-97a3-94de807a9669','ff4ba7bc-167c-43a8-9a6d-ba2fa7021e4c','fd3ddaa2-cbcf-11e7-97a3-94de807a9669','2'),('4c4dd290-cbd8-11e7-97a3-94de807a9669','ff4ba7bc-167c-43a8-9a6d-ba2fa7021e4c','fd80811d-cbcf-11e7-97a3-94de807a9669','50 BYN'),('4c4e169f-cbd8-11e7-97a3-94de807a9669','ff4ba7bc-167c-43a8-9a6d-ba2fa7021e4c','fd846366-cbcf-11e7-97a3-94de807a9669','12185792-5469-463b-bb2a-620546fd99df'),('4f08878e-cc88-11e7-b012-94de807a9669','865b4916-ea93-4638-abec-2a339c8e3e36','861212ce-cc68-11e7-b012-94de807a9669','FURNITURE_AND_INTERIOR'),('4f0902f3-cc88-11e7-b012-94de807a9669','865b4916-ea93-4638-abec-2a339c8e3e36','77453fa6-cc68-11e7-b012-94de807a9669','House'),('4f093ef3-cc88-11e7-b012-94de807a9669','865b4916-ea93-4638-abec-2a339c8e3e36','e0bcd771-cc68-11e7-b012-94de807a9669','fcae6055-cbcf-11e7-97a3-94de807a9669'),('4f0976ac-cc88-11e7-b012-94de807a9669','865b4916-ea93-4638-abec-2a339c8e3e36','e0bcd771-cc68-11e7-b012-94de807a9669','fcdbbf28-cbcf-11e7-97a3-94de807a9669'),('4f09e317-cc88-11e7-b012-94de807a9669','865b4916-ea93-4638-abec-2a339c8e3e36','e0bcd771-cc68-11e7-b012-94de807a9669','fce58ea3-cbcf-11e7-97a3-94de807a9669'),('4f0a27bc-cc88-11e7-b012-94de807a9669','865b4916-ea93-4638-abec-2a339c8e3e36','e0bcd771-cc68-11e7-b012-94de807a9669','fcebe48e-cbcf-11e7-97a3-94de807a9669'),('4f9bf43f-76e9-4d6e-9e1f-891ddd02535f','372317a0-b54f-4790-aced-f29f66badc62','fcae6055-cbcf-11e7-97a3-94de807a9669','Прекрасное'),('50eb5d40-ffe3-4b3f-98f2-0c5258f349f9','6f131dd7-ba36-4e33-b823-f94a627589b6','fd80811d-cbcf-11e7-97a3-94de807a9669','13 BYN'),('5292e019-cc8c-11e7-b012-94de807a9669','e6488e18-520c-49d3-8f81-284419aba61b','861212ce-cc68-11e7-b012-94de807a9669','GOODS_FOR_ANIMAL'),('52944938-cc8c-11e7-b012-94de807a9669','e6488e18-520c-49d3-8f81-284419aba61b','77453fa6-cc68-11e7-b012-94de807a9669','Animals'),('5294a11d-cc8c-11e7-b012-94de807a9669','e6488e18-520c-49d3-8f81-284419aba61b','e0bcd771-cc68-11e7-b012-94de807a9669','fcdbbf28-cbcf-11e7-97a3-94de807a9669'),('5295149e-cc8c-11e7-b012-94de807a9669','e6488e18-520c-49d3-8f81-284419aba61b','e0bcd771-cc68-11e7-b012-94de807a9669','fcae6055-cbcf-11e7-97a3-94de807a9669'),('58139e06-cbd7-11e7-97a3-94de807a9669','ce328c6c-f2fd-4161-956d-ddcd9837f6e7','fd87f935-cbcf-11e7-97a3-94de807a9669','MEN_CLOTHING'),('5813cca8-cbd7-11e7-97a3-94de807a9669','ce328c6c-f2fd-4161-956d-ddcd9837f6e7','fcce6802-cbcf-11e7-97a3-94de807a9669','38'),('5814092e-cbd7-11e7-97a3-94de807a9669','ce328c6c-f2fd-4161-956d-ddcd9837f6e7','fcae6055-cbcf-11e7-97a3-94de807a9669','Хорошее'),('58146718-cbd7-11e7-97a3-94de807a9669','ce328c6c-f2fd-4161-956d-ddcd9837f6e7','fcb5c185-cbcf-11e7-97a3-94de807a9669','Круглый год'),('5814963d-cbd7-11e7-97a3-94de807a9669','ce328c6c-f2fd-4161-956d-ddcd9837f6e7','fd80811d-cbcf-11e7-97a3-94de807a9669','5 BYN'),('5814c005-cbd7-11e7-97a3-94de807a9669','ce328c6c-f2fd-4161-956d-ddcd9837f6e7','fcbcd3df-cbcf-11e7-97a3-94de807a9669','Пуховик'),('581f7230-cbd7-11e7-97a3-94de807a9669','ce328c6c-f2fd-4161-956d-ddcd9837f6e7','fd846366-cbcf-11e7-97a3-94de807a9669','27163d1c-039a-4a8a-8691-fe6f5d6e0314'),('5d74e7d5-fed8-4407-b94b-f9ebb3646023','6f131dd7-ba36-4e33-b823-f94a627589b6','fd8c09c4-cbcf-11e7-97a3-94de807a9669','Technics'),('5db1d3d7-cc89-11e7-b012-94de807a9669','d6ff7106-8774-4913-9912-7a051cbec313','861212ce-cc68-11e7-b012-94de807a9669','HOUSES_VILLAS_COTTAGES'),('5db25fe7-cc89-11e7-b012-94de807a9669','d6ff7106-8774-4913-9912-7a051cbec313','77453fa6-cc68-11e7-b012-94de807a9669','Realty'),('5db29f61-cc89-11e7-b012-94de807a9669','d6ff7106-8774-4913-9912-7a051cbec313','e0bcd771-cc68-11e7-b012-94de807a9669','fcf27cb8-cbcf-11e7-97a3-94de807a9669'),('5db31d4c-cc89-11e7-b012-94de807a9669','d6ff7106-8774-4913-9912-7a051cbec313','e0bcd771-cc68-11e7-b012-94de807a9669','fcfd9280-cbcf-11e7-97a3-94de807a9669'),('5dbf799e-cc89-11e7-b012-94de807a9669','d6ff7106-8774-4913-9912-7a051cbec313','e0bcd771-cc68-11e7-b012-94de807a9669','fcae6055-cbcf-11e7-97a3-94de807a9669'),('5dbfb9b6-cc89-11e7-b012-94de807a9669','d6ff7106-8774-4913-9912-7a051cbec313','e0bcd771-cc68-11e7-b012-94de807a9669','fd155db0-cbcf-11e7-97a3-94de807a9669'),('5dc06b0f-cc89-11e7-b012-94de807a9669','d6ff7106-8774-4913-9912-7a051cbec313','e0bcd771-cc68-11e7-b012-94de807a9669','fd076387-cbcf-11e7-97a3-94de807a9669'),('5dcf77ab-cc89-11e7-b012-94de807a9669','d6ff7106-8774-4913-9912-7a051cbec313','e0bcd771-cc68-11e7-b012-94de807a9669','fd19c17c-cbcf-11e7-97a3-94de807a9669'),('614a6e55-cc88-11e7-b012-94de807a9669','e1e75bac-e2d8-48cc-99ee-1ac80a00ab52','861212ce-cc68-11e7-b012-94de807a9669','HOUSEHOLD_GOODS'),('614ab941-cc88-11e7-b012-94de807a9669','e1e75bac-e2d8-48cc-99ee-1ac80a00ab52','77453fa6-cc68-11e7-b012-94de807a9669','House'),('614b1ac7-cc88-11e7-b012-94de807a9669','e1e75bac-e2d8-48cc-99ee-1ac80a00ab52','e0bcd771-cc68-11e7-b012-94de807a9669','fcae6055-cbcf-11e7-97a3-94de807a9669'),('62b0e77c-990e-418f-8c4f-0f46dd86360e','372317a0-b54f-4790-aced-f29f66badc62','fcb5c185-cbcf-11e7-97a3-94de807a9669','Зима ssssssssss'),('68052db3-3a03-4432-ae78-5d6ccd79aafe','372317a0-b54f-4790-aced-f29f66badc62','fd8c09c4-cbcf-11e7-97a3-94de807a9669','Technics'),('6829f174-cbd9-11e7-97a3-94de807a9669','12185792-5469-463b-bb2a-620546fd99df','fd8fc8a5-cbcf-11e7-97a3-94de807a9669','6'),('682a3c1d-cbd9-11e7-97a3-94de807a9669','12185792-5469-463b-bb2a-620546fd99df','fd93b41b-cbcf-11e7-97a3-94de807a9669','Иванов Иван Иванович'),('6849a9a8-cbd9-11e7-97a3-94de807a9669','12185792-5469-463b-bb2a-620546fd99df','fd97346f-cbcf-11e7-97a3-94de807a9669','М'),('6865018d-cbd9-11e7-97a3-94de807a9669','12185792-5469-463b-bb2a-620546fd99df','fd9c98fa-cbcf-11e7-97a3-94de807a9669','+375-29-199-91-19'),('68657c92-cbd9-11e7-97a3-94de807a9669','12185792-5469-463b-bb2a-620546fd99df','fda0bbe9-cbcf-11e7-97a3-94de807a9669','23.09.2006'),('6865c62a-cbd9-11e7-97a3-94de807a9669','12185792-5469-463b-bb2a-620546fd99df','fda621dc-cbcf-11e7-97a3-94de807a9669','vanya@m.com'),('6865feae-cbd9-11e7-97a3-94de807a9669','12185792-5469-463b-bb2a-620546fd99df','fdad14d4-cbcf-11e7-97a3-94de807a9669','г. Минск'),('69db3272-cbd8-11e7-97a3-94de807a9669','bdf6980e-a2d5-4ccb-add4-7a394de8ce8c','fd87f935-cbcf-11e7-97a3-94de807a9669','PHONES'),('69db76a6-cbd8-11e7-97a3-94de807a9669','bdf6980e-a2d5-4ccb-add4-7a394de8ce8c','fcae6055-cbcf-11e7-97a3-94de807a9669','С царапинками'),('69dbb20b-cbd8-11e7-97a3-94de807a9669','bdf6980e-a2d5-4ccb-add4-7a394de8ce8c','fcdbbf28-cbcf-11e7-97a3-94de807a9669','Кирпич'),('69dbe933-cbd8-11e7-97a3-94de807a9669','bdf6980e-a2d5-4ccb-add4-7a394de8ce8c','fd377038-cbcf-11e7-97a3-94de807a9669','Nokia 3310'),('69ddca87-cbd8-11e7-97a3-94de807a9669','bdf6980e-a2d5-4ccb-add4-7a394de8ce8c','fd3ddaa2-cbcf-11e7-97a3-94de807a9669','2.4'),('69ea274e-cbd8-11e7-97a3-94de807a9669','bdf6980e-a2d5-4ccb-add4-7a394de8ce8c','fd80811d-cbcf-11e7-97a3-94de807a9669','100500 BYN'),('69ea6268-cbd8-11e7-97a3-94de807a9669','bdf6980e-a2d5-4ccb-add4-7a394de8ce8c','fd846366-cbcf-11e7-97a3-94de807a9669','c7666bf3-4f41-487e-abbc-d70f7860c0ec'),('6bfd6951-cc88-11e7-b012-94de807a9669','65b4499d-350b-454a-8a9c-ff4f0b4c3886','861212ce-cc68-11e7-b012-94de807a9669','DISHES_AND_COOKING_UTENSILS'),('6bfdb5df-cc88-11e7-b012-94de807a9669','65b4499d-350b-454a-8a9c-ff4f0b4c3886','77453fa6-cc68-11e7-b012-94de807a9669','House'),('6bfdef5c-cc88-11e7-b012-94de807a9669','65b4499d-350b-454a-8a9c-ff4f0b4c3886','e0bcd771-cc68-11e7-b012-94de807a9669','fcae6055-cbcf-11e7-97a3-94de807a9669'),('72f2a72e-cc89-11e7-b012-94de807a9669','a508e29b-a2fc-4e49-8f1c-29ca37a522af','861212ce-cc68-11e7-b012-94de807a9669','GARAGES'),('72f317ff-cc89-11e7-b012-94de807a9669','a508e29b-a2fc-4e49-8f1c-29ca37a522af','77453fa6-cc68-11e7-b012-94de807a9669','Realty'),('72f369ed-cc89-11e7-b012-94de807a9669','a508e29b-a2fc-4e49-8f1c-29ca37a522af','e0bcd771-cc68-11e7-b012-94de807a9669','fd1cd34e-cbcf-11e7-97a3-94de807a9669'),('72f3a08d-cc89-11e7-b012-94de807a9669','a508e29b-a2fc-4e49-8f1c-29ca37a522af','e0bcd771-cc68-11e7-b012-94de807a9669','fd155db0-cbcf-11e7-97a3-94de807a9669'),('73f2023d-cc86-11e7-b012-94de807a9669','7c0e663a-65a1-40d0-b2cc-9143212e5dfe','861212ce-cc68-11e7-b012-94de807a9669','MEN_SHOES'),('73f4f81b-cc86-11e7-b012-94de807a9669','7c0e663a-65a1-40d0-b2cc-9143212e5dfe','77453fa6-cc68-11e7-b012-94de807a9669','Fashion'),('73f59d98-cc86-11e7-b012-94de807a9669','7c0e663a-65a1-40d0-b2cc-9143212e5dfe','e0bcd771-cc68-11e7-b012-94de807a9669','fcae6055-cbcf-11e7-97a3-94de807a9669'),('73f66ab0-cc86-11e7-b012-94de807a9669','7c0e663a-65a1-40d0-b2cc-9143212e5dfe','e0bcd771-cc68-11e7-b012-94de807a9669','fcb5c185-cbcf-11e7-97a3-94de807a9669'),('73f780b7-cc86-11e7-b012-94de807a9669','7c0e663a-65a1-40d0-b2cc-9143212e5dfe','e0bcd771-cc68-11e7-b012-94de807a9669','fcd7dc6a-cbcf-11e7-97a3-94de807a9669'),('73f7de6d-cc86-11e7-b012-94de807a9669','7c0e663a-65a1-40d0-b2cc-9143212e5dfe','e0bcd771-cc68-11e7-b012-94de807a9669','fcce6802-cbcf-11e7-97a3-94de807a9669'),('7816d19d-83f8-4dd2-9f73-09fbce72e97b','372317a0-b54f-4790-aced-f29f66badc62','77453fa6-cc68-11e7-b012-94de807a9669','Technics'),('8146b01c-d313-4a0e-8167-6dcd0531b1e6','6f131dd7-ba36-4e33-b823-f94a627589b6','fd3ddaa2-cbcf-11e7-97a3-94de807a9669',''),('89e63d9e-cbd8-11e7-97a3-94de807a9669','940366f5-8431-4909-a9f4-f020f9aac8fe','fd87f935-cbcf-11e7-97a3-94de807a9669','PHONES'),('89e6ae39-cbd8-11e7-97a3-94de807a9669','940366f5-8431-4909-a9f4-f020f9aac8fe','fcae6055-cbcf-11e7-97a3-94de807a9669','Новый'),('89e6e0ed-cbd8-11e7-97a3-94de807a9669','940366f5-8431-4909-a9f4-f020f9aac8fe','fcdbbf28-cbcf-11e7-97a3-94de807a9669','Лопата'),('89e74ff1-cbd8-11e7-97a3-94de807a9669','940366f5-8431-4909-a9f4-f020f9aac8fe','fd377038-cbcf-11e7-97a3-94de807a9669','Huawei P8 max'),('89e783be-cbd8-11e7-97a3-94de807a9669','940366f5-8431-4909-a9f4-f020f9aac8fe','fd3ddaa2-cbcf-11e7-97a3-94de807a9669','6.8'),('89e7b498-cbd8-11e7-97a3-94de807a9669','940366f5-8431-4909-a9f4-f020f9aac8fe','fd80811d-cbcf-11e7-97a3-94de807a9669','300 BYN'),('89e80cd9-cbd8-11e7-97a3-94de807a9669','940366f5-8431-4909-a9f4-f020f9aac8fe','fd846366-cbcf-11e7-97a3-94de807a9669','a7ffe52a-2361-475b-a994-363f3566a0c5'),('8a5204a2-68e1-4da5-9953-e11ca645445a','f2caf274-e905-4aaa-94c6-bd871dacf473','77453fa6-cc68-11e7-b012-94de807a9669','Fashion'),('8a9e47d5-cc8a-11e7-b012-94de807a9669','d052c832-eff4-41e2-a703-957a680b5948','861212ce-cc68-11e7-b012-94de807a9669','CARS'),('8a9e9ecc-cc8a-11e7-b012-94de807a9669','d052c832-eff4-41e2-a703-957a680b5948','77453fa6-cc68-11e7-b012-94de807a9669','Auto'),('8a9ecb16-cc8a-11e7-b012-94de807a9669','d052c832-eff4-41e2-a703-957a680b5948','e0bcd771-cc68-11e7-b012-94de807a9669','fd377038-cbcf-11e7-97a3-94de807a9669'),('8a9f1e2a-cc8a-11e7-b012-94de807a9669','d052c832-eff4-41e2-a703-957a680b5948','e0bcd771-cc68-11e7-b012-94de807a9669','fd4dc016-cbcf-11e7-97a3-94de807a9669'),('8a9f5332-cc8a-11e7-b012-94de807a9669','d052c832-eff4-41e2-a703-957a680b5948','e0bcd771-cc68-11e7-b012-94de807a9669','fd50b9f6-cbcf-11e7-97a3-94de807a9669'),('8a9f8339-cc8a-11e7-b012-94de807a9669','d052c832-eff4-41e2-a703-957a680b5948','e0bcd771-cc68-11e7-b012-94de807a9669','fd5400b1-cbcf-11e7-97a3-94de807a9669'),('8a9fad11-cc8a-11e7-b012-94de807a9669','d052c832-eff4-41e2-a703-957a680b5948','e0bcd771-cc68-11e7-b012-94de807a9669','fd5721bd-cbcf-11e7-97a3-94de807a9669'),('8a9fd9e9-cc8a-11e7-b012-94de807a9669','d052c832-eff4-41e2-a703-957a680b5948','e0bcd771-cc68-11e7-b012-94de807a9669','fd5a585b-cbcf-11e7-97a3-94de807a9669'),('8aa009f7-cc8a-11e7-b012-94de807a9669','d052c832-eff4-41e2-a703-957a680b5948','e0bcd771-cc68-11e7-b012-94de807a9669','fd5d644f-cbcf-11e7-97a3-94de807a9669'),('8bd697a0-cc89-11e7-b012-94de807a9669','9283ad0d-37a5-4d4e-98c3-02f31e5c7b55','861212ce-cc68-11e7-b012-94de807a9669','HOMESTEAD'),('8bd6f53c-cc89-11e7-b012-94de807a9669','9283ad0d-37a5-4d4e-98c3-02f31e5c7b55','77453fa6-cc68-11e7-b012-94de807a9669','Realty'),('8bd74209-cc89-11e7-b012-94de807a9669','9283ad0d-37a5-4d4e-98c3-02f31e5c7b55','e0bcd771-cc68-11e7-b012-94de807a9669','fd1fffff-cbcf-11e7-97a3-94de807a9669'),('8bd79c03-cc89-11e7-b012-94de807a9669','9283ad0d-37a5-4d4e-98c3-02f31e5c7b55','e0bcd771-cc68-11e7-b012-94de807a9669','fd235de6-cbcf-11e7-97a3-94de807a9669'),('90c60aab-cbd9-11e7-97a3-94de807a9669','34201e4c-efc3-44d6-bf84-b7b1e7ebfe68','fd8fc8a5-cbcf-11e7-97a3-94de807a9669','7'),('90c65449-cbd9-11e7-97a3-94de807a9669','34201e4c-efc3-44d6-bf84-b7b1e7ebfe68','fd93b41b-cbcf-11e7-97a3-94de807a9669','Петров Петр Петрович'),('90c8bf62-cbd9-11e7-97a3-94de807a9669','34201e4c-efc3-44d6-bf84-b7b1e7ebfe68','fd97346f-cbcf-11e7-97a3-94de807a9669','М'),('90c91314-cbd9-11e7-97a3-94de807a9669','34201e4c-efc3-44d6-bf84-b7b1e7ebfe68','fd9c98fa-cbcf-11e7-97a3-94de807a9669','345-91-19'),('90c97053-cbd9-11e7-97a3-94de807a9669','34201e4c-efc3-44d6-bf84-b7b1e7ebfe68','fda0bbe9-cbcf-11e7-97a3-94de807a9669','18.01.1990'),('90ca7097-cbd9-11e7-97a3-94de807a9669','34201e4c-efc3-44d6-bf84-b7b1e7ebfe68','fda621dc-cbcf-11e7-97a3-94de807a9669','tnya@mail.ru'),('90d76842-cbd9-11e7-97a3-94de807a9669','34201e4c-efc3-44d6-bf84-b7b1e7ebfe68','fdad14d4-cbcf-11e7-97a3-94de807a9669','г. Борисов'),('94ba9ecd-cc88-11e7-b012-94de807a9669','e6d19511-c01f-4c2f-8bda-b4e7a545c984','861212ce-cc68-11e7-b012-94de807a9669','INDOOR_PLANTS'),('94bc6dd0-cc88-11e7-b012-94de807a9669','e6d19511-c01f-4c2f-8bda-b4e7a545c984','77453fa6-cc68-11e7-b012-94de807a9669','House'),('94bef78d-cc88-11e7-b012-94de807a9669','e6d19511-c01f-4c2f-8bda-b4e7a545c984','e0bcd771-cc68-11e7-b012-94de807a9669','fce89f0e-cbcf-11e7-97a3-94de807a9669'),('9577562f-cbd5-11e7-97a3-94de807a9669','38d74a9d-be6d-4abd-987d-445648c43882','fd87f935-cbcf-11e7-97a3-94de807a9669','MEN_CLOTHING'),('95778c97-cbd5-11e7-97a3-94de807a9669','38d74a9d-be6d-4abd-987d-445648c43882','fcce6802-cbcf-11e7-97a3-94de807a9669','35'),('95a2ce35-cbd5-11e7-97a3-94de807a9669','38d74a9d-be6d-4abd-987d-445648c43882','fcae6055-cbcf-11e7-97a3-94de807a9669','Новое'),('95a33b36-cbd5-11e7-97a3-94de807a9669','38d74a9d-be6d-4abd-987d-445648c43882','fcb5c185-cbcf-11e7-97a3-94de807a9669','Лето'),('95a39585-cbd5-11e7-97a3-94de807a9669','38d74a9d-be6d-4abd-987d-445648c43882','fd80811d-cbcf-11e7-97a3-94de807a9669','35 BYN'),('95a58ce7-cbd5-11e7-97a3-94de807a9669','38d74a9d-be6d-4abd-987d-445648c43882','fcbcd3df-cbcf-11e7-97a3-94de807a9669','Майка'),('95a5c43b-cbd5-11e7-97a3-94de807a9669','38d74a9d-be6d-4abd-987d-445648c43882','fd846366-cbcf-11e7-97a3-94de807a9669','34201e4c-efc3-44d6-bf84-b7b1e7ebfe68'),('97907be3-cc8b-11e7-b012-94de807a9669','0a9368fe-7202-418f-a321-3322304a5df8','861212ce-cc68-11e7-b012-94de807a9669','GREENHOUSES'),('9790bd56-cc8b-11e7-b012-94de807a9669','0a9368fe-7202-418f-a321-3322304a5df8','77453fa6-cc68-11e7-b012-94de807a9669','Garden'),('9790fe0f-cc8b-11e7-b012-94de807a9669','0a9368fe-7202-418f-a321-3322304a5df8','e0bcd771-cc68-11e7-b012-94de807a9669','fcae6055-cbcf-11e7-97a3-94de807a9669'),('9792293f-cc8b-11e7-b012-94de807a9669','0a9368fe-7202-418f-a321-3322304a5df8','e0bcd771-cc68-11e7-b012-94de807a9669','fd6518de-cbcf-11e7-97a3-94de807a9669'),('97928928-cc8b-11e7-b012-94de807a9669','0a9368fe-7202-418f-a321-3322304a5df8','e0bcd771-cc68-11e7-b012-94de807a9669','fd6861aa-cbcf-11e7-97a3-94de807a9669'),('9792bf51-cc8b-11e7-b012-94de807a9669','0a9368fe-7202-418f-a321-3322304a5df8','e0bcd771-cc68-11e7-b012-94de807a9669','fce89f0e-cbcf-11e7-97a3-94de807a9669'),('98d8714d-dba0-4c13-ba5b-6e82f4d51bb9','f2caf274-e905-4aaa-94c6-bd871dacf473','fcae6055-cbcf-11e7-97a3-94de807a9669','TEST'),('abf416ec-cc8d-11e7-b012-94de807a9669','62e02f5a-546e-4981-8305-4a0ebac9d923','fdc02d2a-cbcf-11e7-97a3-94de807a9669','c7666bf3-4f41-487e-abbc-d70f7860c0ec'),('abfdcfd0-cc8d-11e7-b012-94de807a9669','62e02f5a-546e-4981-8305-4a0ebac9d923','fdc55704-cbcf-11e7-97a3-94de807a9669','f0a486cf-ae13-4e54-b1d6-a699a2aa8206'),('adcd664f-cbd8-11e7-97a3-94de807a9669','19f71a58-03f5-4083-a4c0-76264751ebcc','fd87f935-cbcf-11e7-97a3-94de807a9669','PHONES'),('adcddad2-cbd8-11e7-97a3-94de807a9669','19f71a58-03f5-4083-a4c0-76264751ebcc','fcae6055-cbcf-11e7-97a3-94de807a9669','Отличное'),('adce135d-cbd8-11e7-97a3-94de807a9669','19f71a58-03f5-4083-a4c0-76264751ebcc','fcdbbf28-cbcf-11e7-97a3-94de807a9669','Бомба'),('adce50b1-cbd8-11e7-97a3-94de807a9669','19f71a58-03f5-4083-a4c0-76264751ebcc','fd377038-cbcf-11e7-97a3-94de807a9669','Samsung Galaxy Note7'),('adce83c1-cbd8-11e7-97a3-94de807a9669','19f71a58-03f5-4083-a4c0-76264751ebcc','fd3ddaa2-cbcf-11e7-97a3-94de807a9669','5.7'),('adcebcf8-cbd8-11e7-97a3-94de807a9669','19f71a58-03f5-4083-a4c0-76264751ebcc','fd80811d-cbcf-11e7-97a3-94de807a9669','750 BYN'),('adcf55f6-cbd8-11e7-97a3-94de807a9669','19f71a58-03f5-4083-a4c0-76264751ebcc','fd846366-cbcf-11e7-97a3-94de807a9669','a7ffe52a-2361-475b-a994-363f3566a0c5'),('b3fcbb36-2619-44c7-ab98-782349d3e0a9','f2caf274-e905-4aaa-94c6-bd871dacf473','fd8c09c4-cbcf-11e7-97a3-94de807a9669','Fashion'),('b40e0a9d-cc89-11e7-b012-94de807a9669','965dc5c4-ea31-4baf-9f9a-947abb279c99','861212ce-cc68-11e7-b012-94de807a9669','AUDIO'),('b40e5457-cc89-11e7-b012-94de807a9669','965dc5c4-ea31-4baf-9f9a-947abb279c99','77453fa6-cc68-11e7-b012-94de807a9669','Technics'),('b40e9eff-cc89-11e7-b012-94de807a9669','965dc5c4-ea31-4baf-9f9a-947abb279c99','e0bcd771-cc68-11e7-b012-94de807a9669','fcae6055-cbcf-11e7-97a3-94de807a9669'),('b40edaee-cc89-11e7-b012-94de807a9669','965dc5c4-ea31-4baf-9f9a-947abb279c99','e0bcd771-cc68-11e7-b012-94de807a9669','fd27a0f1-cbcf-11e7-97a3-94de807a9669'),('b40f10df-cc89-11e7-b012-94de807a9669','965dc5c4-ea31-4baf-9f9a-947abb279c99','e0bcd771-cc68-11e7-b012-94de807a9669','fcdbbf28-cbcf-11e7-97a3-94de807a9669'),('b5aaf3d4-cc85-11e7-b012-94de807a9669','06786403-44cc-46dc-a4ab-99fd03c4d254','861212ce-cc68-11e7-b012-94de807a9669','MEN_CLOTHING'),('b5ad7d78-cc85-11e7-b012-94de807a9669','06786403-44cc-46dc-a4ab-99fd03c4d254','77453fa6-cc68-11e7-b012-94de807a9669','Fashion'),('b5adbf7d-cc85-11e7-b012-94de807a9669','06786403-44cc-46dc-a4ab-99fd03c4d254','e0bcd771-cc68-11e7-b012-94de807a9669','fcae6055-cbcf-11e7-97a3-94de807a9669'),('b5ae56ce-cc85-11e7-b012-94de807a9669','06786403-44cc-46dc-a4ab-99fd03c4d254','e0bcd771-cc68-11e7-b012-94de807a9669','fcb5c185-cbcf-11e7-97a3-94de807a9669'),('b5ae90dc-cc85-11e7-b012-94de807a9669','06786403-44cc-46dc-a4ab-99fd03c4d254','e0bcd771-cc68-11e7-b012-94de807a9669','fcbcd3df-cbcf-11e7-97a3-94de807a9669'),('b5aef116-cc85-11e7-b012-94de807a9669','06786403-44cc-46dc-a4ab-99fd03c4d254','e0bcd771-cc68-11e7-b012-94de807a9669','fcce6802-cbcf-11e7-97a3-94de807a9669'),('b7b3e0ee-cc8a-11e7-b012-94de807a9669','1e9bfb7c-507a-4c16-af87-e21a9ba46f95','861212ce-cc68-11e7-b012-94de807a9669','MOTORCYCLES'),('b7b42774-cc8a-11e7-b012-94de807a9669','1e9bfb7c-507a-4c16-af87-e21a9ba46f95','77453fa6-cc68-11e7-b012-94de807a9669','Auto'),('b7b460fa-cc8a-11e7-b012-94de807a9669','1e9bfb7c-507a-4c16-af87-e21a9ba46f95','e0bcd771-cc68-11e7-b012-94de807a9669','fd377038-cbcf-11e7-97a3-94de807a9669'),('b7c5b4a2-cc8a-11e7-b012-94de807a9669','1e9bfb7c-507a-4c16-af87-e21a9ba46f95','e0bcd771-cc68-11e7-b012-94de807a9669','fd50b9f6-cbcf-11e7-97a3-94de807a9669'),('b7c5ec4a-cc8a-11e7-b012-94de807a9669','1e9bfb7c-507a-4c16-af87-e21a9ba46f95','e0bcd771-cc68-11e7-b012-94de807a9669','fd5400b1-cbcf-11e7-97a3-94de807a9669'),('b7c61ab5-cc8a-11e7-b012-94de807a9669','1e9bfb7c-507a-4c16-af87-e21a9ba46f95','e0bcd771-cc68-11e7-b012-94de807a9669','fd5d644f-cbcf-11e7-97a3-94de807a9669'),('b95dc9a2-cc8b-11e7-b012-94de807a9669','27a5b7a9-9e36-447f-8938-daa8487b7b14','861212ce-cc68-11e7-b012-94de807a9669','FERTILIZERS'),('b966d688-cc8b-11e7-b012-94de807a9669','27a5b7a9-9e36-447f-8938-daa8487b7b14','77453fa6-cc68-11e7-b012-94de807a9669','Garden'),('b9676347-cc8b-11e7-b012-94de807a9669','27a5b7a9-9e36-447f-8938-daa8487b7b14','e0bcd771-cc68-11e7-b012-94de807a9669','fd6c28e2-cbcf-11e7-97a3-94de807a9669'),('ba942fdb-cc8d-11e7-b012-94de807a9669','a4d37f44-8da7-44e0-932e-a29d113f36c9','fdc02d2a-cbcf-11e7-97a3-94de807a9669','27163d1c-039a-4a8a-8691-fe6f5d6e0314'),('ba94a02d-cc8d-11e7-b012-94de807a9669','a4d37f44-8da7-44e0-932e-a29d113f36c9','fdc55704-cbcf-11e7-97a3-94de807a9669','f0a486cf-ae13-4e54-b1d6-a699a2aa8206'),('bb868539-cbd6-11e7-97a3-94de807a9669','67dd8bff-1e04-40c1-913a-39cabcdef57c','fd87f935-cbcf-11e7-97a3-94de807a9669','WOMEN_CLOTHING'),('bb86ba40-cbd6-11e7-97a3-94de807a9669','67dd8bff-1e04-40c1-913a-39cabcdef57c','fcce6802-cbcf-11e7-97a3-94de807a9669','24'),('bb8723fc-cbd6-11e7-97a3-94de807a9669','67dd8bff-1e04-40c1-913a-39cabcdef57c','fcae6055-cbcf-11e7-97a3-94de807a9669','Отличное'),('bb99d240-cbd6-11e7-97a3-94de807a9669','67dd8bff-1e04-40c1-913a-39cabcdef57c','fcb5c185-cbcf-11e7-97a3-94de807a9669','Круглый год'),('bb9a0574-cbd6-11e7-97a3-94de807a9669','67dd8bff-1e04-40c1-913a-39cabcdef57c','fd80811d-cbcf-11e7-97a3-94de807a9669','500 BYN'),('bb9a3761-cbd6-11e7-97a3-94de807a9669','67dd8bff-1e04-40c1-913a-39cabcdef57c','fcbcd3df-cbcf-11e7-97a3-94de807a9669','Блузка'),('bb9ba486-cbd6-11e7-97a3-94de807a9669','67dd8bff-1e04-40c1-913a-39cabcdef57c','fd846366-cbcf-11e7-97a3-94de807a9669','c7666bf3-4f41-487e-abbc-d70f7860c0ec'),('bd4e9002-cbd9-11e7-97a3-94de807a9669','62f75f36-1898-4fbb-85c0-e87c47132192','fd8fc8a5-cbcf-11e7-97a3-94de807a9669','8'),('bd5f57ec-cbd9-11e7-97a3-94de807a9669','62f75f36-1898-4fbb-85c0-e87c47132192','fd93b41b-cbcf-11e7-97a3-94de807a9669','Навальная Надежда Надеждовна'),('bd703063-cbd9-11e7-97a3-94de807a9669','62f75f36-1898-4fbb-85c0-e87c47132192','fd97346f-cbcf-11e7-97a3-94de807a9669','Ж'),('bd705d2f-cbd9-11e7-97a3-94de807a9669','62f75f36-1898-4fbb-85c0-e87c47132192','fd9c98fa-cbcf-11e7-97a3-94de807a9669','066-33-22'),('bd708d0f-cbd9-11e7-97a3-94de807a9669','62f75f36-1898-4fbb-85c0-e87c47132192','fda0bbe9-cbcf-11e7-97a3-94de807a9669','13.05.1994'),('bd70bdd6-cbd9-11e7-97a3-94de807a9669','62f75f36-1898-4fbb-85c0-e87c47132192','fda621dc-cbcf-11e7-97a3-94de807a9669','nadya@gmail.by'),('bd70e5d3-cbd9-11e7-97a3-94de807a9669','62f75f36-1898-4fbb-85c0-e87c47132192','fdad14d4-cbcf-11e7-97a3-94de807a9669','д. Старинки'),('bf925f81-de49-47e4-a2f2-822e5082190d','6f131dd7-ba36-4e33-b823-f94a627589b6','fcbcd3df-cbcf-11e7-97a3-94de807a9669','Юбка'),('c392acd7-cc8b-11e7-b012-94de807a9669','27b04212-eeb6-4596-869d-934c1f7f73ba','861212ce-cc68-11e7-b012-94de807a9669','SEEDS'),('c392ff0b-cc8b-11e7-b012-94de807a9669','27b04212-eeb6-4596-869d-934c1f7f73ba','77453fa6-cc68-11e7-b012-94de807a9669','Garden'),('c39331f1-cc8b-11e7-b012-94de807a9669','27b04212-eeb6-4596-869d-934c1f7f73ba','e0bcd771-cc68-11e7-b012-94de807a9669','fd6ff160-cbcf-11e7-97a3-94de807a9669'),('c4909ef4-bf46-4ec0-8a0b-c3bd3f5fb51f','6f131dd7-ba36-4e33-b823-f94a627589b6','fcdbbf28-cbcf-11e7-97a3-94de807a9669',''),('cc1330f1-cc88-11e7-b012-94de807a9669','9ff6d92d-a237-4763-b99c-7757ccb02f3d','861212ce-cc68-11e7-b012-94de807a9669','HOUSEHOLD_APPLIANCES'),('cc138ec2-cc88-11e7-b012-94de807a9669','9ff6d92d-a237-4763-b99c-7757ccb02f3d','77453fa6-cc68-11e7-b012-94de807a9669','House'),('cc13c022-cc88-11e7-b012-94de807a9669','9ff6d92d-a237-4763-b99c-7757ccb02f3d','e0bcd771-cc68-11e7-b012-94de807a9669','fcae6055-cbcf-11e7-97a3-94de807a9669'),('cc1403cd-cc88-11e7-b012-94de807a9669','9ff6d92d-a237-4763-b99c-7757ccb02f3d','e0bcd771-cc68-11e7-b012-94de807a9669','fcdbbf28-cbcf-11e7-97a3-94de807a9669'),('cc144171-cc88-11e7-b012-94de807a9669','9ff6d92d-a237-4763-b99c-7757ccb02f3d','e0bcd771-cc68-11e7-b012-94de807a9669','fceef8d5-cbcf-11e7-97a3-94de807a9669'),('cc33ec16-cc88-11e7-b012-94de807a9669','9ff6d92d-a237-4763-b99c-7757ccb02f3d','e0bcd771-cc68-11e7-b012-94de807a9669','fce58ea3-cbcf-11e7-97a3-94de807a9669'),('cc861a0d-cc89-11e7-b012-94de807a9669','eefa1565-88d6-4b93-9827-41306c3bfa57','861212ce-cc68-11e7-b012-94de807a9669','TV_AND_VIDEO'),('cc92cbb6-cc89-11e7-b012-94de807a9669','eefa1565-88d6-4b93-9827-41306c3bfa57','77453fa6-cc68-11e7-b012-94de807a9669','Technics'),('cc930048-cc89-11e7-b012-94de807a9669','eefa1565-88d6-4b93-9827-41306c3bfa57','e0bcd771-cc68-11e7-b012-94de807a9669','fcae6055-cbcf-11e7-97a3-94de807a9669'),('cc934725-cc89-11e7-b012-94de807a9669','eefa1565-88d6-4b93-9827-41306c3bfa57','e0bcd771-cc68-11e7-b012-94de807a9669','fcdbbf28-cbcf-11e7-97a3-94de807a9669'),('cc937c52-cc89-11e7-b012-94de807a9669','eefa1565-88d6-4b93-9827-41306c3bfa57','e0bcd771-cc68-11e7-b012-94de807a9669','fd2ac67b-cbcf-11e7-97a3-94de807a9669'),('cc93ae28-cc89-11e7-b012-94de807a9669','eefa1565-88d6-4b93-9827-41306c3bfa57','e0bcd771-cc68-11e7-b012-94de807a9669','fd27a0f1-cbcf-11e7-97a3-94de807a9669'),('cd220d4f-cbd8-11e7-97a3-94de807a9669','92610549-70d7-49f3-baf6-da0a28d3338d','fd87f935-cbcf-11e7-97a3-94de807a9669','PHONES'),('cd224b48-cbd8-11e7-97a3-94de807a9669','92610549-70d7-49f3-baf6-da0a28d3338d','fcae6055-cbcf-11e7-97a3-94de807a9669','Работает'),('cd228a4f-cbd8-11e7-97a3-94de807a9669','92610549-70d7-49f3-baf6-da0a28d3338d','fcdbbf28-cbcf-11e7-97a3-94de807a9669','Обычный'),('cd307a40-cbd8-11e7-97a3-94de807a9669','92610549-70d7-49f3-baf6-da0a28d3338d','fd377038-cbcf-11e7-97a3-94de807a9669','LG G2 mini'),('cd30b97e-cbd8-11e7-97a3-94de807a9669','92610549-70d7-49f3-baf6-da0a28d3338d','fd3ddaa2-cbcf-11e7-97a3-94de807a9669','4.7'),('cd30ebe4-cbd8-11e7-97a3-94de807a9669','92610549-70d7-49f3-baf6-da0a28d3338d','fd80811d-cbcf-11e7-97a3-94de807a9669','200 BYN'),('cd311ade-cbd8-11e7-97a3-94de807a9669','92610549-70d7-49f3-baf6-da0a28d3338d','fd846366-cbcf-11e7-97a3-94de807a9669','12185792-5469-463b-bb2a-620546fd99df'),('cd560c39-cc8d-11e7-b012-94de807a9669','2d673a75-3776-447e-96af-9fd14cbea68c','fdc02d2a-cbcf-11e7-97a3-94de807a9669','c7666bf3-4f41-487e-abbc-d70f7860c0ec'),('cd56e06c-cc8d-11e7-b012-94de807a9669','2d673a75-3776-447e-96af-9fd14cbea68c','fdc55704-cbcf-11e7-97a3-94de807a9669','ff4ba7bc-167c-43a8-9a6d-ba2fa7021e4c'),('cef847b6-cc86-11e7-b012-94de807a9669','38bf1e48-10d1-43d2-a9c4-cdf417aaef37','861212ce-cc68-11e7-b012-94de807a9669','WOMEN_SHOES'),('cefa67b3-cc86-11e7-b012-94de807a9669','38bf1e48-10d1-43d2-a9c4-cdf417aaef37','77453fa6-cc68-11e7-b012-94de807a9669','Fashion'),('cefacced-cc86-11e7-b012-94de807a9669','38bf1e48-10d1-43d2-a9c4-cdf417aaef37','e0bcd771-cc68-11e7-b012-94de807a9669','fcae6055-cbcf-11e7-97a3-94de807a9669'),('cefb228b-cc86-11e7-b012-94de807a9669','38bf1e48-10d1-43d2-a9c4-cdf417aaef37','e0bcd771-cc68-11e7-b012-94de807a9669','fcb5c185-cbcf-11e7-97a3-94de807a9669'),('cefba459-cc86-11e7-b012-94de807a9669','38bf1e48-10d1-43d2-a9c4-cdf417aaef37','e0bcd771-cc68-11e7-b012-94de807a9669','fcd7dc6a-cbcf-11e7-97a3-94de807a9669'),('cefbe8f7-cc86-11e7-b012-94de807a9669','38bf1e48-10d1-43d2-a9c4-cdf417aaef37','e0bcd771-cc68-11e7-b012-94de807a9669','fcce6802-cbcf-11e7-97a3-94de807a9669'),('cfacf6f4-cc8a-11e7-b012-94de807a9669','f12c42ef-9a37-4479-b829-78c18e25ef77','861212ce-cc68-11e7-b012-94de807a9669','TRACTORS_AND_AGRICULTURAL_MACHINERY'),('cfb7c3a9-cc8a-11e7-b012-94de807a9669','f12c42ef-9a37-4479-b829-78c18e25ef77','77453fa6-cc68-11e7-b012-94de807a9669','Auto'),('cfb7fcd3-cc8a-11e7-b012-94de807a9669','f12c42ef-9a37-4479-b829-78c18e25ef77','e0bcd771-cc68-11e7-b012-94de807a9669','fcdbbf28-cbcf-11e7-97a3-94de807a9669'),('cfb829b0-cc8a-11e7-b012-94de807a9669','f12c42ef-9a37-4479-b829-78c18e25ef77','e0bcd771-cc68-11e7-b012-94de807a9669','fd50b9f6-cbcf-11e7-97a3-94de807a9669'),('cfb85b44-cc8a-11e7-b012-94de807a9669','f12c42ef-9a37-4479-b829-78c18e25ef77','e0bcd771-cc68-11e7-b012-94de807a9669','fcae6055-cbcf-11e7-97a3-94de807a9669'),('d2c9aedb-cc8d-11e7-b012-94de807a9669','a69f9c28-0508-4b2e-aa59-a3173480589a','fdc02d2a-cbcf-11e7-97a3-94de807a9669','c7666bf3-4f41-487e-abbc-d70f7860c0ec'),('d2c9ecd1-cc8d-11e7-b012-94de807a9669','a69f9c28-0508-4b2e-aa59-a3173480589a','fdc55704-cbcf-11e7-97a3-94de807a9669','bdf6980e-a2d5-4ccb-add4-7a394de8ce8c'),('d44c4f79-4a6b-4125-b76e-05b42c1bcb84','6f131dd7-ba36-4e33-b823-f94a627589b6','fd87f935-cbcf-11e7-97a3-94de807a9669','PHONES'),('d701d725-cbd7-11e7-97a3-94de807a9669','1022f51d-461a-4414-a972-369be658a018','fd87f935-cbcf-11e7-97a3-94de807a9669','APARTMENTS'),('d7020fd6-cbd7-11e7-97a3-94de807a9669','1022f51d-461a-4414-a972-369be658a018','fcf27cb8-cbcf-11e7-97a3-94de807a9669','1'),('d7024e13-cbd7-11e7-97a3-94de807a9669','1022f51d-461a-4414-a972-369be658a018','fcfd9280-cbcf-11e7-97a3-94de807a9669','50 кв.м.'),('d702c4a6-cbd7-11e7-97a3-94de807a9669','1022f51d-461a-4414-a972-369be658a018','fd033b20-cbcf-11e7-97a3-94de807a9669','5'),('d7031940-cbd7-11e7-97a3-94de807a9669','1022f51d-461a-4414-a972-369be658a018','fcae6055-cbcf-11e7-97a3-94de807a9669','После ремонта'),('d732c4c7-cbd7-11e7-97a3-94de807a9669','1022f51d-461a-4414-a972-369be658a018','fd076387-cbcf-11e7-97a3-94de807a9669','2016'),('d733119b-cbd7-11e7-97a3-94de807a9669','1022f51d-461a-4414-a972-369be658a018','fd80811d-cbcf-11e7-97a3-94de807a9669','50000 BYN'),('d73391e8-cbd7-11e7-97a3-94de807a9669','1022f51d-461a-4414-a972-369be658a018','fd846366-cbcf-11e7-97a3-94de807a9669','c7666bf3-4f41-487e-abbc-d70f7860c0ec'),('d82bfd1a-55af-4d1a-bddb-653ecdfb4123','f2caf274-e905-4aaa-94c6-bd871dacf473','fd846366-cbcf-11e7-97a3-94de807a9669','TEST'),('df0b6c65-8004-49a3-95f5-9b226338f259','f2caf274-e905-4aaa-94c6-bd871dacf473','fcce6802-cbcf-11e7-97a3-94de807a9669','TEST'),('e040d08c-cc8c-11e7-b012-94de807a9669','905ff8aa-6bd1-47f0-8d8b-7d7055475748','fdb0ebf0-cbcf-11e7-97a3-94de807a9669','Some good comment'),('e04863e6-cc8c-11e7-b012-94de807a9669','905ff8aa-6bd1-47f0-8d8b-7d7055475748','fdb4da4b-cbcf-11e7-97a3-94de807a9669','c7666bf3-4f41-487e-abbc-d70f7860c0ec'),('e0489954-cc8c-11e7-b012-94de807a9669','905ff8aa-6bd1-47f0-8d8b-7d7055475748','fdb85110-cbcf-11e7-97a3-94de807a9669','27163d1c-039a-4a8a-8691-fe6f5d6e0314'),('e164f372-cc8b-11e7-b012-94de807a9669','ed8267ac-a12c-4c88-8c5f-c9fe41218de4','861212ce-cc68-11e7-b012-94de807a9669','GARDEN_MACHINERY_AND_EQUIPMENT'),('e1653a5e-cc8b-11e7-b012-94de807a9669','ed8267ac-a12c-4c88-8c5f-c9fe41218de4','77453fa6-cc68-11e7-b012-94de807a9669','Garden'),('e1657ed3-cc8b-11e7-b012-94de807a9669','ed8267ac-a12c-4c88-8c5f-c9fe41218de4','e0bcd771-cc68-11e7-b012-94de807a9669','fcdbbf28-cbcf-11e7-97a3-94de807a9669'),('e1661e13-cc8b-11e7-b012-94de807a9669','ed8267ac-a12c-4c88-8c5f-c9fe41218de4','e0bcd771-cc68-11e7-b012-94de807a9669','fcae6055-cbcf-11e7-97a3-94de807a9669'),('e1665aa5-cc8b-11e7-b012-94de807a9669','ed8267ac-a12c-4c88-8c5f-c9fe41218de4','e0bcd771-cc68-11e7-b012-94de807a9669','fd74ca4d-cbcf-11e7-97a3-94de807a9669'),('e1fe7b1d-cbd6-11e7-97a3-94de807a9669','25b6afa2-a627-4af2-95eb-a0aca68089b3','fd87f935-cbcf-11e7-97a3-94de807a9669','WOMEN_CLOTHING'),('e1fef08e-cbd6-11e7-97a3-94de807a9669','25b6afa2-a627-4af2-95eb-a0aca68089b3','fcce6802-cbcf-11e7-97a3-94de807a9669','Маленький'),('e1ff9eb6-cbd6-11e7-97a3-94de807a9669','25b6afa2-a627-4af2-95eb-a0aca68089b3','fcae6055-cbcf-11e7-97a3-94de807a9669','Прекрасное'),('e22766f6-cbd6-11e7-97a3-94de807a9669','25b6afa2-a627-4af2-95eb-a0aca68089b3','fcb5c185-cbcf-11e7-97a3-94de807a9669','Зима'),('e228066e-cbd6-11e7-97a3-94de807a9669','25b6afa2-a627-4af2-95eb-a0aca68089b3','fd80811d-cbcf-11e7-97a3-94de807a9669','13 BYN'),('e2288ac7-cbd6-11e7-97a3-94de807a9669','25b6afa2-a627-4af2-95eb-a0aca68089b3','fcbcd3df-cbcf-11e7-97a3-94de807a9669','Юбка'),('e228ce19-cbd6-11e7-97a3-94de807a9669','25b6afa2-a627-4af2-95eb-a0aca68089b3','fd846366-cbcf-11e7-97a3-94de807a9669','62f75f36-1898-4fbb-85c0-e87c47132192'),('e3d9f5b5-cbd9-11e7-97a3-94de807a9669','a7ffe52a-2361-475b-a994-363f3566a0c5','fd8fc8a5-cbcf-11e7-97a3-94de807a9669','9'),('e3da3796-cbd9-11e7-97a3-94de807a9669','a7ffe52a-2361-475b-a994-363f3566a0c5','fd93b41b-cbcf-11e7-97a3-94de807a9669','Сидоров Алекс'),('e3da6da5-cbd9-11e7-97a3-94de807a9669','a7ffe52a-2361-475b-a994-363f3566a0c5','fd97346f-cbcf-11e7-97a3-94de807a9669','М'),('e3daa0fd-cbd9-11e7-97a3-94de807a9669','a7ffe52a-2361-475b-a994-363f3566a0c5','fd9c98fa-cbcf-11e7-97a3-94de807a9669','333-666-0'),('e3dae1b4-cbd9-11e7-97a3-94de807a9669','a7ffe52a-2361-475b-a994-363f3566a0c5','fda0bbe9-cbcf-11e7-97a3-94de807a9669','01.01.1961'),('e3db1891-cbd9-11e7-97a3-94de807a9669','a7ffe52a-2361-475b-a994-363f3566a0c5','fda621dc-cbcf-11e7-97a3-94de807a9669','bmw@x.xxx'),('e3f3dfd4-cbd9-11e7-97a3-94de807a9669','a7ffe52a-2361-475b-a994-363f3566a0c5','fdad14d4-cbcf-11e7-97a3-94de807a9669','г. Нью-Йорк'),('ec39cc70-cc8a-11e7-b012-94de807a9669','b16fb76e-2168-4601-88f5-3d1085228095','861212ce-cc68-11e7-b012-94de807a9669','TIRES_AND_WHEELS'),('ec3a0c51-cc8a-11e7-b012-94de807a9669','b16fb76e-2168-4601-88f5-3d1085228095','77453fa6-cc68-11e7-b012-94de807a9669','Auto'),('ec3a41da-cc8a-11e7-b012-94de807a9669','b16fb76e-2168-4601-88f5-3d1085228095','e0bcd771-cc68-11e7-b012-94de807a9669','fcdbbf28-cbcf-11e7-97a3-94de807a9669'),('ec3ad11e-cc8a-11e7-b012-94de807a9669','b16fb76e-2168-4601-88f5-3d1085228095','e0bcd771-cc68-11e7-b012-94de807a9669','fcae6055-cbcf-11e7-97a3-94de807a9669'),('ec3b825c-cc8a-11e7-b012-94de807a9669','b16fb76e-2168-4601-88f5-3d1085228095','e0bcd771-cc68-11e7-b012-94de807a9669','fd610ef4-cbcf-11e7-97a3-94de807a9669'),('eea85d0b-72d9-41c4-b6ae-41b0a1c3b16e','372317a0-b54f-4790-aced-f29f66badc62','fd3ddaa2-cbcf-11e7-97a3-94de807a9669',''),('f3b8189b-cc8b-11e7-b012-94de807a9669','22a32eaa-b0ba-4aa7-bd4a-b35c5ec40874','861212ce-cc68-11e7-b012-94de807a9669','GARDEN_FURNITURE_AND_BARBECUES'),('f3b8f6fe-cc8b-11e7-b012-94de807a9669','22a32eaa-b0ba-4aa7-bd4a-b35c5ec40874','77453fa6-cc68-11e7-b012-94de807a9669','Garden'),('f3b933a6-cc8b-11e7-b012-94de807a9669','22a32eaa-b0ba-4aa7-bd4a-b35c5ec40874','e0bcd771-cc68-11e7-b012-94de807a9669','fcdbbf28-cbcf-11e7-97a3-94de807a9669'),('f3b970eb-cc8b-11e7-b012-94de807a9669','22a32eaa-b0ba-4aa7-bd4a-b35c5ec40874','e0bcd771-cc68-11e7-b012-94de807a9669','fcae6055-cbcf-11e7-97a3-94de807a9669'),('f46c9509-cc8c-11e7-b012-94de807a9669','adada1ff-31a5-43a6-90ec-31165d99e55d','fdb0ebf0-cbcf-11e7-97a3-94de807a9669','Some bad comment'),('f46ce8bc-cc8c-11e7-b012-94de807a9669','adada1ff-31a5-43a6-90ec-31165d99e55d','fdb4da4b-cbcf-11e7-97a3-94de807a9669','c7666bf3-4f41-487e-abbc-d70f7860c0ec'),('f46d2262-cc8c-11e7-b012-94de807a9669','adada1ff-31a5-43a6-90ec-31165d99e55d','fdb85110-cbcf-11e7-97a3-94de807a9669','12185792-5469-463b-bb2a-620546fd99df'),('f4cf2443-cbd7-11e7-97a3-94de807a9669','0f819b30-7712-4593-ba5d-c6a75e7ee3ae','fd87f935-cbcf-11e7-97a3-94de807a9669','APARTMENTS'),('f4cf76e5-cbd7-11e7-97a3-94de807a9669','0f819b30-7712-4593-ba5d-c6a75e7ee3ae','fcf27cb8-cbcf-11e7-97a3-94de807a9669','2'),('f4d00909-cbd7-11e7-97a3-94de807a9669','0f819b30-7712-4593-ba5d-c6a75e7ee3ae','fcfd9280-cbcf-11e7-97a3-94de807a9669','43 кв.м.'),('f4d0572e-cbd7-11e7-97a3-94de807a9669','0f819b30-7712-4593-ba5d-c6a75e7ee3ae','fd033b20-cbcf-11e7-97a3-94de807a9669','7'),('f4ee699a-cbd7-11e7-97a3-94de807a9669','0f819b30-7712-4593-ba5d-c6a75e7ee3ae','fcae6055-cbcf-11e7-97a3-94de807a9669','Перед ремонтом'),('f4eea9b3-cbd7-11e7-97a3-94de807a9669','0f819b30-7712-4593-ba5d-c6a75e7ee3ae','fd076387-cbcf-11e7-97a3-94de807a9669','1947'),('f4eed528-cbd7-11e7-97a3-94de807a9669','0f819b30-7712-4593-ba5d-c6a75e7ee3ae','fd80811d-cbcf-11e7-97a3-94de807a9669','25000 $'),('f4eefe13-cbd7-11e7-97a3-94de807a9669','0f819b30-7712-4593-ba5d-c6a75e7ee3ae','fd846366-cbcf-11e7-97a3-94de807a9669','27163d1c-039a-4a8a-8691-fe6f5d6e0314'),('f5455cff-8555-4d5d-b6be-2badf9d8742f','6f131dd7-ba36-4e33-b823-f94a627589b6','fcae6055-cbcf-11e7-97a3-94de807a9669','Прекрасное'),('f5b7d36d-cc86-11e7-b012-94de807a9669','bb65c20c-7241-4aef-b211-9698769c17d5','861212ce-cc68-11e7-b012-94de807a9669','COSMETICS_AND_PERFUMERY'),('f5b96c51-cc86-11e7-b012-94de807a9669','bb65c20c-7241-4aef-b211-9698769c17d5','77453fa6-cc68-11e7-b012-94de807a9669','Fashion'),('f5b99f15-cc86-11e7-b012-94de807a9669','bb65c20c-7241-4aef-b211-9698769c17d5','e0bcd771-cc68-11e7-b012-94de807a9669','fcae6055-cbcf-11e7-97a3-94de807a9669'),('f5b9ef33-cc86-11e7-b012-94de807a9669','bb65c20c-7241-4aef-b211-9698769c17d5','e0bcd771-cc68-11e7-b012-94de807a9669','fcdbbf28-cbcf-11e7-97a3-94de807a9669'),('fa6a96fe-cc89-11e7-b012-94de807a9669','ff98b836-133c-4000-ad24-5376155822ae','861212ce-cc68-11e7-b012-94de807a9669','COMPUTER_AND_ACCESSORIES'),('fa6adec7-cc89-11e7-b012-94de807a9669','ff98b836-133c-4000-ad24-5376155822ae','77453fa6-cc68-11e7-b012-94de807a9669','Technics'),('fa6b35ac-cc89-11e7-b012-94de807a9669','ff98b836-133c-4000-ad24-5376155822ae','e0bcd771-cc68-11e7-b012-94de807a9669','fcae6055-cbcf-11e7-97a3-94de807a9669'),('fa6bd315-cc89-11e7-b012-94de807a9669','ff98b836-133c-4000-ad24-5376155822ae','e0bcd771-cc68-11e7-b012-94de807a9669','fcdbbf28-cbcf-11e7-97a3-94de807a9669'),('fa6c4e42-cc89-11e7-b012-94de807a9669','ff98b836-133c-4000-ad24-5376155822ae','e0bcd771-cc68-11e7-b012-94de807a9669','fd2e13d9-cbcf-11e7-97a3-94de807a9669'),('fa74f716-cc89-11e7-b012-94de807a9669','ff98b836-133c-4000-ad24-5376155822ae','e0bcd771-cc68-11e7-b012-94de807a9669','fd31202e-cbcf-11e7-97a3-94de807a9669'),('fa7570bd-cc89-11e7-b012-94de807a9669','ff98b836-133c-4000-ad24-5376155822ae','e0bcd771-cc68-11e7-b012-94de807a9669','d27a0f1-cbcf-11e7-97a3-94de807a9669'),('fa75ad89-cc89-11e7-b012-94de807a9669','ff98b836-133c-4000-ad24-5376155822ae','e0bcd771-cc68-11e7-b012-94de807a9669','fd343389-cbcf-11e7-97a3-94de807a9669'),('fc87d58b-ae54-498f-9df5-20cc7a08588a','6f131dd7-ba36-4e33-b823-f94a627589b6','fd377038-cbcf-11e7-97a3-94de807a9669',''),('fd9b6824-ac66-45d8-9e97-ffcb395a65e5','f2caf274-e905-4aaa-94c6-bd871dacf473','fcb5c185-cbcf-11e7-97a3-94de807a9669','TEST'),('fde2d163-cc8a-11e7-b012-94de807a9669','a8a7eba9-0cef-4499-864d-56c3bb92724c','861212ce-cc68-11e7-b012-94de807a9669','SPARE_PARTS'),('fde39e81-cc8a-11e7-b012-94de807a9669','a8a7eba9-0cef-4499-864d-56c3bb92724c','77453fa6-cc68-11e7-b012-94de807a9669','Auto'),('fde3f2be-cc8a-11e7-b012-94de807a9669','a8a7eba9-0cef-4499-864d-56c3bb92724c','e0bcd771-cc68-11e7-b012-94de807a9669','fcdbbf28-cbcf-11e7-97a3-94de807a9669'),('fde447e3-cc8a-11e7-b012-94de807a9669','a8a7eba9-0cef-4499-864d-56c3bb92724c','e0bcd771-cc68-11e7-b012-94de807a9669','fcae6055-cbcf-11e7-97a3-94de807a9669'),('ff1ab5a4-cc85-11e7-b012-94de807a9669','5ff5c43f-7551-4271-b699-d2aa9df82418','861212ce-cc68-11e7-b012-94de807a9669','WOMEN_CLOTHING'),('ff1c562a-cc85-11e7-b012-94de807a9669','5ff5c43f-7551-4271-b699-d2aa9df82418','77453fa6-cc68-11e7-b012-94de807a9669','Fashion'),('ff1ca73d-cc85-11e7-b012-94de807a9669','5ff5c43f-7551-4271-b699-d2aa9df82418','e0bcd771-cc68-11e7-b012-94de807a9669','fcae6055-cbcf-11e7-97a3-94de807a9669'),('ff1d292a-cc85-11e7-b012-94de807a9669','5ff5c43f-7551-4271-b699-d2aa9df82418','e0bcd771-cc68-11e7-b012-94de807a9669','fcb5c185-cbcf-11e7-97a3-94de807a9669'),('ff1d747a-cc85-11e7-b012-94de807a9669','5ff5c43f-7551-4271-b699-d2aa9df82418','e0bcd771-cc68-11e7-b012-94de807a9669','fcbcd3df-cbcf-11e7-97a3-94de807a9669'),('ff1dae49-cc85-11e7-b012-94de807a9669','5ff5c43f-7551-4271-b699-d2aa9df82418','e0bcd771-cc68-11e7-b012-94de807a9669','fcce6802-cbcf-11e7-97a3-94de807a9669'),('fff8465d-14e1-4e3b-9fdb-a539ea3b6c90','372317a0-b54f-4790-aced-f29f66badc62','fd377038-cbcf-11e7-97a3-94de807a9669','');
/*!40000 ALTER TABLE `values` ENABLE KEYS */;
UNLOCK TABLES;
/*!40103 SET TIME_ZONE=@OLD_TIME_ZONE */;

/*!40101 SET SQL_MODE=@OLD_SQL_MODE */;
/*!40014 SET FOREIGN_KEY_CHECKS=@OLD_FOREIGN_KEY_CHECKS */;
/*!40014 SET UNIQUE_CHECKS=@OLD_UNIQUE_CHECKS */;
/*!40101 SET CHARACTER_SET_CLIENT=@OLD_CHARACTER_SET_CLIENT */;
/*!40101 SET CHARACTER_SET_RESULTS=@OLD_CHARACTER_SET_RESULTS */;
/*!40101 SET COLLATION_CONNECTION=@OLD_COLLATION_CONNECTION */;
/*!40111 SET SQL_NOTES=@OLD_SQL_NOTES */;

-- Dump completed on 2017-11-28 20:09:16
