-- MySQL dump 10.13  Distrib 5.7.17, for Win64 (x86_64)
--
-- Host: localhost    Database: netcufar_database
-- ------------------------------------------------------
-- Server version	5.7.20-log

/*!40101 SET @OLD_CHARACTER_SET_CLIENT=@@CHARACTER_SET_CLIENT */;
/*!40101 SET @OLD_CHARACTER_SET_RESULTS=@@CHARACTER_SET_RESULTS */;
/*!40101 SET @OLD_COLLATION_CONNECTION=@@COLLATION_CONNECTION */;
/*!40101 SET NAMES utf8 */;
/*!40103 SET @OLD_TIME_ZONE=@@TIME_ZONE */;
/*!40103 SET TIME_ZONE='+00:00' */;
/*!40014 SET @OLD_UNIQUE_CHECKS=@@UNIQUE_CHECKS, UNIQUE_CHECKS=0 */;
/*!40014 SET @OLD_FOREIGN_KEY_CHECKS=@@FOREIGN_KEY_CHECKS, FOREIGN_KEY_CHECKS=0 */;
/*!40101 SET @OLD_SQL_MODE=@@SQL_MODE, SQL_MODE='NO_AUTO_VALUE_ON_ZERO' */;
/*!40111 SET @OLD_SQL_NOTES=@@SQL_NOTES, SQL_NOTES=0 */;

--
-- Table structure for table `attributes`
--

DROP TABLE IF EXISTS `attributes`;
/*!40101 SET @saved_cs_client     = @@character_set_client */;
/*!40101 SET character_set_client = utf8 */;
CREATE TABLE `attributes` (
  `attr_id` varchar(36) NOT NULL,
  `Value` varchar(45) NOT NULL,
  `Object_type_id` varchar(36) NOT NULL,
  PRIMARY KEY (`attr_id`,`Object_type_id`),
  KEY `fk_Attributes_Object_type1_idx` (`Object_type_id`),
  CONSTRAINT `fk_Attributes_Object_type1` FOREIGN KEY (`Object_type_id`) REFERENCES `object_type` (`Object_type_id`) ON DELETE NO ACTION ON UPDATE NO ACTION
) ENGINE=InnoDB DEFAULT CHARSET=utf8;
/*!40101 SET character_set_client = @saved_cs_client */;

--
-- Dumping data for table `attributes`
--

LOCK TABLES `attributes` WRITE;
/*!40000 ALTER TABLE `attributes` DISABLE KEYS */;
INSERT INTO `attributes` VALUES ('02b0d542-d467-11e7-bdec-94de807a9669','PRODUCT_LAST_EDIT_DATE_TIME','6cf4ece3-cbca-11e7-97a3-94de807a9669'),('03de98c9-d466-11e7-bdec-94de807a9669','RATING','6bba16df-cbce-11e7-97a3-94de807a9669'),('04f96ae8-d467-11e7-bdec-94de807a9669','PHOTO','6cf4ece3-cbca-11e7-97a3-94de807a9669'),('2c29c2e5-d466-11e7-bdec-94de807a9669','COMMENT_DATE_TIME','6bc34fa0-cbce-11e7-97a3-94de807a9669'),('4c360ca4-d466-11e7-bdec-94de807a9669','STATUS','6cf4ece3-cbca-11e7-97a3-94de807a9669'),('526b1cd0-d466-11e7-bdec-94de807a9669','TITLE','6cf4ece3-cbca-11e7-97a3-94de807a9669'),('7193182c-d466-11e7-bdec-94de807a9669','DESCRIPTION','6cf4ece3-cbca-11e7-97a3-94de807a9669'),('77453fa6-cc68-11e7-b012-94de807a9669','SUPERCATEGORY','dfc2525c-cc62-11e7-b012-94de807a9669'),('861212ce-cc68-11e7-b012-94de807a9669','NAME','dfc2525c-cc62-11e7-b012-94de807a9669'),('981076e8-d465-11e7-bdec-94de807a9669','ACC_DATE_TIME','6bba16df-cbce-11e7-97a3-94de807a9669'),('cff83967-d465-11e7-bdec-94de807a9669','PHOTO','6bba16df-cbce-11e7-97a3-94de807a9669'),('e0bcd771-cc68-11e7-b012-94de807a9669','ATTRIBUTES_ID','dfc2525c-cc62-11e7-b012-94de807a9669'),('e7fed6d6-d465-11e7-bdec-94de807a9669','STATUS','6bba16df-cbce-11e7-97a3-94de807a9669'),('fcae6055-cbcf-11e7-97a3-94de807a9669','CONDITION','6cf4ece3-cbca-11e7-97a3-94de807a9669'),('fcb5c185-cbcf-11e7-97a3-94de807a9669','SEASONS','6cf4ece3-cbca-11e7-97a3-94de807a9669'),('fcbcd3df-cbcf-11e7-97a3-94de807a9669','KIND_OF_CLOTHES','6cf4ece3-cbca-11e7-97a3-94de807a9669'),('fcce6802-cbcf-11e7-97a3-94de807a9669','SIZE_','6cf4ece3-cbca-11e7-97a3-94de807a9669'),('fcd7dc6a-cbcf-11e7-97a3-94de807a9669','KIND_OF_SHOES','6cf4ece3-cbca-11e7-97a3-94de807a9669'),('fcdbbf28-cbcf-11e7-97a3-94de807a9669','TYPE_','6cf4ece3-cbca-11e7-97a3-94de807a9669'),('fce25636-cbcf-11e7-97a3-94de807a9669','FOR_WHOM','6cf4ece3-cbca-11e7-97a3-94de807a9669'),('fce58ea3-cbcf-11e7-97a3-94de807a9669','GUARANTEE_PERIOD','6cf4ece3-cbca-11e7-97a3-94de807a9669'),('fce89f0e-cbcf-11e7-97a3-94de807a9669','HEIGHT','6cf4ece3-cbca-11e7-97a3-94de807a9669'),('fcebe48e-cbcf-11e7-97a3-94de807a9669','MANUFACTURER_IMPORTER','6cf4ece3-cbca-11e7-97a3-94de807a9669'),('fceef8d5-cbcf-11e7-97a3-94de807a9669','KIND','6cf4ece3-cbca-11e7-97a3-94de807a9669'),('fcf27cb8-cbcf-11e7-97a3-94de807a9669','NUMBER_OF_ROOMS','6cf4ece3-cbca-11e7-97a3-94de807a9669'),('fcfd9280-cbcf-11e7-97a3-94de807a9669','TOTAL_AREA','6cf4ece3-cbca-11e7-97a3-94de807a9669'),('fd033b20-cbcf-11e7-97a3-94de807a9669','FLOOR','6cf4ece3-cbca-11e7-97a3-94de807a9669'),('fd076387-cbcf-11e7-97a3-94de807a9669','YEAR_OF_CONSTRUCTION','6cf4ece3-cbca-11e7-97a3-94de807a9669'),('fd0bcd2f-cbcf-11e7-97a3-94de807a9669','PRESENCE_OF_BALCONY','6cf4ece3-cbca-11e7-97a3-94de807a9669'),('fd0ed1d6-cbcf-11e7-97a3-94de807a9669','AVAILABILITY_OF_FURNITURE','6cf4ece3-cbca-11e7-97a3-94de807a9669'),('fd1231c2-cbcf-11e7-97a3-94de807a9669','TYPE_OF_LEASE','6cf4ece3-cbca-11e7-97a3-94de807a9669'),('fd155db0-cbcf-11e7-97a3-94de807a9669','ADDRESS','6cf4ece3-cbca-11e7-97a3-94de807a9669'),('fd19c17c-cbcf-11e7-97a3-94de807a9669','WALL_MATERIAL','6cf4ece3-cbca-11e7-97a3-94de807a9669'),('fd1cd34e-cbcf-11e7-97a3-94de807a9669','PRESENCE_OF_SECURITY','6cf4ece3-cbca-11e7-97a3-94de807a9669'),('fd1fffff-cbcf-11e7-97a3-94de807a9669','AREA','6cf4ece3-cbca-11e7-97a3-94de807a9669'),('fd235de6-cbcf-11e7-97a3-94de807a9669','PRODUCT_LOCATION','6cf4ece3-cbca-11e7-97a3-94de807a9669'),('fd27a0f1-cbcf-11e7-97a3-94de807a9669','MANUFACTURER','6cf4ece3-cbca-11e7-97a3-94de807a9669'),('fd2ac67b-cbcf-11e7-97a3-94de807a9669','RESOLUTION','6cf4ece3-cbca-11e7-97a3-94de807a9669'),('fd2e13d9-cbcf-11e7-97a3-94de807a9669','CPU','6cf4ece3-cbca-11e7-97a3-94de807a9669'),('fd31202e-cbcf-11e7-97a3-94de807a9669','SCREEN_RESOLUTION','6cf4ece3-cbca-11e7-97a3-94de807a9669'),('fd343389-cbcf-11e7-97a3-94de807a9669','RAM','6cf4ece3-cbca-11e7-97a3-94de807a9669'),('fd377038-cbcf-11e7-97a3-94de807a9669','BRAND','6cf4ece3-cbca-11e7-97a3-94de807a9669'),('fd3ddaa2-cbcf-11e7-97a3-94de807a9669','SCREEN_DIAGONAL','6cf4ece3-cbca-11e7-97a3-94de807a9669'),('fd411f3e-cbcf-11e7-97a3-94de807a9669','HDMI','6cf4ece3-cbca-11e7-97a3-94de807a9669'),('fd4914ee-cbcf-11e7-97a3-94de807a9669','USB','6cf4ece3-cbca-11e7-97a3-94de807a9669'),('fd4dc016-cbcf-11e7-97a3-94de807a9669','MODEL','6cf4ece3-cbca-11e7-97a3-94de807a9669'),('fd50b9f6-cbcf-11e7-97a3-94de807a9669','YEAR','6cf4ece3-cbca-11e7-97a3-94de807a9669'),('fd5400b1-cbcf-11e7-97a3-94de807a9669','MILEAGE','6cf4ece3-cbca-11e7-97a3-94de807a9669'),('fd5721bd-cbcf-11e7-97a3-94de807a9669','BODY_TYPE','6cf4ece3-cbca-11e7-97a3-94de807a9669'),('fd5a585b-cbcf-11e7-97a3-94de807a9669','ENGINE_TYPE','6cf4ece3-cbca-11e7-97a3-94de807a9669'),('fd5d644f-cbcf-11e7-97a3-94de807a9669','COLOUR','6cf4ece3-cbca-11e7-97a3-94de807a9669'),('fd610ef4-cbcf-11e7-97a3-94de807a9669','DIAMETER','6cf4ece3-cbca-11e7-97a3-94de807a9669'),('fd6518de-cbcf-11e7-97a3-94de807a9669','LENGTH','6cf4ece3-cbca-11e7-97a3-94de807a9669'),('fd6861aa-cbcf-11e7-97a3-94de807a9669','WIDTH','6cf4ece3-cbca-11e7-97a3-94de807a9669'),('fd6c28e2-cbcf-11e7-97a3-94de807a9669','WEIGHT','6cf4ece3-cbca-11e7-97a3-94de807a9669'),('fd6ff160-cbcf-11e7-97a3-94de807a9669','AMOUNT','6cf4ece3-cbca-11e7-97a3-94de807a9669'),('fd74ca4d-cbcf-11e7-97a3-94de807a9669','GUARANTEE','6cf4ece3-cbca-11e7-97a3-94de807a9669'),('fd78f273-cbcf-11e7-97a3-94de807a9669','ANIMAL_GENDER','6cf4ece3-cbca-11e7-97a3-94de807a9669'),('fd7cc7e8-cbcf-11e7-97a3-94de807a9669','AGE','6cf4ece3-cbca-11e7-97a3-94de807a9669'),('fd80811d-cbcf-11e7-97a3-94de807a9669','COST','6cf4ece3-cbca-11e7-97a3-94de807a9669'),('fd846366-cbcf-11e7-97a3-94de807a9669','OWNER','6cf4ece3-cbca-11e7-97a3-94de807a9669'),('fd87f935-cbcf-11e7-97a3-94de807a9669','CATEGORY','6cf4ece3-cbca-11e7-97a3-94de807a9669'),('fd8c09c4-cbcf-11e7-97a3-94de807a9669','SUPERCATEGORY','6cf4ece3-cbca-11e7-97a3-94de807a9669'),('fd8fc8a5-cbcf-11e7-97a3-94de807a9669','SECURITY_ID','6bba16df-cbce-11e7-97a3-94de807a9669'),('fd93b41b-cbcf-11e7-97a3-94de807a9669','FULL_NAME','6bba16df-cbce-11e7-97a3-94de807a9669'),('fd97346f-cbcf-11e7-97a3-94de807a9669','USER_GENDER','6bba16df-cbce-11e7-97a3-94de807a9669'),('fd9c98fa-cbcf-11e7-97a3-94de807a9669','TELEPHONE','6bba16df-cbce-11e7-97a3-94de807a9669'),('fda0bbe9-cbcf-11e7-97a3-94de807a9669','BIRTHDAY','6bba16df-cbce-11e7-97a3-94de807a9669'),('fda621dc-cbcf-11e7-97a3-94de807a9669','MAIL','6bba16df-cbce-11e7-97a3-94de807a9669'),('fdad14d4-cbcf-11e7-97a3-94de807a9669','USER_LOCATION','6bba16df-cbce-11e7-97a3-94de807a9669'),('fdb0ebf0-cbcf-11e7-97a3-94de807a9669','TEXT_','6bc34fa0-cbce-11e7-97a3-94de807a9669'),('fdb4da4b-cbcf-11e7-97a3-94de807a9669','USER_MAKER','6bc34fa0-cbce-11e7-97a3-94de807a9669'),('fdb85110-cbcf-11e7-97a3-94de807a9669','USER_REC','6bc34fa0-cbce-11e7-97a3-94de807a9669'),('fdbc8ce6-cbcf-11e7-97a3-94de807a9669','PRODUCT_REC','6bc34fa0-cbce-11e7-97a3-94de807a9669'),('fdc02d2a-cbcf-11e7-97a3-94de807a9669','USER','6bcd906f-cbce-11e7-97a3-94de807a9669'),('fdc55704-cbcf-11e7-97a3-94de807a9669','PRODUCT','6bcd906f-cbce-11e7-97a3-94de807a9669'),('ffdf2dfd-d466-11e7-bdec-94de807a9669','PRODUCT_CREATE_DATE_TIME','6cf4ece3-cbca-11e7-97a3-94de807a9669');
/*!40000 ALTER TABLE `attributes` ENABLE KEYS */;
UNLOCK TABLES;

--
-- Table structure for table `object`
--

DROP TABLE IF EXISTS `object`;
/*!40101 SET @saved_cs_client     = @@character_set_client */;
/*!40101 SET character_set_client = utf8 */;
CREATE TABLE `object` (
  `Object_id` varchar(36) NOT NULL,
  `Object_type_id` varchar(36) NOT NULL,
  PRIMARY KEY (`Object_id`,`Object_type_id`),
  KEY `fk_Object_Object_type1_idx` (`Object_type_id`),
  CONSTRAINT `fk_Object_Object_type1` FOREIGN KEY (`Object_type_id`) REFERENCES `object_type` (`Object_type_id`) ON DELETE NO ACTION ON UPDATE NO ACTION
) ENGINE=InnoDB DEFAULT CHARSET=utf8;
/*!40101 SET character_set_client = @saved_cs_client */;

--
-- Dumping data for table `object`
--

LOCK TABLES `object` WRITE;
/*!40000 ALTER TABLE `object` DISABLE KEYS */;
INSERT INTO `object` VALUES ('5a2ba82c-d9e5-11e7-98e7-94de807a9669','6bba16df-cbce-11e7-97a3-94de807a9669'),('62933f0a-d9e5-11e7-98e7-94de807a9669','6bba16df-cbce-11e7-97a3-94de807a9669'),('649633de-d9e5-11e7-98e7-94de807a9669','6bba16df-cbce-11e7-97a3-94de807a9669'),('76533419-d9e2-11e7-98e7-94de807a9669','6bba16df-cbce-11e7-97a3-94de807a9669'),('9441d605-d9e6-11e7-98e7-94de807a9669','6bba16df-cbce-11e7-97a3-94de807a9669'),('ef47ec9a-d9e3-11e7-98e7-94de807a9669','6bba16df-cbce-11e7-97a3-94de807a9669'),('b5673d91-5f75-45ab-9b14-272a7d9358dd','6bcd906f-cbce-11e7-97a3-94de807a9669'),('06276637-0c12-4fc7-aebe-fc71f52af13c','6cf4ece3-cbca-11e7-97a3-94de807a9669'),('700cc321-b396-4397-bc48-4e98a4717f32','6cf4ece3-cbca-11e7-97a3-94de807a9669'),('74bab1e7-61df-4cfb-a783-c9d0d18bdb93','6cf4ece3-cbca-11e7-97a3-94de807a9669'),('95ba62d0-ca5f-4171-b18e-55f50642255b','6cf4ece3-cbca-11e7-97a3-94de807a9669'),('a89cd4e1-6be3-475e-b020-1d01feb4972f','6cf4ece3-cbca-11e7-97a3-94de807a9669'),('06786403-44cc-46dc-a4ab-99fd03c4d254','dfc2525c-cc62-11e7-b012-94de807a9669'),('0a9368fe-7202-418f-a321-3322304a5df8','dfc2525c-cc62-11e7-b012-94de807a9669'),('11b9ab59-07ee-401a-baaa-fe8386fe5f42','dfc2525c-cc62-11e7-b012-94de807a9669'),('1e9bfb7c-507a-4c16-af87-e21a9ba46f95','dfc2525c-cc62-11e7-b012-94de807a9669'),('22a32eaa-b0ba-4aa7-bd4a-b35c5ec40874','dfc2525c-cc62-11e7-b012-94de807a9669'),('27a5b7a9-9e36-447f-8938-daa8487b7b14','dfc2525c-cc62-11e7-b012-94de807a9669'),('27b04212-eeb6-4596-869d-934c1f7f73ba','dfc2525c-cc62-11e7-b012-94de807a9669'),('2aeb8102-3233-437f-bca6-1683785b87c4','dfc2525c-cc62-11e7-b012-94de807a9669'),('38bf1e48-10d1-43d2-a9c4-cdf417aaef37','dfc2525c-cc62-11e7-b012-94de807a9669'),('446e1af1-ff38-41c3-b35b-0c13d87bcccb','dfc2525c-cc62-11e7-b012-94de807a9669'),('588557d6-7670-4899-a4ed-60dd550a349c','dfc2525c-cc62-11e7-b012-94de807a9669'),('5ff5c43f-7551-4271-b699-d2aa9df82418','dfc2525c-cc62-11e7-b012-94de807a9669'),('65b4499d-350b-454a-8a9c-ff4f0b4c3886','dfc2525c-cc62-11e7-b012-94de807a9669'),('6869a4a0-3838-430e-a547-ad808fba72d2','dfc2525c-cc62-11e7-b012-94de807a9669'),('7c0e663a-65a1-40d0-b2cc-9143212e5dfe','dfc2525c-cc62-11e7-b012-94de807a9669'),('865b4916-ea93-4638-abec-2a339c8e3e36','dfc2525c-cc62-11e7-b012-94de807a9669'),('9283ad0d-37a5-4d4e-98c3-02f31e5c7b55','dfc2525c-cc62-11e7-b012-94de807a9669'),('965dc5c4-ea31-4baf-9f9a-947abb279c99','dfc2525c-cc62-11e7-b012-94de807a9669'),('9c27add6-f77a-454f-b98f-779ed0b06082','dfc2525c-cc62-11e7-b012-94de807a9669'),('9ff6d92d-a237-4763-b99c-7757ccb02f3d','dfc2525c-cc62-11e7-b012-94de807a9669'),('a508e29b-a2fc-4e49-8f1c-29ca37a522af','dfc2525c-cc62-11e7-b012-94de807a9669'),('a8a7eba9-0cef-4499-864d-56c3bb92724c','dfc2525c-cc62-11e7-b012-94de807a9669'),('b16fb76e-2168-4601-88f5-3d1085228095','dfc2525c-cc62-11e7-b012-94de807a9669'),('bb65c20c-7241-4aef-b211-9698769c17d5','dfc2525c-cc62-11e7-b012-94de807a9669'),('bfcfdd18-7450-4518-898e-d80783427e1d','dfc2525c-cc62-11e7-b012-94de807a9669'),('d052c832-eff4-41e2-a703-957a680b5948','dfc2525c-cc62-11e7-b012-94de807a9669'),('d6ff7106-8774-4913-9912-7a051cbec313','dfc2525c-cc62-11e7-b012-94de807a9669'),('e1e75bac-e2d8-48cc-99ee-1ac80a00ab52','dfc2525c-cc62-11e7-b012-94de807a9669'),('e6488e18-520c-49d3-8f81-284419aba61b','dfc2525c-cc62-11e7-b012-94de807a9669'),('e6d19511-c01f-4c2f-8bda-b4e7a545c984','dfc2525c-cc62-11e7-b012-94de807a9669'),('ed8267ac-a12c-4c88-8c5f-c9fe41218de4','dfc2525c-cc62-11e7-b012-94de807a9669'),('eefa1565-88d6-4b93-9827-41306c3bfa57','dfc2525c-cc62-11e7-b012-94de807a9669'),('f12c42ef-9a37-4479-b829-78c18e25ef77','dfc2525c-cc62-11e7-b012-94de807a9669'),('ff98b836-133c-4000-ad24-5376155822ae','dfc2525c-cc62-11e7-b012-94de807a9669');
/*!40000 ALTER TABLE `object` ENABLE KEYS */;
UNLOCK TABLES;

--
-- Table structure for table `object_type`
--

DROP TABLE IF EXISTS `object_type`;
/*!40101 SET @saved_cs_client     = @@character_set_client */;
/*!40101 SET character_set_client = utf8 */;
CREATE TABLE `object_type` (
  `Object_type_id` varchar(36) NOT NULL,
  `Value` varchar(45) NOT NULL,
  PRIMARY KEY (`Object_type_id`)
) ENGINE=InnoDB DEFAULT CHARSET=utf8;
/*!40101 SET character_set_client = @saved_cs_client */;

--
-- Dumping data for table `object_type`
--

LOCK TABLES `object_type` WRITE;
/*!40000 ALTER TABLE `object_type` DISABLE KEYS */;
INSERT INTO `object_type` VALUES ('6bba16df-cbce-11e7-97a3-94de807a9669','USER'),('6bc34fa0-cbce-11e7-97a3-94de807a9669','COMMENT'),('6bcd906f-cbce-11e7-97a3-94de807a9669','LIKE'),('6cf4ece3-cbca-11e7-97a3-94de807a9669','PRODUCT'),('dfc2525c-cc62-11e7-b012-94de807a9669','CATEGORY');
/*!40000 ALTER TABLE `object_type` ENABLE KEYS */;
UNLOCK TABLES;

--
-- Table structure for table `roles`
--

DROP TABLE IF EXISTS `roles`;
/*!40101 SET @saved_cs_client     = @@character_set_client */;
/*!40101 SET character_set_client = utf8 */;
CREATE TABLE `roles` (
  `id` int(11) NOT NULL AUTO_INCREMENT,
  `name` varchar(100) NOT NULL,
  PRIMARY KEY (`id`)
) ENGINE=InnoDB AUTO_INCREMENT=3 DEFAULT CHARSET=utf8;
/*!40101 SET character_set_client = @saved_cs_client */;

--
-- Dumping data for table `roles`
--

LOCK TABLES `roles` WRITE;
/*!40000 ALTER TABLE `roles` DISABLE KEYS */;
INSERT INTO `roles` VALUES (1,'ROLE_USER'),(2,'ROLE_ADMIN');
/*!40000 ALTER TABLE `roles` ENABLE KEYS */;
UNLOCK TABLES;

--
-- Table structure for table `user_roles`
--

DROP TABLE IF EXISTS `user_roles`;
/*!40101 SET @saved_cs_client     = @@character_set_client */;
/*!40101 SET character_set_client = utf8 */;
CREATE TABLE `user_roles` (
  `user_id` int(11) NOT NULL,
  `role_id` int(11) NOT NULL,
  UNIQUE KEY `user_id` (`user_id`,`role_id`),
  KEY `role_id` (`role_id`),
  CONSTRAINT `user_roles_ibfk_1` FOREIGN KEY (`user_id`) REFERENCES `users` (`id`),
  CONSTRAINT `user_roles_ibfk_2` FOREIGN KEY (`role_id`) REFERENCES `roles` (`id`)
) ENGINE=InnoDB DEFAULT CHARSET=utf8;
/*!40101 SET character_set_client = @saved_cs_client */;

--
-- Dumping data for table `user_roles`
--

LOCK TABLES `user_roles` WRITE;
/*!40000 ALTER TABLE `user_roles` DISABLE KEYS */;
INSERT INTO `user_roles` VALUES (3,1),(6,1),(1,2),(2,2),(4,2),(5,2);
/*!40000 ALTER TABLE `user_roles` ENABLE KEYS */;
UNLOCK TABLES;

--
-- Table structure for table `users`
--

DROP TABLE IF EXISTS `users`;
/*!40101 SET @saved_cs_client     = @@character_set_client */;
/*!40101 SET character_set_client = utf8 */;
CREATE TABLE `users` (
  `id` int(11) NOT NULL AUTO_INCREMENT,
  `username` varchar(255) NOT NULL,
  `password` varchar(255) NOT NULL,
  PRIMARY KEY (`id`)
) ENGINE=InnoDB AUTO_INCREMENT=7 DEFAULT CHARSET=utf8;
/*!40101 SET character_set_client = @saved_cs_client */;

--
-- Dumping data for table `users`
--

LOCK TABLES `users` WRITE;
/*!40000 ALTER TABLE `users` DISABLE KEYS */;
INSERT INTO `users` VALUES (1,'IvanTkachev','$2a$11$uSXS6rLJ91WjgOHhEGDx..VGs7MkKZV68Lv5r1uwFu7HgtRn3dcXG'),(2,'nikak123','$2a$11$qWmKH9T0HbMGQu64hNnN/u.qkri75.mFLRqhgG9zOoEXKi6WA0kfe'),(3,'DarmentUser','$2a$11$dnJ4HUnu8jnk0vhpueNABOibZxBxwe2V70v9DkbxMRzhFWZON/7Fy'),(4,'DarmentAdmin','$2a$11$dnJ4HUnu8jnk0vhpueNABOibZxBxwe2V70v9DkbxMRzhFWZON/7Fy'),(5,'Administrator','$2a$11$CjLi9FGdtKsMMOy61LLp4uiRl.13O72Psrj4Qc/8eX2W/zAmDgi2m'),(6,'Tanushka','$2a$11$CjLi9FGdtKsMMOy61LLp4uiRl.13O72Psrj4Qc/8eX2W/zAmDgi2m');
/*!40000 ALTER TABLE `users` ENABLE KEYS */;
UNLOCK TABLES;

--
-- Table structure for table `values_table`
--

DROP TABLE IF EXISTS `values_table`;
/*!40101 SET @saved_cs_client     = @@character_set_client */;
/*!40101 SET character_set_client = utf8 */;
CREATE TABLE `values_table` (
  `value_id` varchar(36) NOT NULL,
  `Object_id` varchar(36) NOT NULL,
  `Attributes_attr_id` varchar(36) NOT NULL,
  `Value` varchar(220) NOT NULL,
  PRIMARY KEY (`value_id`,`Object_id`,`Attributes_attr_id`),
  KEY `fk_Values_Table_Object_idx` (`Object_id`),
  KEY `fk_Values_Table_Attributes1_idx` (`Attributes_attr_id`),
  CONSTRAINT `fk_Values_Table_Attributes1` FOREIGN KEY (`Attributes_attr_id`) REFERENCES `attributes` (`attr_id`) ON DELETE NO ACTION ON UPDATE NO ACTION,
  CONSTRAINT `fk_Values_Table_Object` FOREIGN KEY (`Object_id`) REFERENCES `object` (`Object_id`) ON DELETE NO ACTION ON UPDATE NO ACTION
) ENGINE=InnoDB DEFAULT CHARSET=utf8;
/*!40101 SET character_set_client = @saved_cs_client */;

--
-- Dumping data for table `values_table`
--

LOCK TABLES `values_table` WRITE;
/*!40000 ALTER TABLE `values_table` DISABLE KEYS */;
INSERT INTO `values_table` VALUES ('01ff68b2-a494-4c6e-ae43-a3aac1f0108c','06276637-0c12-4fc7-aebe-fc71f52af13c','4c360ca4-d466-11e7-bdec-94de807a9669','MODERATION'),('0459122f-8ec4-4665-8abd-402895f06224','a89cd4e1-6be3-475e-b020-1d01feb4972f','fd80811d-cbcf-11e7-97a3-94de807a9669','2000$'),('05580b41-cc89-11e7-b012-94de807a9669','446e1af1-ff38-41c3-b35b-0c13d87bcccb','861212ce-cc68-11e7-b012-94de807a9669','APARTMENTS'),('05585a80-cc89-11e7-b012-94de807a9669','446e1af1-ff38-41c3-b35b-0c13d87bcccb','77453fa6-cc68-11e7-b012-94de807a9669','Realty'),('05588fdb-cc89-11e7-b012-94de807a9669','446e1af1-ff38-41c3-b35b-0c13d87bcccb','e0bcd771-cc68-11e7-b012-94de807a9669','fcf27cb8-cbcf-11e7-97a3-94de807a9669'),('0558c529-cc89-11e7-b012-94de807a9669','446e1af1-ff38-41c3-b35b-0c13d87bcccb','e0bcd771-cc68-11e7-b012-94de807a9669','fcfd9280-cbcf-11e7-97a3-94de807a9669'),('05590118-cc89-11e7-b012-94de807a9669','446e1af1-ff38-41c3-b35b-0c13d87bcccb','e0bcd771-cc68-11e7-b012-94de807a9669','fd033b20-cbcf-11e7-97a3-94de807a9669'),('05593750-cc89-11e7-b012-94de807a9669','446e1af1-ff38-41c3-b35b-0c13d87bcccb','e0bcd771-cc68-11e7-b012-94de807a9669','fcae6055-cbcf-11e7-97a3-94de807a9669'),('05596c89-cc89-11e7-b012-94de807a9669','446e1af1-ff38-41c3-b35b-0c13d87bcccb','e0bcd771-cc68-11e7-b012-94de807a9669','fd076387-cbcf-11e7-97a3-94de807a9669'),('0a283e44-d9e6-11e7-98e7-94de807a9669','5a2ba82c-d9e5-11e7-98e7-94de807a9669','03de98c9-d466-11e7-bdec-94de807a9669','200'),('0a2b08a6-d9e6-11e7-98e7-94de807a9669','5a2ba82c-d9e5-11e7-98e7-94de807a9669','981076e8-d465-11e7-bdec-94de807a9669','10.10.2017'),('0a2b0a10-d9e6-11e7-98e7-94de807a9669','5a2ba82c-d9e5-11e7-98e7-94de807a9669','e7fed6d6-d465-11e7-bdec-94de807a9669','ADMINISTRATOR'),('0a2b0b2e-d9e6-11e7-98e7-94de807a9669','5a2ba82c-d9e5-11e7-98e7-94de807a9669','fd8fc8a5-cbcf-11e7-97a3-94de807a9669','5'),('0a2b0c2b-d9e6-11e7-98e7-94de807a9669','5a2ba82c-d9e5-11e7-98e7-94de807a9669','fd93b41b-cbcf-11e7-97a3-94de807a9669','Админ Админ'),('0a2b0d22-d9e6-11e7-98e7-94de807a9669','5a2ba82c-d9e5-11e7-98e7-94de807a9669','fd97346f-cbcf-11e7-97a3-94de807a9669','Ж'),('0a2b0e1a-d9e6-11e7-98e7-94de807a9669','5a2ba82c-d9e5-11e7-98e7-94de807a9669','fd9c98fa-cbcf-11e7-97a3-94de807a9669','+375296661122'),('0a2b0ef9-d9e6-11e7-98e7-94de807a9669','5a2ba82c-d9e5-11e7-98e7-94de807a9669','fda0bbe9-cbcf-11e7-97a3-94de807a9669','24.10.1990'),('0a2b0fe4-d9e6-11e7-98e7-94de807a9669','5a2ba82c-d9e5-11e7-98e7-94de807a9669','fda621dc-cbcf-11e7-97a3-94de807a9669','admin@gmail.com'),('0a2b10c1-d9e6-11e7-98e7-94de807a9669','5a2ba82c-d9e5-11e7-98e7-94de807a9669','fdad14d4-cbcf-11e7-97a3-94de807a9669','Администрит'),('0ad733d3-1d30-48ef-9d75-f8b4757d3d3e','74bab1e7-61df-4cfb-a783-c9d0d18bdb93','fd5d644f-cbcf-11e7-97a3-94de807a9669','Красненький'),('0c85ff29-cc8c-11e7-b012-94de807a9669','11b9ab59-07ee-401a-baaa-fe8386fe5f42','861212ce-cc68-11e7-b012-94de807a9669','PETS'),('0c863e4d-cc8c-11e7-b012-94de807a9669','11b9ab59-07ee-401a-baaa-fe8386fe5f42','77453fa6-cc68-11e7-b012-94de807a9669','Animals'),('0c8730ac-cc8c-11e7-b012-94de807a9669','11b9ab59-07ee-401a-baaa-fe8386fe5f42','e0bcd771-cc68-11e7-b012-94de807a9669','fceef8d5-cbcf-11e7-97a3-94de807a9669'),('0c877033-cc8c-11e7-b012-94de807a9669','11b9ab59-07ee-401a-baaa-fe8386fe5f42','e0bcd771-cc68-11e7-b012-94de807a9669','fd78f273-cbcf-11e7-97a3-94de807a9669'),('0c87aba1-cc8c-11e7-b012-94de807a9669','11b9ab59-07ee-401a-baaa-fe8386fe5f42','e0bcd771-cc68-11e7-b012-94de807a9669','fd7cc7e8-cbcf-11e7-97a3-94de807a9669'),('0e422563-b3e5-435a-81a6-17ab5b8da3d3','74bab1e7-61df-4cfb-a783-c9d0d18bdb93','fd846366-cbcf-11e7-97a3-94de807a9669','DarmentUser'),('0f7518b9-cc87-11e7-b012-94de807a9669','bfcfdd18-7450-4518-898e-d80783427e1d','861212ce-cc68-11e7-b012-94de807a9669','ACCESSORIES_AND_CLOCKS'),('0f75785f-cc87-11e7-b012-94de807a9669','bfcfdd18-7450-4518-898e-d80783427e1d','77453fa6-cc68-11e7-b012-94de807a9669','Fashion'),('0f75aa55-cc87-11e7-b012-94de807a9669','bfcfdd18-7450-4518-898e-d80783427e1d','e0bcd771-cc68-11e7-b012-94de807a9669','fcae6055-cbcf-11e7-97a3-94de807a9669'),('0f76044a-cc87-11e7-b012-94de807a9669','bfcfdd18-7450-4518-898e-d80783427e1d','e0bcd771-cc68-11e7-b012-94de807a9669','fcdbbf28-cbcf-11e7-97a3-94de807a9669'),('0f7632ff-cc87-11e7-b012-94de807a9669','bfcfdd18-7450-4518-898e-d80783427e1d','e0bcd771-cc68-11e7-b012-94de807a9669','fce25636-cbcf-11e7-97a3-94de807a9669'),('1469f4f6-f91a-4198-af6b-3386f0637eaf','06276637-0c12-4fc7-aebe-fc71f52af13c','fd846366-cbcf-11e7-97a3-94de807a9669','DarmentUser'),('14a00306-cefb-4028-99ac-061081f46bca','95ba62d0-ca5f-4171-b18e-55f50642255b','fcae6055-cbcf-11e7-97a3-94de807a9669','Старый'),('16212f73-cec5-4898-9e6e-13ccb7dd1e8f','a89cd4e1-6be3-475e-b020-1d01feb4972f','fd5d644f-cbcf-11e7-97a3-94de807a9669','Синий'),('171c758a-cc8a-11e7-b012-94de807a9669','2aeb8102-3233-437f-bca6-1683785b87c4','861212ce-cc68-11e7-b012-94de807a9669','PHONES'),('171cda8b-cc8a-11e7-b012-94de807a9669','2aeb8102-3233-437f-bca6-1683785b87c4','77453fa6-cc68-11e7-b012-94de807a9669','Technics'),('171e99f6-cc8a-11e7-b012-94de807a9669','2aeb8102-3233-437f-bca6-1683785b87c4','e0bcd771-cc68-11e7-b012-94de807a9669','fcae6055-cbcf-11e7-97a3-94de807a9669'),('171f33fd-cc8a-11e7-b012-94de807a9669','2aeb8102-3233-437f-bca6-1683785b87c4','e0bcd771-cc68-11e7-b012-94de807a9669','fcdbbf28-cbcf-11e7-97a3-94de807a9669'),('171f7da6-cc8a-11e7-b012-94de807a9669','2aeb8102-3233-437f-bca6-1683785b87c4','e0bcd771-cc68-11e7-b012-94de807a9669','fd377038-cbcf-11e7-97a3-94de807a9669'),('171fe3a8-cc8a-11e7-b012-94de807a9669','2aeb8102-3233-437f-bca6-1683785b87c4','e0bcd771-cc68-11e7-b012-94de807a9669','fd3ddaa2-cbcf-11e7-97a3-94de807a9669'),('25f3f883-fd43-4190-a7e0-a0e3999abdb3','74bab1e7-61df-4cfb-a783-c9d0d18bdb93','fd8c09c4-cbcf-11e7-97a3-94de807a9669','Auto'),('2c409ba7-cc89-11e7-b012-94de807a9669','588557d6-7670-4899-a4ed-60dd550a349c','861212ce-cc68-11e7-b012-94de807a9669','ROOMS'),('2c42888f-cc89-11e7-b012-94de807a9669','588557d6-7670-4899-a4ed-60dd550a349c','77453fa6-cc68-11e7-b012-94de807a9669','Realty'),('2c42e612-cc89-11e7-b012-94de807a9669','588557d6-7670-4899-a4ed-60dd550a349c','e0bcd771-cc68-11e7-b012-94de807a9669','fcae6055-cbcf-11e7-97a3-94de807a9669'),('2c437457-cc89-11e7-b012-94de807a9669','588557d6-7670-4899-a4ed-60dd550a349c','e0bcd771-cc68-11e7-b012-94de807a9669','fd0bcd2f-cbcf-11e7-97a3-94de807a9669'),('2c4f8d29-cc89-11e7-b012-94de807a9669','588557d6-7670-4899-a4ed-60dd550a349c','e0bcd771-cc68-11e7-b012-94de807a9669','fd0ed1d6-cbcf-11e7-97a3-94de807a9669'),('2c4fc664-cc89-11e7-b012-94de807a9669','588557d6-7670-4899-a4ed-60dd550a349c','e0bcd771-cc68-11e7-b012-94de807a9669','fd1231c2-cbcf-11e7-97a3-94de807a9669'),('2c7bc147-bbc3-4bac-a13c-60c876c5eabe','a89cd4e1-6be3-475e-b020-1d01feb4972f','77453fa6-cc68-11e7-b012-94de807a9669','Auto'),('323d5bda-5603-4ec5-b56c-23864f837418','a89cd4e1-6be3-475e-b020-1d01feb4972f','fd5721bd-cbcf-11e7-97a3-94de807a9669','Универсал'),('342e6205-4e98-4f9b-9082-5222ce9fa2d3','74bab1e7-61df-4cfb-a783-c9d0d18bdb93','fd5721bd-cbcf-11e7-97a3-94de807a9669','Кузов'),('360403af-ce7b-49a0-88dc-6e9349195b5e','95ba62d0-ca5f-4171-b18e-55f50642255b','e7fed6d6-d465-11e7-bdec-94de807a9669','MODERATION'),('3a6ca912-e4d8-4faf-ad7a-80e3cc41acb5','a89cd4e1-6be3-475e-b020-1d01feb4972f','fd5400b1-cbcf-11e7-97a3-94de807a9669','20000 км'),('3b8b72e4-cc8a-11e7-b012-94de807a9669','9c27add6-f77a-454f-b98f-779ed0b06082','861212ce-cc68-11e7-b012-94de807a9669','GAMES_AND_CONSOLES'),('3b997d40-cc8a-11e7-b012-94de807a9669','9c27add6-f77a-454f-b98f-779ed0b06082','77453fa6-cc68-11e7-b012-94de807a9669','Technics'),('3b9f418a-cc8a-11e7-b012-94de807a9669','9c27add6-f77a-454f-b98f-779ed0b06082','e0bcd771-cc68-11e7-b012-94de807a9669','fcae6055-cbcf-11e7-97a3-94de807a9669'),('3bb05633-cc8a-11e7-b012-94de807a9669','9c27add6-f77a-454f-b98f-779ed0b06082','e0bcd771-cc68-11e7-b012-94de807a9669','fcdbbf28-cbcf-11e7-97a3-94de807a9669'),('3bb0a1b5-cc8a-11e7-b012-94de807a9669','9c27add6-f77a-454f-b98f-779ed0b06082','e0bcd771-cc68-11e7-b012-94de807a9669','fd27a0f1-cbcf-11e7-97a3-94de807a9669'),('3bb0d31c-cc8a-11e7-b012-94de807a9669','9c27add6-f77a-454f-b98f-779ed0b06082','e0bcd771-cc68-11e7-b012-94de807a9669','fd411f3e-cbcf-11e7-97a3-94de807a9669'),('3bb10184-cc8a-11e7-b012-94de807a9669','9c27add6-f77a-454f-b98f-779ed0b06082','e0bcd771-cc68-11e7-b012-94de807a9669','fd4914ee-cbcf-11e7-97a3-94de807a9669'),('3c1fcc16-37e8-4cd1-a324-4770a11b3847','700cc321-b396-4397-bc48-4e98a4717f32','526b1cd0-d466-11e7-bdec-94de807a9669','IPhone 2'),('3cd6ada7-cc8c-11e7-b012-94de807a9669','6869a4a0-3838-430e-a547-ad808fba72d2','861212ce-cc68-11e7-b012-94de807a9669','AGRICULTURAL_ANIMALS'),('3cd6f95f-cc8c-11e7-b012-94de807a9669','6869a4a0-3838-430e-a547-ad808fba72d2','77453fa6-cc68-11e7-b012-94de807a9669','Animals'),('3d11cbca-cc8c-11e7-b012-94de807a9669','6869a4a0-3838-430e-a547-ad808fba72d2','e0bcd771-cc68-11e7-b012-94de807a9669','fceef8d5-cbcf-11e7-97a3-94de807a9669'),('3d53094c-43bc-4b12-bfad-12d95bdacb1d','700cc321-b396-4397-bc48-4e98a4717f32','fcdbbf28-cbcf-11e7-97a3-94de807a9669','Обычный'),('3d5f6772-c132-4f65-9ad0-4f61b6141c2e','b5673d91-5f75-45ab-9b14-272a7d9358dd','fdc55704-cbcf-11e7-97a3-94de807a9669','74bab1e7-61df-4cfb-a783-c9d0d18bdb93'),('3e7087b6-f283-4bca-94ad-6a8602a0660d','06276637-0c12-4fc7-aebe-fc71f52af13c','fcce6802-cbcf-11e7-97a3-94de807a9669','42'),('3f3dd8c1-4a3b-40da-8962-602be6e51f0a','700cc321-b396-4397-bc48-4e98a4717f32','fcae6055-cbcf-11e7-97a3-94de807a9669','Хореошее'),('454a2357-36b5-41bf-8781-8b4690febf3e','a89cd4e1-6be3-475e-b020-1d01feb4972f','fd4dc016-cbcf-11e7-97a3-94de807a9669','Astra'),('46c2b606-252f-4e86-aa0b-2535da4cb8f5','74bab1e7-61df-4cfb-a783-c9d0d18bdb93','4c360ca4-d466-11e7-bdec-94de807a9669','MODERATION'),('48742c0c-19b8-4397-91ba-76ec24dc7551','700cc321-b396-4397-bc48-4e98a4717f32','7193182c-d466-11e7-bdec-94de807a9669','Хорошо сохранился, звонить можно.'),('49c8ca87-9fd3-4d02-9b5b-1afb8229330e','a89cd4e1-6be3-475e-b020-1d01feb4972f','fd50b9f6-cbcf-11e7-97a3-94de807a9669','2000'),('49d078ab-b587-47dd-994d-c20d034a040f','74bab1e7-61df-4cfb-a783-c9d0d18bdb93','fd377038-cbcf-11e7-97a3-94de807a9669','VW'),('4f08878e-cc88-11e7-b012-94de807a9669','865b4916-ea93-4638-abec-2a339c8e3e36','861212ce-cc68-11e7-b012-94de807a9669','FURNITURE_AND_INTERIOR'),('4f0902f3-cc88-11e7-b012-94de807a9669','865b4916-ea93-4638-abec-2a339c8e3e36','77453fa6-cc68-11e7-b012-94de807a9669','House'),('4f093ef3-cc88-11e7-b012-94de807a9669','865b4916-ea93-4638-abec-2a339c8e3e36','e0bcd771-cc68-11e7-b012-94de807a9669','fcae6055-cbcf-11e7-97a3-94de807a9669'),('4f0976ac-cc88-11e7-b012-94de807a9669','865b4916-ea93-4638-abec-2a339c8e3e36','e0bcd771-cc68-11e7-b012-94de807a9669','fcdbbf28-cbcf-11e7-97a3-94de807a9669'),('4f09e317-cc88-11e7-b012-94de807a9669','865b4916-ea93-4638-abec-2a339c8e3e36','e0bcd771-cc68-11e7-b012-94de807a9669','fce58ea3-cbcf-11e7-97a3-94de807a9669'),('4f0a27bc-cc88-11e7-b012-94de807a9669','865b4916-ea93-4638-abec-2a339c8e3e36','e0bcd771-cc68-11e7-b012-94de807a9669','fcebe48e-cbcf-11e7-97a3-94de807a9669'),('52625922-b219-43fc-b657-e4248a777136','95ba62d0-ca5f-4171-b18e-55f50642255b','fd377038-cbcf-11e7-97a3-94de807a9669','LG'),('5292e019-cc8c-11e7-b012-94de807a9669','e6488e18-520c-49d3-8f81-284419aba61b','861212ce-cc68-11e7-b012-94de807a9669','GOODS_FOR_ANIMAL'),('52944938-cc8c-11e7-b012-94de807a9669','e6488e18-520c-49d3-8f81-284419aba61b','77453fa6-cc68-11e7-b012-94de807a9669','Animals'),('5294a11d-cc8c-11e7-b012-94de807a9669','e6488e18-520c-49d3-8f81-284419aba61b','e0bcd771-cc68-11e7-b012-94de807a9669','fcdbbf28-cbcf-11e7-97a3-94de807a9669'),('5295149e-cc8c-11e7-b012-94de807a9669','e6488e18-520c-49d3-8f81-284419aba61b','e0bcd771-cc68-11e7-b012-94de807a9669','fcae6055-cbcf-11e7-97a3-94de807a9669'),('5752d943-dea9-11e7-a788-94de807a9669','06276637-0c12-4fc7-aebe-fc71f52af13c','02b0d542-d467-11e7-bdec-94de807a9669','Mon Dec 11 22:04:07 GMT+02:00 2017'),('5a07ee7c-2c71-41ab-989c-48b233ee8955','74bab1e7-61df-4cfb-a783-c9d0d18bdb93','e7fed6d6-d465-11e7-bdec-94de807a9669','MODERATION'),('5a0c2d62-4016-46fc-afbb-148578034c38','95ba62d0-ca5f-4171-b18e-55f50642255b','fd87f935-cbcf-11e7-97a3-94de807a9669','PHONES'),('5db1d3d7-cc89-11e7-b012-94de807a9669','d6ff7106-8774-4913-9912-7a051cbec313','861212ce-cc68-11e7-b012-94de807a9669','HOUSES_VILLAS_COTTAGES'),('5db25fe7-cc89-11e7-b012-94de807a9669','d6ff7106-8774-4913-9912-7a051cbec313','77453fa6-cc68-11e7-b012-94de807a9669','Realty'),('5db29f61-cc89-11e7-b012-94de807a9669','d6ff7106-8774-4913-9912-7a051cbec313','e0bcd771-cc68-11e7-b012-94de807a9669','fcf27cb8-cbcf-11e7-97a3-94de807a9669'),('5db31d4c-cc89-11e7-b012-94de807a9669','d6ff7106-8774-4913-9912-7a051cbec313','e0bcd771-cc68-11e7-b012-94de807a9669','fcfd9280-cbcf-11e7-97a3-94de807a9669'),('5dbf799e-cc89-11e7-b012-94de807a9669','d6ff7106-8774-4913-9912-7a051cbec313','e0bcd771-cc68-11e7-b012-94de807a9669','fcae6055-cbcf-11e7-97a3-94de807a9669'),('5dbfb9b6-cc89-11e7-b012-94de807a9669','d6ff7106-8774-4913-9912-7a051cbec313','e0bcd771-cc68-11e7-b012-94de807a9669','fd155db0-cbcf-11e7-97a3-94de807a9669'),('5dc06b0f-cc89-11e7-b012-94de807a9669','d6ff7106-8774-4913-9912-7a051cbec313','e0bcd771-cc68-11e7-b012-94de807a9669','fd076387-cbcf-11e7-97a3-94de807a9669'),('5dcf77ab-cc89-11e7-b012-94de807a9669','d6ff7106-8774-4913-9912-7a051cbec313','e0bcd771-cc68-11e7-b012-94de807a9669','fd19c17c-cbcf-11e7-97a3-94de807a9669'),('5eb2f7df-9412-44d3-afc7-da5ab1a85672','74bab1e7-61df-4cfb-a783-c9d0d18bdb93','526b1cd0-d466-11e7-bdec-94de807a9669','VW Polo'),('614a6e55-cc88-11e7-b012-94de807a9669','e1e75bac-e2d8-48cc-99ee-1ac80a00ab52','861212ce-cc68-11e7-b012-94de807a9669','HOUSEHOLD_GOODS'),('614ab941-cc88-11e7-b012-94de807a9669','e1e75bac-e2d8-48cc-99ee-1ac80a00ab52','77453fa6-cc68-11e7-b012-94de807a9669','House'),('614b1ac7-cc88-11e7-b012-94de807a9669','e1e75bac-e2d8-48cc-99ee-1ac80a00ab52','e0bcd771-cc68-11e7-b012-94de807a9669','fcae6055-cbcf-11e7-97a3-94de807a9669'),('65b82f73-c34b-427b-b9b6-9629fe9cecb0','a89cd4e1-6be3-475e-b020-1d01feb4972f','e7fed6d6-d465-11e7-bdec-94de807a9669','MODERATION'),('67867a7d-0efc-4bfe-8987-da01ed0e0437','06276637-0c12-4fc7-aebe-fc71f52af13c','fcbcd3df-cbcf-11e7-97a3-94de807a9669','Носки'),('681521c5-df98-4471-884f-28cb87730de6','74bab1e7-61df-4cfb-a783-c9d0d18bdb93','fd50b9f6-cbcf-11e7-97a3-94de807a9669','2016'),('694c13c0-09af-4fd7-9b5a-718431b1ae88','700cc321-b396-4397-bc48-4e98a4717f32','77453fa6-cc68-11e7-b012-94de807a9669','Technics'),('6b9bae84-81a0-4af2-a929-88c126b9b762','06276637-0c12-4fc7-aebe-fc71f52af13c','77453fa6-cc68-11e7-b012-94de807a9669','Fashion'),('6bfd6951-cc88-11e7-b012-94de807a9669','65b4499d-350b-454a-8a9c-ff4f0b4c3886','861212ce-cc68-11e7-b012-94de807a9669','DISHES_AND_COOKING_UTENSILS'),('6bfdb5df-cc88-11e7-b012-94de807a9669','65b4499d-350b-454a-8a9c-ff4f0b4c3886','77453fa6-cc68-11e7-b012-94de807a9669','House'),('6bfdef5c-cc88-11e7-b012-94de807a9669','65b4499d-350b-454a-8a9c-ff4f0b4c3886','e0bcd771-cc68-11e7-b012-94de807a9669','fcae6055-cbcf-11e7-97a3-94de807a9669'),('6c51dc20-7aa1-4c50-a9ae-0deee339924e','a89cd4e1-6be3-475e-b020-1d01feb4972f','fd5a585b-cbcf-11e7-97a3-94de807a9669','Дизель'),('7145bc4b-d9e4-11e7-98e7-94de807a9669','76533419-d9e2-11e7-98e7-94de807a9669','03de98c9-d466-11e7-bdec-94de807a9669','54'),('7145c2db-d9e4-11e7-98e7-94de807a9669','76533419-d9e2-11e7-98e7-94de807a9669','981076e8-d465-11e7-bdec-94de807a9669','22.01.2017'),('7145c4a0-d9e4-11e7-98e7-94de807a9669','76533419-d9e2-11e7-98e7-94de807a9669','e7fed6d6-d465-11e7-bdec-94de807a9669','ADMINISTRATOR'),('7145c658-d9e4-11e7-98e7-94de807a9669','76533419-d9e2-11e7-98e7-94de807a9669','fd8fc8a5-cbcf-11e7-97a3-94de807a9669','1'),('7145c7f4-d9e4-11e7-98e7-94de807a9669','76533419-d9e2-11e7-98e7-94de807a9669','fd93b41b-cbcf-11e7-97a3-94de807a9669','Ткачев Иван Николаевич'),('71480e4c-d9e4-11e7-98e7-94de807a9669','76533419-d9e2-11e7-98e7-94de807a9669','fd97346f-cbcf-11e7-97a3-94de807a9669','М'),('7148221a-d9e4-11e7-98e7-94de807a9669','76533419-d9e2-11e7-98e7-94de807a9669','fd9c98fa-cbcf-11e7-97a3-94de807a9669','+375291112233'),('71482327-d9e4-11e7-98e7-94de807a9669','76533419-d9e2-11e7-98e7-94de807a9669','fda0bbe9-cbcf-11e7-97a3-94de807a9669','31.12.1999'),('71482418-d9e4-11e7-98e7-94de807a9669','76533419-d9e2-11e7-98e7-94de807a9669','fda621dc-cbcf-11e7-97a3-94de807a9669','ivanische@gmail.com'),('714bd102-d9e4-11e7-98e7-94de807a9669','76533419-d9e2-11e7-98e7-94de807a9669','fdad14d4-cbcf-11e7-97a3-94de807a9669','Минск'),('71534a8d-cb7b-4397-b5f9-de83dd0fdb24','74bab1e7-61df-4cfb-a783-c9d0d18bdb93','fd87f935-cbcf-11e7-97a3-94de807a9669','CARS'),('72f2a72e-cc89-11e7-b012-94de807a9669','a508e29b-a2fc-4e49-8f1c-29ca37a522af','861212ce-cc68-11e7-b012-94de807a9669','GARAGES'),('72f317ff-cc89-11e7-b012-94de807a9669','a508e29b-a2fc-4e49-8f1c-29ca37a522af','77453fa6-cc68-11e7-b012-94de807a9669','Realty'),('72f369ed-cc89-11e7-b012-94de807a9669','a508e29b-a2fc-4e49-8f1c-29ca37a522af','e0bcd771-cc68-11e7-b012-94de807a9669','fd1cd34e-cbcf-11e7-97a3-94de807a9669'),('72f3a08d-cc89-11e7-b012-94de807a9669','a508e29b-a2fc-4e49-8f1c-29ca37a522af','e0bcd771-cc68-11e7-b012-94de807a9669','fd155db0-cbcf-11e7-97a3-94de807a9669'),('73f2023d-cc86-11e7-b012-94de807a9669','7c0e663a-65a1-40d0-b2cc-9143212e5dfe','861212ce-cc68-11e7-b012-94de807a9669','MEN_SHOES'),('73f4f81b-cc86-11e7-b012-94de807a9669','7c0e663a-65a1-40d0-b2cc-9143212e5dfe','77453fa6-cc68-11e7-b012-94de807a9669','Fashion'),('73f59d98-cc86-11e7-b012-94de807a9669','7c0e663a-65a1-40d0-b2cc-9143212e5dfe','e0bcd771-cc68-11e7-b012-94de807a9669','fcae6055-cbcf-11e7-97a3-94de807a9669'),('73f66ab0-cc86-11e7-b012-94de807a9669','7c0e663a-65a1-40d0-b2cc-9143212e5dfe','e0bcd771-cc68-11e7-b012-94de807a9669','fcb5c185-cbcf-11e7-97a3-94de807a9669'),('73f780b7-cc86-11e7-b012-94de807a9669','7c0e663a-65a1-40d0-b2cc-9143212e5dfe','e0bcd771-cc68-11e7-b012-94de807a9669','fcd7dc6a-cbcf-11e7-97a3-94de807a9669'),('73f7de6d-cc86-11e7-b012-94de807a9669','7c0e663a-65a1-40d0-b2cc-9143212e5dfe','e0bcd771-cc68-11e7-b012-94de807a9669','fcce6802-cbcf-11e7-97a3-94de807a9669'),('7b3f4522-ef27-41e4-9448-baeca049f30a','700cc321-b396-4397-bc48-4e98a4717f32','fd87f935-cbcf-11e7-97a3-94de807a9669','PHONES'),('7c9912b8-6584-4544-b579-6b706713ab41','95ba62d0-ca5f-4171-b18e-55f50642255b','fd8c09c4-cbcf-11e7-97a3-94de807a9669','Technics'),('7ee01ef1-21ea-4fd0-a996-75ce58285b30','a89cd4e1-6be3-475e-b020-1d01feb4972f','fd377038-cbcf-11e7-97a3-94de807a9669','Opel'),('854311e7-dea9-11e7-a788-94de807a9669','700cc321-b396-4397-bc48-4e98a4717f32','02b0d542-d467-11e7-bdec-94de807a9669','edit to test'),('85c2c0ed-179e-4ff6-9299-a8d9403eda67','700cc321-b396-4397-bc48-4e98a4717f32','fd846366-cbcf-11e7-97a3-94de807a9669','Tanushka'),('899a2599-19c9-49ee-b350-89bb6ef6711c','a89cd4e1-6be3-475e-b020-1d01feb4972f','fd8c09c4-cbcf-11e7-97a3-94de807a9669','Auto'),('8a9e47d5-cc8a-11e7-b012-94de807a9669','d052c832-eff4-41e2-a703-957a680b5948','861212ce-cc68-11e7-b012-94de807a9669','CARS'),('8a9e9ecc-cc8a-11e7-b012-94de807a9669','d052c832-eff4-41e2-a703-957a680b5948','77453fa6-cc68-11e7-b012-94de807a9669','Auto'),('8a9ecb16-cc8a-11e7-b012-94de807a9669','d052c832-eff4-41e2-a703-957a680b5948','e0bcd771-cc68-11e7-b012-94de807a9669','fd377038-cbcf-11e7-97a3-94de807a9669'),('8a9f1e2a-cc8a-11e7-b012-94de807a9669','d052c832-eff4-41e2-a703-957a680b5948','e0bcd771-cc68-11e7-b012-94de807a9669','fd4dc016-cbcf-11e7-97a3-94de807a9669'),('8a9f5332-cc8a-11e7-b012-94de807a9669','d052c832-eff4-41e2-a703-957a680b5948','e0bcd771-cc68-11e7-b012-94de807a9669','fd50b9f6-cbcf-11e7-97a3-94de807a9669'),('8a9f8339-cc8a-11e7-b012-94de807a9669','d052c832-eff4-41e2-a703-957a680b5948','e0bcd771-cc68-11e7-b012-94de807a9669','fd5400b1-cbcf-11e7-97a3-94de807a9669'),('8a9fad11-cc8a-11e7-b012-94de807a9669','d052c832-eff4-41e2-a703-957a680b5948','e0bcd771-cc68-11e7-b012-94de807a9669','fd5721bd-cbcf-11e7-97a3-94de807a9669'),('8a9fd9e9-cc8a-11e7-b012-94de807a9669','d052c832-eff4-41e2-a703-957a680b5948','e0bcd771-cc68-11e7-b012-94de807a9669','fd5a585b-cbcf-11e7-97a3-94de807a9669'),('8aa009f7-cc8a-11e7-b012-94de807a9669','d052c832-eff4-41e2-a703-957a680b5948','e0bcd771-cc68-11e7-b012-94de807a9669','fd5d644f-cbcf-11e7-97a3-94de807a9669'),('8aa01acb-92fb-4dfc-b68a-8b0352cb7728','06276637-0c12-4fc7-aebe-fc71f52af13c','ffdf2dfd-d466-11e7-bdec-94de807a9669','05.12.2017'),('8b08bbe4-dfcf-485d-b2cb-56236177e892','700cc321-b396-4397-bc48-4e98a4717f32','fd3ddaa2-cbcf-11e7-97a3-94de807a9669','4'),('8bd697a0-cc89-11e7-b012-94de807a9669','9283ad0d-37a5-4d4e-98c3-02f31e5c7b55','861212ce-cc68-11e7-b012-94de807a9669','HOMESTEAD'),('8bd6f53c-cc89-11e7-b012-94de807a9669','9283ad0d-37a5-4d4e-98c3-02f31e5c7b55','77453fa6-cc68-11e7-b012-94de807a9669','Realty'),('8bd74209-cc89-11e7-b012-94de807a9669','9283ad0d-37a5-4d4e-98c3-02f31e5c7b55','e0bcd771-cc68-11e7-b012-94de807a9669','fd1fffff-cbcf-11e7-97a3-94de807a9669'),('8bd79c03-cc89-11e7-b012-94de807a9669','9283ad0d-37a5-4d4e-98c3-02f31e5c7b55','e0bcd771-cc68-11e7-b012-94de807a9669','fd235de6-cbcf-11e7-97a3-94de807a9669'),('8f3210d9-dea9-11e7-a788-94de807a9669','74bab1e7-61df-4cfb-a783-c9d0d18bdb93','02b0d542-d467-11e7-bdec-94de807a9669','edit to test'),('9170ee31-8f47-49c6-af71-76f45f5fbd03','06276637-0c12-4fc7-aebe-fc71f52af13c','02b0d542-d467-11e7-bdec-94de807a9669','05.12.2017'),('932f73d5-898f-4e36-bee0-048db937d679','700cc321-b396-4397-bc48-4e98a4717f32','fd80811d-cbcf-11e7-97a3-94de807a9669','100 BYN'),('94a1f2ce-15d9-4e15-9833-d5b8a259a6f0','95ba62d0-ca5f-4171-b18e-55f50642255b','77453fa6-cc68-11e7-b012-94de807a9669','Technics'),('94ba9ecd-cc88-11e7-b012-94de807a9669','e6d19511-c01f-4c2f-8bda-b4e7a545c984','861212ce-cc68-11e7-b012-94de807a9669','INDOOR_PLANTS'),('94bc6dd0-cc88-11e7-b012-94de807a9669','e6d19511-c01f-4c2f-8bda-b4e7a545c984','77453fa6-cc68-11e7-b012-94de807a9669','House'),('94bef78d-cc88-11e7-b012-94de807a9669','e6d19511-c01f-4c2f-8bda-b4e7a545c984','e0bcd771-cc68-11e7-b012-94de807a9669','fce89f0e-cbcf-11e7-97a3-94de807a9669'),('97907be3-cc8b-11e7-b012-94de807a9669','0a9368fe-7202-418f-a321-3322304a5df8','861212ce-cc68-11e7-b012-94de807a9669','GREENHOUSES'),('9790bd56-cc8b-11e7-b012-94de807a9669','0a9368fe-7202-418f-a321-3322304a5df8','77453fa6-cc68-11e7-b012-94de807a9669','Garden'),('9790fe0f-cc8b-11e7-b012-94de807a9669','0a9368fe-7202-418f-a321-3322304a5df8','e0bcd771-cc68-11e7-b012-94de807a9669','fcae6055-cbcf-11e7-97a3-94de807a9669'),('9792293f-cc8b-11e7-b012-94de807a9669','0a9368fe-7202-418f-a321-3322304a5df8','e0bcd771-cc68-11e7-b012-94de807a9669','fd6518de-cbcf-11e7-97a3-94de807a9669'),('97928928-cc8b-11e7-b012-94de807a9669','0a9368fe-7202-418f-a321-3322304a5df8','e0bcd771-cc68-11e7-b012-94de807a9669','fd6861aa-cbcf-11e7-97a3-94de807a9669'),('9792bf51-cc8b-11e7-b012-94de807a9669','0a9368fe-7202-418f-a321-3322304a5df8','e0bcd771-cc68-11e7-b012-94de807a9669','fce89f0e-cbcf-11e7-97a3-94de807a9669'),('9f73b258-8fcf-4f74-bd42-f2d7b2facce2','700cc321-b396-4397-bc48-4e98a4717f32','fd8c09c4-cbcf-11e7-97a3-94de807a9669','Technics'),('a07e51dc-6a87-45d2-91c6-b517c751a6a4','b5673d91-5f75-45ab-9b14-272a7d9358dd','fdc02d2a-cbcf-11e7-97a3-94de807a9669','DarmentUser'),('a2fb6647-4ad0-4dd7-9b36-d2d8804bc9d4','06276637-0c12-4fc7-aebe-fc71f52af13c','fd80811d-cbcf-11e7-97a3-94de807a9669','5 BYN'),('a44e12bd-d9e5-11e7-98e7-94de807a9669','649633de-d9e5-11e7-98e7-94de807a9669','03de98c9-d466-11e7-bdec-94de807a9669','15'),('a4519eb3-d9e5-11e7-98e7-94de807a9669','649633de-d9e5-11e7-98e7-94de807a9669','981076e8-d465-11e7-bdec-94de807a9669','20.11.2017'),('a451a0cc-d9e5-11e7-98e7-94de807a9669','649633de-d9e5-11e7-98e7-94de807a9669','e7fed6d6-d465-11e7-bdec-94de807a9669','BLOCKED'),('a451a23a-d9e5-11e7-98e7-94de807a9669','649633de-d9e5-11e7-98e7-94de807a9669','fd8fc8a5-cbcf-11e7-97a3-94de807a9669','3'),('a451a369-d9e5-11e7-98e7-94de807a9669','649633de-d9e5-11e7-98e7-94de807a9669','fd93b41b-cbcf-11e7-97a3-94de807a9669','Реентович Евгений Васильевич'),('a451a49e-d9e5-11e7-98e7-94de807a9669','649633de-d9e5-11e7-98e7-94de807a9669','fd97346f-cbcf-11e7-97a3-94de807a9669','М'),('a451a57b-d9e5-11e7-98e7-94de807a9669','649633de-d9e5-11e7-98e7-94de807a9669','fd9c98fa-cbcf-11e7-97a3-94de807a9669','+375291945235'),('a451a666-d9e5-11e7-98e7-94de807a9669','649633de-d9e5-11e7-98e7-94de807a9669','fda0bbe9-cbcf-11e7-97a3-94de807a9669','24.10.1994'),('a451d3fb-d9e5-11e7-98e7-94de807a9669','649633de-d9e5-11e7-98e7-94de807a9669','fda621dc-cbcf-11e7-97a3-94de807a9669','scorpion_jeka@gmail.com'),('a451d573-d9e5-11e7-98e7-94de807a9669','649633de-d9e5-11e7-98e7-94de807a9669','fdad14d4-cbcf-11e7-97a3-94de807a9669','Минск'),('a4640bd5-f691-4344-a1e2-6cf418b32212','700cc321-b396-4397-bc48-4e98a4717f32','e7fed6d6-d465-11e7-bdec-94de807a9669','MODERATION'),('a47d63c3-dea9-11e7-a788-94de807a9669','95ba62d0-ca5f-4171-b18e-55f50642255b','02b0d542-d467-11e7-bdec-94de807a9669','Mon Dec 11 22:08:28 GMT+02:00 2017'),('a49e85cb-793d-40d3-aa15-3d5deaaf5807','95ba62d0-ca5f-4171-b18e-55f50642255b','4c360ca4-d466-11e7-bdec-94de807a9669','MODERATION'),('a5c5494f-f578-4fd7-b80f-8bbdbce4ceb2','95ba62d0-ca5f-4171-b18e-55f50642255b','fd3ddaa2-cbcf-11e7-97a3-94de807a9669','4.2'),('ae6fb0c0-dea9-11e7-a788-94de807a9669','a89cd4e1-6be3-475e-b020-1d01feb4972f','02b0d542-d467-11e7-bdec-94de807a9669','edit to test'),('b1ca77ac-ff47-4076-908d-6be94a3f558d','a89cd4e1-6be3-475e-b020-1d01feb4972f','fd846366-cbcf-11e7-97a3-94de807a9669','Tanushka'),('b2f88c01-d9e4-11e7-98e7-94de807a9669','ef47ec9a-d9e3-11e7-98e7-94de807a9669','03de98c9-d466-11e7-bdec-94de807a9669','34'),('b2f9f432-d9e4-11e7-98e7-94de807a9669','ef47ec9a-d9e3-11e7-98e7-94de807a9669','981076e8-d465-11e7-bdec-94de807a9669','22.11.2017'),('b2f9f600-d9e4-11e7-98e7-94de807a9669','ef47ec9a-d9e3-11e7-98e7-94de807a9669','e7fed6d6-d465-11e7-bdec-94de807a9669','ADMINISTRATOR'),('b2f9f70d-d9e4-11e7-98e7-94de807a9669','ef47ec9a-d9e3-11e7-98e7-94de807a9669','fd8fc8a5-cbcf-11e7-97a3-94de807a9669','2'),('b2f9f82e-d9e4-11e7-98e7-94de807a9669','ef47ec9a-d9e3-11e7-98e7-94de807a9669','fd93b41b-cbcf-11e7-97a3-94de807a9669','Накакой Никто Ничейнович'),('b2f9f928-d9e4-11e7-98e7-94de807a9669','ef47ec9a-d9e3-11e7-98e7-94de807a9669','fd97346f-cbcf-11e7-97a3-94de807a9669','М'),('b2f9fa05-d9e4-11e7-98e7-94de807a9669','ef47ec9a-d9e3-11e7-98e7-94de807a9669','fd9c98fa-cbcf-11e7-97a3-94de807a9669','+375290000000'),('b2f9fae1-d9e4-11e7-98e7-94de807a9669','ef47ec9a-d9e3-11e7-98e7-94de807a9669','fda0bbe9-cbcf-11e7-97a3-94de807a9669','01.01.1900'),('b2f9fbc8-d9e4-11e7-98e7-94de807a9669','ef47ec9a-d9e3-11e7-98e7-94de807a9669','fda621dc-cbcf-11e7-97a3-94de807a9669','nikak@gmail.com'),('b2f9fce9-d9e4-11e7-98e7-94de807a9669','ef47ec9a-d9e3-11e7-98e7-94de807a9669','fdad14d4-cbcf-11e7-97a3-94de807a9669','Нигде'),('b40e0a9d-cc89-11e7-b012-94de807a9669','965dc5c4-ea31-4baf-9f9a-947abb279c99','861212ce-cc68-11e7-b012-94de807a9669','AUDIO'),('b40e5457-cc89-11e7-b012-94de807a9669','965dc5c4-ea31-4baf-9f9a-947abb279c99','77453fa6-cc68-11e7-b012-94de807a9669','Technics'),('b40e9eff-cc89-11e7-b012-94de807a9669','965dc5c4-ea31-4baf-9f9a-947abb279c99','e0bcd771-cc68-11e7-b012-94de807a9669','fcae6055-cbcf-11e7-97a3-94de807a9669'),('b40edaee-cc89-11e7-b012-94de807a9669','965dc5c4-ea31-4baf-9f9a-947abb279c99','e0bcd771-cc68-11e7-b012-94de807a9669','fd27a0f1-cbcf-11e7-97a3-94de807a9669'),('b40f10df-cc89-11e7-b012-94de807a9669','965dc5c4-ea31-4baf-9f9a-947abb279c99','e0bcd771-cc68-11e7-b012-94de807a9669','fcdbbf28-cbcf-11e7-97a3-94de807a9669'),('b4522897-94c1-407c-9f81-24f772193b5a','700cc321-b396-4397-bc48-4e98a4717f32','ffdf2dfd-d466-11e7-bdec-94de807a9669','05.12.2017'),('b5aaf3d4-cc85-11e7-b012-94de807a9669','06786403-44cc-46dc-a4ab-99fd03c4d254','861212ce-cc68-11e7-b012-94de807a9669','MEN_CLOTHING'),('b5ad7d78-cc85-11e7-b012-94de807a9669','06786403-44cc-46dc-a4ab-99fd03c4d254','77453fa6-cc68-11e7-b012-94de807a9669','Fashion'),('b5adbf7d-cc85-11e7-b012-94de807a9669','06786403-44cc-46dc-a4ab-99fd03c4d254','e0bcd771-cc68-11e7-b012-94de807a9669','fcae6055-cbcf-11e7-97a3-94de807a9669'),('b5ae56ce-cc85-11e7-b012-94de807a9669','06786403-44cc-46dc-a4ab-99fd03c4d254','e0bcd771-cc68-11e7-b012-94de807a9669','fcb5c185-cbcf-11e7-97a3-94de807a9669'),('b5ae90dc-cc85-11e7-b012-94de807a9669','06786403-44cc-46dc-a4ab-99fd03c4d254','e0bcd771-cc68-11e7-b012-94de807a9669','fcbcd3df-cbcf-11e7-97a3-94de807a9669'),('b5aef116-cc85-11e7-b012-94de807a9669','06786403-44cc-46dc-a4ab-99fd03c4d254','e0bcd771-cc68-11e7-b012-94de807a9669','fcce6802-cbcf-11e7-97a3-94de807a9669'),('b7b3e0ee-cc8a-11e7-b012-94de807a9669','1e9bfb7c-507a-4c16-af87-e21a9ba46f95','861212ce-cc68-11e7-b012-94de807a9669','MOTORCYCLES'),('b7b42774-cc8a-11e7-b012-94de807a9669','1e9bfb7c-507a-4c16-af87-e21a9ba46f95','77453fa6-cc68-11e7-b012-94de807a9669','Auto'),('b7b460fa-cc8a-11e7-b012-94de807a9669','1e9bfb7c-507a-4c16-af87-e21a9ba46f95','e0bcd771-cc68-11e7-b012-94de807a9669','fd377038-cbcf-11e7-97a3-94de807a9669'),('b7c5b4a2-cc8a-11e7-b012-94de807a9669','1e9bfb7c-507a-4c16-af87-e21a9ba46f95','e0bcd771-cc68-11e7-b012-94de807a9669','fd50b9f6-cbcf-11e7-97a3-94de807a9669'),('b7c5ec4a-cc8a-11e7-b012-94de807a9669','1e9bfb7c-507a-4c16-af87-e21a9ba46f95','e0bcd771-cc68-11e7-b012-94de807a9669','fd5400b1-cbcf-11e7-97a3-94de807a9669'),('b7c61ab5-cc8a-11e7-b012-94de807a9669','1e9bfb7c-507a-4c16-af87-e21a9ba46f95','e0bcd771-cc68-11e7-b012-94de807a9669','fd5d644f-cbcf-11e7-97a3-94de807a9669'),('b896685a-deae-11e7-a788-94de807a9669','74bab1e7-61df-4cfb-a783-c9d0d18bdb93','7193182c-d466-11e7-bdec-94de807a9669','Совсем новый'),('b95dc9a2-cc8b-11e7-b012-94de807a9669','27a5b7a9-9e36-447f-8938-daa8487b7b14','861212ce-cc68-11e7-b012-94de807a9669','FERTILIZERS'),('b966d688-cc8b-11e7-b012-94de807a9669','27a5b7a9-9e36-447f-8938-daa8487b7b14','77453fa6-cc68-11e7-b012-94de807a9669','Garden'),('b9676347-cc8b-11e7-b012-94de807a9669','27a5b7a9-9e36-447f-8938-daa8487b7b14','e0bcd771-cc68-11e7-b012-94de807a9669','fd6c28e2-cbcf-11e7-97a3-94de807a9669'),('be9fe21b-7b92-4e3a-82b5-ae4da0be3cbd','06276637-0c12-4fc7-aebe-fc71f52af13c','7193182c-d466-11e7-bdec-94de807a9669','Черные, удобные, правый потерялся.'),('c392acd7-cc8b-11e7-b012-94de807a9669','27b04212-eeb6-4596-869d-934c1f7f73ba','861212ce-cc68-11e7-b012-94de807a9669','SEEDS'),('c392ff0b-cc8b-11e7-b012-94de807a9669','27b04212-eeb6-4596-869d-934c1f7f73ba','77453fa6-cc68-11e7-b012-94de807a9669','Garden'),('c39331f1-cc8b-11e7-b012-94de807a9669','27b04212-eeb6-4596-869d-934c1f7f73ba','e0bcd771-cc68-11e7-b012-94de807a9669','fd6ff160-cbcf-11e7-97a3-94de807a9669'),('c3a5f490-f1e8-4501-b27b-47554c08b3c2','06276637-0c12-4fc7-aebe-fc71f52af13c','e7fed6d6-d465-11e7-bdec-94de807a9669','MODERATION'),('c4929b67-4540-4738-bda8-d06ed02babbb','95ba62d0-ca5f-4171-b18e-55f50642255b','fd80811d-cbcf-11e7-97a3-94de807a9669','200 BYN'),('c50c9aa8-64cd-4cb1-a1e4-77a4562ce29d','74bab1e7-61df-4cfb-a783-c9d0d18bdb93','77453fa6-cc68-11e7-b012-94de807a9669','Auto'),('c5cf0794-b007-4558-9c4a-74a6ab9dab39','74bab1e7-61df-4cfb-a783-c9d0d18bdb93','fd4dc016-cbcf-11e7-97a3-94de807a9669','Polo'),('c6502af3-958e-49cb-a4e5-f79000136eb8','a89cd4e1-6be3-475e-b020-1d01feb4972f','526b1cd0-d466-11e7-bdec-94de807a9669','Opel Astra'),('caf896f3-4856-4640-b762-c78710ec372c','06276637-0c12-4fc7-aebe-fc71f52af13c','fd87f935-cbcf-11e7-97a3-94de807a9669','MEN_CLOTHING'),('cc1330f1-cc88-11e7-b012-94de807a9669','9ff6d92d-a237-4763-b99c-7757ccb02f3d','861212ce-cc68-11e7-b012-94de807a9669','HOUSEHOLD_APPLIANCES'),('cc138ec2-cc88-11e7-b012-94de807a9669','9ff6d92d-a237-4763-b99c-7757ccb02f3d','77453fa6-cc68-11e7-b012-94de807a9669','House'),('cc13c022-cc88-11e7-b012-94de807a9669','9ff6d92d-a237-4763-b99c-7757ccb02f3d','e0bcd771-cc68-11e7-b012-94de807a9669','fcae6055-cbcf-11e7-97a3-94de807a9669'),('cc1403cd-cc88-11e7-b012-94de807a9669','9ff6d92d-a237-4763-b99c-7757ccb02f3d','e0bcd771-cc68-11e7-b012-94de807a9669','fcdbbf28-cbcf-11e7-97a3-94de807a9669'),('cc144171-cc88-11e7-b012-94de807a9669','9ff6d92d-a237-4763-b99c-7757ccb02f3d','e0bcd771-cc68-11e7-b012-94de807a9669','fceef8d5-cbcf-11e7-97a3-94de807a9669'),('cc33ec16-cc88-11e7-b012-94de807a9669','9ff6d92d-a237-4763-b99c-7757ccb02f3d','e0bcd771-cc68-11e7-b012-94de807a9669','fce58ea3-cbcf-11e7-97a3-94de807a9669'),('cc861a0d-cc89-11e7-b012-94de807a9669','eefa1565-88d6-4b93-9827-41306c3bfa57','861212ce-cc68-11e7-b012-94de807a9669','TV_AND_VIDEO'),('cc92cbb6-cc89-11e7-b012-94de807a9669','eefa1565-88d6-4b93-9827-41306c3bfa57','77453fa6-cc68-11e7-b012-94de807a9669','Technics'),('cc930048-cc89-11e7-b012-94de807a9669','eefa1565-88d6-4b93-9827-41306c3bfa57','e0bcd771-cc68-11e7-b012-94de807a9669','fcae6055-cbcf-11e7-97a3-94de807a9669'),('cc934725-cc89-11e7-b012-94de807a9669','eefa1565-88d6-4b93-9827-41306c3bfa57','e0bcd771-cc68-11e7-b012-94de807a9669','fcdbbf28-cbcf-11e7-97a3-94de807a9669'),('cc937c52-cc89-11e7-b012-94de807a9669','eefa1565-88d6-4b93-9827-41306c3bfa57','e0bcd771-cc68-11e7-b012-94de807a9669','fd2ac67b-cbcf-11e7-97a3-94de807a9669'),('cc93ae28-cc89-11e7-b012-94de807a9669','eefa1565-88d6-4b93-9827-41306c3bfa57','e0bcd771-cc68-11e7-b012-94de807a9669','fd27a0f1-cbcf-11e7-97a3-94de807a9669'),('cef847b6-cc86-11e7-b012-94de807a9669','38bf1e48-10d1-43d2-a9c4-cdf417aaef37','861212ce-cc68-11e7-b012-94de807a9669','WOMEN_SHOES'),('cef9d76e-d9e5-11e7-98e7-94de807a9669','62933f0a-d9e5-11e7-98e7-94de807a9669','03de98c9-d466-11e7-bdec-94de807a9669','31'),('cefa67b3-cc86-11e7-b012-94de807a9669','38bf1e48-10d1-43d2-a9c4-cdf417aaef37','77453fa6-cc68-11e7-b012-94de807a9669','Fashion'),('cefacced-cc86-11e7-b012-94de807a9669','38bf1e48-10d1-43d2-a9c4-cdf417aaef37','e0bcd771-cc68-11e7-b012-94de807a9669','fcae6055-cbcf-11e7-97a3-94de807a9669'),('cefb228b-cc86-11e7-b012-94de807a9669','38bf1e48-10d1-43d2-a9c4-cdf417aaef37','e0bcd771-cc68-11e7-b012-94de807a9669','fcb5c185-cbcf-11e7-97a3-94de807a9669'),('cefba459-cc86-11e7-b012-94de807a9669','38bf1e48-10d1-43d2-a9c4-cdf417aaef37','e0bcd771-cc68-11e7-b012-94de807a9669','fcd7dc6a-cbcf-11e7-97a3-94de807a9669'),('cefbe8f7-cc86-11e7-b012-94de807a9669','38bf1e48-10d1-43d2-a9c4-cdf417aaef37','e0bcd771-cc68-11e7-b012-94de807a9669','fcce6802-cbcf-11e7-97a3-94de807a9669'),('cefc78b0-d9e5-11e7-98e7-94de807a9669','62933f0a-d9e5-11e7-98e7-94de807a9669','981076e8-d465-11e7-bdec-94de807a9669','20.10.2017'),('cefddaea-d9e5-11e7-98e7-94de807a9669','62933f0a-d9e5-11e7-98e7-94de807a9669','e7fed6d6-d465-11e7-bdec-94de807a9669','ADMINISTRATOR'),('cefddea7-d9e5-11e7-98e7-94de807a9669','62933f0a-d9e5-11e7-98e7-94de807a9669','fd8fc8a5-cbcf-11e7-97a3-94de807a9669','4'),('cefdfd43-d9e5-11e7-98e7-94de807a9669','62933f0a-d9e5-11e7-98e7-94de807a9669','fd93b41b-cbcf-11e7-97a3-94de807a9669','Реентович Василий'),('cefdfebe-d9e5-11e7-98e7-94de807a9669','62933f0a-d9e5-11e7-98e7-94de807a9669','fd97346f-cbcf-11e7-97a3-94de807a9669','М'),('cefdffdc-d9e5-11e7-98e7-94de807a9669','62933f0a-d9e5-11e7-98e7-94de807a9669','fd9c98fa-cbcf-11e7-97a3-94de807a9669','+375291945253'),('cefe00d1-d9e5-11e7-98e7-94de807a9669','62933f0a-d9e5-11e7-98e7-94de807a9669','fda0bbe9-cbcf-11e7-97a3-94de807a9669','24.10.1997'),('cefe01c2-d9e5-11e7-98e7-94de807a9669','62933f0a-d9e5-11e7-98e7-94de807a9669','fda621dc-cbcf-11e7-97a3-94de807a9669','scorpionjeka@gmail.com'),('cf03101f-d9e5-11e7-98e7-94de807a9669','62933f0a-d9e5-11e7-98e7-94de807a9669','fdad14d4-cbcf-11e7-97a3-94de807a9669','Минск2'),('cfacf6f4-cc8a-11e7-b012-94de807a9669','f12c42ef-9a37-4479-b829-78c18e25ef77','861212ce-cc68-11e7-b012-94de807a9669','TRACTORS_AND_AGRICULTURAL_MACHINERY'),('cfb7c3a9-cc8a-11e7-b012-94de807a9669','f12c42ef-9a37-4479-b829-78c18e25ef77','77453fa6-cc68-11e7-b012-94de807a9669','Auto'),('cfb7fcd3-cc8a-11e7-b012-94de807a9669','f12c42ef-9a37-4479-b829-78c18e25ef77','e0bcd771-cc68-11e7-b012-94de807a9669','fcdbbf28-cbcf-11e7-97a3-94de807a9669'),('cfb829b0-cc8a-11e7-b012-94de807a9669','f12c42ef-9a37-4479-b829-78c18e25ef77','e0bcd771-cc68-11e7-b012-94de807a9669','fd50b9f6-cbcf-11e7-97a3-94de807a9669'),('cfb85b44-cc8a-11e7-b012-94de807a9669','f12c42ef-9a37-4479-b829-78c18e25ef77','e0bcd771-cc68-11e7-b012-94de807a9669','fcae6055-cbcf-11e7-97a3-94de807a9669'),('d13a2e47-2e1d-49f6-9fd1-13d32edc8d82','74bab1e7-61df-4cfb-a783-c9d0d18bdb93','fd80811d-cbcf-11e7-97a3-94de807a9669','15000$'),('d1dd9df4-deae-11e7-a788-94de807a9669','95ba62d0-ca5f-4171-b18e-55f50642255b','7193182c-d466-11e7-bdec-94de807a9669','Стильный, модный, молодежный.'),('d236c576-c093-4316-af80-53882101576e','06276637-0c12-4fc7-aebe-fc71f52af13c','526b1cd0-d466-11e7-bdec-94de807a9669','Носки'),('d4691fc9-d90a-4a67-a9af-f1865ec3bce4','06276637-0c12-4fc7-aebe-fc71f52af13c','fd8c09c4-cbcf-11e7-97a3-94de807a9669','Fashion'),('d4824ccf-85f6-48bd-acc2-b23e4e711882','700cc321-b396-4397-bc48-4e98a4717f32','4c360ca4-d466-11e7-bdec-94de807a9669','MODERATION'),('d62c6c27-1380-4d46-b861-8e9ce0ac409a','700cc321-b396-4397-bc48-4e98a4717f32','02b0d542-d467-11e7-bdec-94de807a9669','05.12.2017'),('dca94147-4478-4913-87e6-0c6d13cdf53f','95ba62d0-ca5f-4171-b18e-55f50642255b','526b1cd0-d466-11e7-bdec-94de807a9669','LG G2 mini'),('e164f372-cc8b-11e7-b012-94de807a9669','ed8267ac-a12c-4c88-8c5f-c9fe41218de4','861212ce-cc68-11e7-b012-94de807a9669','GARDEN_MACHINERY_AND_EQUIPMENT'),('e1653a5e-cc8b-11e7-b012-94de807a9669','ed8267ac-a12c-4c88-8c5f-c9fe41218de4','77453fa6-cc68-11e7-b012-94de807a9669','Garden'),('e1657ed3-cc8b-11e7-b012-94de807a9669','ed8267ac-a12c-4c88-8c5f-c9fe41218de4','e0bcd771-cc68-11e7-b012-94de807a9669','fcdbbf28-cbcf-11e7-97a3-94de807a9669'),('e1661e13-cc8b-11e7-b012-94de807a9669','ed8267ac-a12c-4c88-8c5f-c9fe41218de4','e0bcd771-cc68-11e7-b012-94de807a9669','fcae6055-cbcf-11e7-97a3-94de807a9669'),('e1665aa5-cc8b-11e7-b012-94de807a9669','ed8267ac-a12c-4c88-8c5f-c9fe41218de4','e0bcd771-cc68-11e7-b012-94de807a9669','fd74ca4d-cbcf-11e7-97a3-94de807a9669'),('e48c2350-f650-4dcf-8f7d-ea35b2572572','06276637-0c12-4fc7-aebe-fc71f52af13c','fcb5c185-cbcf-11e7-97a3-94de807a9669','Круглый год'),('e7cd9b58-06eb-46a3-bdc2-d9be47e3ce12','06276637-0c12-4fc7-aebe-fc71f52af13c','fcae6055-cbcf-11e7-97a3-94de807a9669','Чистые'),('e9bbbf4f-fa89-40f7-904a-26424e4ed0d7','95ba62d0-ca5f-4171-b18e-55f50642255b','fd846366-cbcf-11e7-97a3-94de807a9669','DarmentUser'),('e9edf144-deae-11e7-a788-94de807a9669','a89cd4e1-6be3-475e-b020-1d01feb4972f','7193182c-d466-11e7-bdec-94de807a9669','Немецкая классика'),('ebfe7274-295a-4f81-904b-0b8749b447f6','95ba62d0-ca5f-4171-b18e-55f50642255b','fcdbbf28-cbcf-11e7-97a3-94de807a9669','Обычный'),('ec39cc70-cc8a-11e7-b012-94de807a9669','b16fb76e-2168-4601-88f5-3d1085228095','861212ce-cc68-11e7-b012-94de807a9669','TIRES_AND_WHEELS'),('ec3a0c51-cc8a-11e7-b012-94de807a9669','b16fb76e-2168-4601-88f5-3d1085228095','77453fa6-cc68-11e7-b012-94de807a9669','Auto'),('ec3a41da-cc8a-11e7-b012-94de807a9669','b16fb76e-2168-4601-88f5-3d1085228095','e0bcd771-cc68-11e7-b012-94de807a9669','fcdbbf28-cbcf-11e7-97a3-94de807a9669'),('ec3ad11e-cc8a-11e7-b012-94de807a9669','b16fb76e-2168-4601-88f5-3d1085228095','e0bcd771-cc68-11e7-b012-94de807a9669','fcae6055-cbcf-11e7-97a3-94de807a9669'),('ec3b825c-cc8a-11e7-b012-94de807a9669','b16fb76e-2168-4601-88f5-3d1085228095','e0bcd771-cc68-11e7-b012-94de807a9669','fd610ef4-cbcf-11e7-97a3-94de807a9669'),('ed78ce26-497d-4d1e-9dca-f84d7df8db11','74bab1e7-61df-4cfb-a783-c9d0d18bdb93','fd5400b1-cbcf-11e7-97a3-94de807a9669','1500 км'),('ee9f7911-b98f-49f5-a8e0-943802e48e73','700cc321-b396-4397-bc48-4e98a4717f32','fd377038-cbcf-11e7-97a3-94de807a9669','Apple'),('f3b8189b-cc8b-11e7-b012-94de807a9669','22a32eaa-b0ba-4aa7-bd4a-b35c5ec40874','861212ce-cc68-11e7-b012-94de807a9669','GARDEN_FURNITURE_AND_BARBECUES'),('f3b8f6fe-cc8b-11e7-b012-94de807a9669','22a32eaa-b0ba-4aa7-bd4a-b35c5ec40874','77453fa6-cc68-11e7-b012-94de807a9669','Garden'),('f3b933a6-cc8b-11e7-b012-94de807a9669','22a32eaa-b0ba-4aa7-bd4a-b35c5ec40874','e0bcd771-cc68-11e7-b012-94de807a9669','fcdbbf28-cbcf-11e7-97a3-94de807a9669'),('f3b970eb-cc8b-11e7-b012-94de807a9669','22a32eaa-b0ba-4aa7-bd4a-b35c5ec40874','e0bcd771-cc68-11e7-b012-94de807a9669','fcae6055-cbcf-11e7-97a3-94de807a9669'),('f57fef34-3139-4610-80b9-46693de69b3b','a89cd4e1-6be3-475e-b020-1d01feb4972f','4c360ca4-d466-11e7-bdec-94de807a9669','MODERATION'),('f5b7d36d-cc86-11e7-b012-94de807a9669','bb65c20c-7241-4aef-b211-9698769c17d5','861212ce-cc68-11e7-b012-94de807a9669','COSMETICS_AND_PERFUMERY'),('f5b96c51-cc86-11e7-b012-94de807a9669','bb65c20c-7241-4aef-b211-9698769c17d5','77453fa6-cc68-11e7-b012-94de807a9669','Fashion'),('f5b99f15-cc86-11e7-b012-94de807a9669','bb65c20c-7241-4aef-b211-9698769c17d5','e0bcd771-cc68-11e7-b012-94de807a9669','fcae6055-cbcf-11e7-97a3-94de807a9669'),('f5b9ef33-cc86-11e7-b012-94de807a9669','bb65c20c-7241-4aef-b211-9698769c17d5','e0bcd771-cc68-11e7-b012-94de807a9669','fcdbbf28-cbcf-11e7-97a3-94de807a9669'),('f81541a6-d9e6-11e7-98e7-94de807a9669','9441d605-d9e6-11e7-98e7-94de807a9669','03de98c9-d466-11e7-bdec-94de807a9669','22'),('f8154687-d9e6-11e7-98e7-94de807a9669','9441d605-d9e6-11e7-98e7-94de807a9669','981076e8-d465-11e7-bdec-94de807a9669','01.10.2017'),('f81547af-d9e6-11e7-98e7-94de807a9669','9441d605-d9e6-11e7-98e7-94de807a9669','e7fed6d6-d465-11e7-bdec-94de807a9669','UNBLOCKED'),('f8154b93-d9e6-11e7-98e7-94de807a9669','9441d605-d9e6-11e7-98e7-94de807a9669','fd8fc8a5-cbcf-11e7-97a3-94de807a9669','6'),('f8154cbd-d9e6-11e7-98e7-94de807a9669','9441d605-d9e6-11e7-98e7-94de807a9669','fd93b41b-cbcf-11e7-97a3-94de807a9669','Плеханова Татьяна'),('f8154df1-d9e6-11e7-98e7-94de807a9669','9441d605-d9e6-11e7-98e7-94de807a9669','fd97346f-cbcf-11e7-97a3-94de807a9669','Ж'),('f8171771-d9e6-11e7-98e7-94de807a9669','9441d605-d9e6-11e7-98e7-94de807a9669','fd9c98fa-cbcf-11e7-97a3-94de807a9669','+375292719327'),('f8171a2c-d9e6-11e7-98e7-94de807a9669','9441d605-d9e6-11e7-98e7-94de807a9669','fda0bbe9-cbcf-11e7-97a3-94de807a9669','18.04.1990'),('f81d412c-d9e6-11e7-98e7-94de807a9669','9441d605-d9e6-11e7-98e7-94de807a9669','fda621dc-cbcf-11e7-97a3-94de807a9669','tanya@mail.ru'),('f81d4b81-d9e6-11e7-98e7-94de807a9669','9441d605-d9e6-11e7-98e7-94de807a9669','fdad14d4-cbcf-11e7-97a3-94de807a9669','Гомель'),('fa6a96fe-cc89-11e7-b012-94de807a9669','ff98b836-133c-4000-ad24-5376155822ae','861212ce-cc68-11e7-b012-94de807a9669','COMPUTER_AND_ACCESSORIES'),('fa6adec7-cc89-11e7-b012-94de807a9669','ff98b836-133c-4000-ad24-5376155822ae','77453fa6-cc68-11e7-b012-94de807a9669','Technics'),('fa6b35ac-cc89-11e7-b012-94de807a9669','ff98b836-133c-4000-ad24-5376155822ae','e0bcd771-cc68-11e7-b012-94de807a9669','fcae6055-cbcf-11e7-97a3-94de807a9669'),('fa6bd315-cc89-11e7-b012-94de807a9669','ff98b836-133c-4000-ad24-5376155822ae','e0bcd771-cc68-11e7-b012-94de807a9669','fcdbbf28-cbcf-11e7-97a3-94de807a9669'),('fa6c4e42-cc89-11e7-b012-94de807a9669','ff98b836-133c-4000-ad24-5376155822ae','e0bcd771-cc68-11e7-b012-94de807a9669','fd2e13d9-cbcf-11e7-97a3-94de807a9669'),('fa74f716-cc89-11e7-b012-94de807a9669','ff98b836-133c-4000-ad24-5376155822ae','e0bcd771-cc68-11e7-b012-94de807a9669','fd31202e-cbcf-11e7-97a3-94de807a9669'),('fa7570bd-cc89-11e7-b012-94de807a9669','ff98b836-133c-4000-ad24-5376155822ae','e0bcd771-cc68-11e7-b012-94de807a9669','d27a0f1-cbcf-11e7-97a3-94de807a9669'),('fa75ad89-cc89-11e7-b012-94de807a9669','ff98b836-133c-4000-ad24-5376155822ae','e0bcd771-cc68-11e7-b012-94de807a9669','fd343389-cbcf-11e7-97a3-94de807a9669'),('fccbdcc7-94a9-4139-bc2f-d1a5057ec82d','74bab1e7-61df-4cfb-a783-c9d0d18bdb93','fd5a585b-cbcf-11e7-97a3-94de807a9669','Бензин'),('fde2d163-cc8a-11e7-b012-94de807a9669','a8a7eba9-0cef-4499-864d-56c3bb92724c','861212ce-cc68-11e7-b012-94de807a9669','SPARE_PARTS'),('fde39e81-cc8a-11e7-b012-94de807a9669','a8a7eba9-0cef-4499-864d-56c3bb92724c','77453fa6-cc68-11e7-b012-94de807a9669','Auto'),('fde3f2be-cc8a-11e7-b012-94de807a9669','a8a7eba9-0cef-4499-864d-56c3bb92724c','e0bcd771-cc68-11e7-b012-94de807a9669','fcdbbf28-cbcf-11e7-97a3-94de807a9669'),('fde447e3-cc8a-11e7-b012-94de807a9669','a8a7eba9-0cef-4499-864d-56c3bb92724c','e0bcd771-cc68-11e7-b012-94de807a9669','fcae6055-cbcf-11e7-97a3-94de807a9669'),('ff1ab5a4-cc85-11e7-b012-94de807a9669','5ff5c43f-7551-4271-b699-d2aa9df82418','861212ce-cc68-11e7-b012-94de807a9669','WOMEN_CLOTHING'),('ff1c562a-cc85-11e7-b012-94de807a9669','5ff5c43f-7551-4271-b699-d2aa9df82418','77453fa6-cc68-11e7-b012-94de807a9669','Fashion'),('ff1ca73d-cc85-11e7-b012-94de807a9669','5ff5c43f-7551-4271-b699-d2aa9df82418','e0bcd771-cc68-11e7-b012-94de807a9669','fcae6055-cbcf-11e7-97a3-94de807a9669'),('ff1d292a-cc85-11e7-b012-94de807a9669','5ff5c43f-7551-4271-b699-d2aa9df82418','e0bcd771-cc68-11e7-b012-94de807a9669','fcb5c185-cbcf-11e7-97a3-94de807a9669'),('ff1d747a-cc85-11e7-b012-94de807a9669','5ff5c43f-7551-4271-b699-d2aa9df82418','e0bcd771-cc68-11e7-b012-94de807a9669','fcbcd3df-cbcf-11e7-97a3-94de807a9669'),('ff1dae49-cc85-11e7-b012-94de807a9669','5ff5c43f-7551-4271-b699-d2aa9df82418','e0bcd771-cc68-11e7-b012-94de807a9669','fcce6802-cbcf-11e7-97a3-94de807a9669'),('ff3f19f1-2417-4bb0-9a84-4ef68996c61d','a89cd4e1-6be3-475e-b020-1d01feb4972f','fd87f935-cbcf-11e7-97a3-94de807a9669','CARS');
/*!40000 ALTER TABLE `values_table` ENABLE KEYS */;
UNLOCK TABLES;
/*!40103 SET TIME_ZONE=@OLD_TIME_ZONE */;

/*!40101 SET SQL_MODE=@OLD_SQL_MODE */;
/*!40014 SET FOREIGN_KEY_CHECKS=@OLD_FOREIGN_KEY_CHECKS */;
/*!40014 SET UNIQUE_CHECKS=@OLD_UNIQUE_CHECKS */;
/*!40101 SET CHARACTER_SET_CLIENT=@OLD_CHARACTER_SET_CLIENT */;
/*!40101 SET CHARACTER_SET_RESULTS=@OLD_CHARACTER_SET_RESULTS */;
/*!40101 SET COLLATION_CONNECTION=@OLD_COLLATION_CONNECTION */;
/*!40111 SET SQL_NOTES=@OLD_SQL_NOTES */;

-- Dump completed on 2017-12-11 22:10:42
